t,paddle,ball
75,-0.017064,1.2848
75.02,-0.024531,1.32
75.04,-0.031334,1.3507
75.06,-0.039353,1.378
75.08,-0.046142,1.4011
75.1,-0.053094,1.4206
75.12,-0.060778,1.4362
75.14,-0.068071,1.4477
75.16,-0.075633,1.4552
75.18,-0.082471,1.4589
75.2,-0.088941,1.4587
75.22,-0.094987,1.4545
75.24,-0.10066,1.4463
75.26,-0.10574,1.4345
75.28,-0.11013,1.4186
75.3,-0.1142,1.3986
75.32,-0.11722,1.3749
75.34,-0.11988,1.3471
75.36,-0.12199,1.3155
75.38,-0.12293,1.2804
75.4,-0.12385,1.2406
75.42,-0.1279,1.1968
75.44,-0.13304,1.1496
75.46,-0.13322,1.0987
75.48,-0.13003,1.0435
75.5,-0.12693,0.98442
75.52,-0.12225,0.92124
75.54,-0.1151,0.8546
75.56,-0.10601,0.78366
75.58,-0.095756,0.70829
75.6,-0.086888,0.62941
75.62,-0.076989,0.547
75.64,-0.06778,0.46094
75.66,-0.056368,0.37044
75.68,-0.04258,0.27469
75.7,-0.028443,0.17832
75.72,-0.013537,0.075675
75.74,0.0012254,0.10464
75.76,0.015772,0.20262
75.78,0.028898,0.29268
75.8,0.039936,0.38275
75.82,0.049342,0.46628
75.84,0.05637,0.54608
75.86,0.060562,0.6217
75.88,0.061742,0.69558
75.9,0.061103,0.76303
75.92,0.05826,0.82786
75.94,0.053387,0.88874
75.96,0.045252,0.9453
75.98,0.036404,0.99858
76,0.025659,1.0475
76.02,0.014794,1.0922
76.04,0.0049181,1.1334
76.06,-0.0042042,1.1703
76.08,-0.011804,1.2036
76.1,-0.018014,1.2332
76.12,-0.022902,1.2583
76.14,-0.030098,1.2798
76.16,-0.036486,1.2974
76.18,-0.0436,1.311
76.2,-0.051038,1.3208
76.22,-0.057779,1.3264
76.24,-0.063971,1.3283
76.26,-0.070708,1.3263
76.28,-0.076651,1.3203
76.3,-0.082221,1.3105
76.32,-0.08757,1.2966
76.34,-0.092673,1.2787
76.36,-0.097136,1.2572
76.38,-0.10172,1.2316
76.4,-0.1039,1.2018
76.42,-0.10552,1.1687
76.44,-0.10583,1.131
76.46,-0.1061,1.0897
76.48,-0.10571,1.0458
76.5,-0.10435,0.9963
76.52,-0.10256,0.94262
76.54,-0.099407,0.88563
76.56,-0.095847,0.82461
76.58,-0.091233,0.75987
76.6,-0.086245,0.69136
76.62,-0.079266,0.61831
76.64,-0.072106,0.54197
76.66,-0.063794,0.461
76.68,-0.055454,0.3766
76.7,-0.046319,0.28841
76.72,-0.037306,0.19634
76.74,-0.026797,0.10059
76.76,-0.018257,0.039977
76.78,-0.0084702,0.13034
76.8,0.0017749,0.21396
76.82,0.0107,0.29547
76.84,0.020007,0.37238
76.86,0.028198,0.44568
76.88,0.033656,0.51516
76.9,0.037499,0.58134
76.92,0.039813,0.64162
76.94,0.039731,0.69829
76.96,0.039257,0.75364
76.98,0.037576,0.80297
77,0.032633,0.84879
77.02,0.026534,0.89087
77.04,0.018836,0.92889
77.06,0.01023,0.96308
77.08,0.0019945,0.9927
77.1,-0.0061661,1.0188
77.12,-0.011779,1.0412
77.14,-0.016862,1.0596
77.16,-0.020406,1.074
77.18,-0.024511,1.0845
77.2,-0.028629,1.091
77.22,-0.034282,1.0937
77.24,-0.040111,1.0924
77.26,-0.04579,1.0873
77.28,-0.050523,1.0781
77.3,-0.05426,1.065
77.32,-0.057478,1.0481
77.34,-0.058503,1.0272
77.36,-0.060159,1.0024
77.38,-0.061682,0.97352
77.4,-0.062392,0.94098
77.42,-0.062582,0.90442
77.44,-0.062244,0.86356
77.46,-0.062355,0.81942
77.48,-0.061943,0.77102
77.5,-0.060906,0.71919
77.52,-0.058922,0.66238
77.54,-0.055939,0.60278
77.56,-0.051546,0.53851
77.58,-0.047101,0.4698
77.6,-0.039863,0.39849
77.62,-0.032273,0.32269
77.64,-0.022839,0.2424
77.66,-0.012391,0.15978
77.68,-0.0010555,0.071448
77.7,0.011529,0.11234
77.72,0.023945,0.19292
77.74,0.036913,0.27021
77.76,0.049118,0.34265
77.78,0.060129,0.41239
77.8,0.068858,0.47756
77.82,0.075514,0.53865
77.84,0.07669,0.59575
77.86,0.075754,0.64932
77.88,0.071911,0.69922
77.9,0.063223,0.74452
77.92,0.052395,0.78577
77.94,0.038851,0.82407
77.96,0.026469,0.85771
77.98,0.01589,0.88749
78,0.0071853,0.91351
78.02,0.0010642,0.93546
78.04,-0.0038108,0.95379
78.06,-0.0078509,0.96769
78.08,-0.012661,0.97791
78.1,-0.017615,0.98418
78.12,-0.022431,0.98671
78.14,-0.029794,0.98528
78.16,-0.035473,0.9798
78.18,-0.041353,0.97047
78.2,-0.046402,0.95713
78.22,-0.049784,0.94029
78.24,-0.054135,0.91887
78.26,-0.059313,0.89369
78.28,-0.064873,0.86493
78.3,-0.07072,0.83201
78.32,-0.076064,0.79488
78.34,-0.081067,0.75425
78.36,-0.082982,0.70929
78.38,-0.083662,0.66066
78.4,-0.08159,0.6087
78.42,-0.078952,0.55225
78.44,-0.072999,0.49181
78.46,-0.065044,0.42746
78.48,-0.05598,0.35898
78.5,-0.04607,0.2873
78.52,-0.034627,0.21036
78.54,-0.022223,0.1297
78.56,-0.011522,0.04733
78.58,-0.0011654,0.10414
78.6,0.011364,0.18352
78.62,0.02412,0.258
78.64,0.035195,0.32864
78.66,0.043595,0.39527
78.68,0.048174,0.45963
78.7,0.048315,0.51783
78.72,0.046353,0.57336
78.74,0.042357,0.62349
78.76,0.036587,0.67201
78.78,0.028613,0.71479
78.8,0.019136,0.75377
78.82,0.008501,0.78986
78.84,-0.0023481,0.82176
78.86,-0.01306,0.84948
78.88,-0.021272,0.87306
78.9,-0.02985,0.89281
78.92,-0.037709,0.90886
78.94,-0.045745,0.92095
78.96,-0.057145,0.92891
78.98,-0.068482,0.93319
79,-0.073968,0.93341
79.02,-0.079731,0.92977
79.04,-0.085594,0.92233
79.06,-0.088715,0.91064
79.08,-0.091754,0.89519
79.1,-0.094395,0.87563
79.12,-0.096265,0.8523
79.14,-0.097303,0.82507
79.16,-0.09704,0.79415
79.18,-0.09615,0.75911
79.2,-0.094269,0.72026
79.22,-0.090885,0.67709
79.24,-0.086042,0.63011
79.26,-0.078679,0.57974
79.28,-0.070286,0.5249
79.3,-0.060439,0.46621
79.32,-0.04874,0.403
79.34,-0.036799,0.33611
79.36,-0.021955,0.26712
79.38,-0.0082982,0.19279
79.4,0.0055469,0.11503
79.42,0.020479,0.10417
79.44,0.035415,0.18128
79.46,0.04951,0.25509
79.48,0.060952,0.32434
79.5,0.069907,0.3897
79.52,0.072218,0.45102
79.54,0.071773,0.50964
79.56,0.069251,0.56252
79.58,0.06087,0.6127
79.6,0.050215,0.65831
79.62,0.037532,0.70055
79.64,0.02356,0.73815
79.66,0.010187,0.77239
79.68,-0.0019847,0.80253
79.7,-0.012344,0.8287
79.72,-0.021773,0.85092
79.74,-0.030155,0.86918
79.76,-0.037934,0.88365
79.78,-0.045905,0.89426
79.8,-0.053391,0.90082
79.82,-0.060014,0.90351
79.84,-0.066806,0.9023
79.86,-0.073308,0.89707
79.88,-0.078716,0.88799
79.9,-0.084267,0.87503
79.92,-0.088774,0.85807
79.94,-0.091914,0.8377
79.96,-0.094524,0.81214
79.98,-0.095409,0.78363
80,-0.095938,0.75133
80.02,-0.096052,0.71432
80.04,-0.09507,0.6743
80.06,-0.092298,0.62968
80.08,-0.088206,0.58025
80.1,-0.08165,0.52913
80.12,-0.072622,0.47292
80.14,-0.061634,0.41255
80.16,-0.050604,0.34927
80.18,-0.039169,0.2803
80.2,-0.025536,0.20925
80.22,-0.012273,0.13314
80.24,0.0013371,0.053977
80.26,0.014319,0.12766
80.28,0.02718,0.20256
80.3,0.039815,0.27367
80.32,0.051895,0.34042
80.34,0.062165,0.40257
80.36,0.068094,0.4629
80.38,0.070142,0.51836
80.4,0.069694,0.56978
80.42,0.066695,0.61725
80.44,0.060938,0.66069
80.46,0.053915,0.70029
80.48,0.044588,0.73594
80.5,0.034845,0.76781
80.52,0.024762,0.79577
80.54,0.013837,0.81957
80.56,0.0038404,0.83959
80.58,-0.0066354,0.85579
80.6,-0.015711,0.86792
80.62,-0.024233,0.87617
80.64,-0.03285,0.88052
80.66,-0.041969,0.8809
80.68,-0.050796,0.87739
80.7,-0.058549,0.86991
80.72,-0.066248,0.85862
80.74,-0.072634,0.84343
80.76,-0.078466,0.82408
80.78,-0.08356,0.8006
80.8,-0.087841,0.77377
80.82,-0.088492,0.74342
80.84,-0.090836,0.70802
80.86,-0.092,0.66901
80.88,-0.092165,0.62629
80.9,-0.091068,0.57978
80.92,-0.089153,0.52919
80.94,-0.083424,0.47452
80.96,-0.075177,0.41572
80.98,-0.066753,0.3542
81,-0.056668,0.28742
81.02,-0.044709,0.21702
81.04,-0.032878,0.1432
81.06,-0.018527,0.064911
81.08,-0.0036785,0.073668
81.1,0.011374,0.15055
81.12,0.026008,0.22379
81.14,0.040011,0.29226
81.16,0.054364,0.35722
81.18,0.06871,0.41949
81.2,0.078461,0.47662
81.22,0.087241,0.53013
81.24,0.089779,0.57967
81.26,0.090163,0.62567
81.28,0.089357,0.66805
81.3,0.084917,0.70545
81.32,0.078539,0.73945
81.34,0.070716,0.76948
81.36,0.060986,0.79546
81.38,0.050465,0.81765
81.4,0.039024,0.83601
81.42,0.028292,0.8504
81.44,0.016778,0.86086
81.46,0.0058113,0.86732
81.48,-0.0055374,0.86991
81.5,-0.018829,0.86856
81.52,-0.036295,0.8633
81.54,-0.048808,0.85406
81.56,-0.056164,0.84104
81.58,-0.062895,0.82389
81.6,-0.06939,0.80266
81.62,-0.07384,0.77789
81.64,-0.076246,0.74926
81.66,-0.078297,0.71722
81.68,-0.079718,0.67973
81.7,-0.079804,0.63916
81.72,-0.077815,0.59515
81.74,-0.074325,0.54623
81.76,-0.069152,0.49361
81.78,-0.06151,0.43777
81.8,-0.053122,0.37751
81.82,-0.042762,0.31373
81.84,-0.029491,0.2453
81.86,-0.01763,0.17351
81.88,-0.0043593,0.09681
81.9,0.0089369,0.085198
81.92,0.023435,0.15982
81.94,0.038274,0.22934
81.96,0.051824,0.29594
81.98,0.064947,0.35712
82,0.077529,0.41589
82.02,0.089155,0.46918
82.04,0.094617,0.5198
82.06,0.098766,0.56665
82.08,0.099103,0.60905
82.1,0.096982,0.64768
82.12,0.092288,0.68244
82.14,0.085229,0.71306
82.16,0.07496,0.73994
82.18,0.062791,0.7629
82.2,0.048458,0.78179
82.22,0.034745,0.79694
82.24,0.021188,0.80803
82.26,0.0081739,0.81522
82.28,-0.0033262,0.81853
82.3,-0.013432,0.81793
82.32,-0.023287,0.81333
82.34,-0.033048,0.8049
82.36,-0.042406,0.79246
82.38,-0.051594,0.77595
82.4,-0.059611,0.75579
82.42,-0.066089,0.73174
82.44,-0.071859,0.70366
82.46,-0.076571,0.6718
82.48,-0.081637,0.63562
82.5,-0.083719,0.59589
82.52,-0.085491,0.55222
82.54,-0.087378,0.50442
82.56,-0.084328,0.45262
82.58,-0.081314,0.3971
82.6,-0.078601,0.33772
82.62,-0.071937,0.27394
82.64,-0.064537,0.20683
82.66,-0.052282,0.13599
82.68,-0.040678,0.060554
82.7,-0.024132,0.036931
82.72,-0.0057387,0.11771
82.74,0.010164,0.19461
82.76,0.026214,0.26757
82.78,0.041835,0.33531
82.8,0.055315,0.3995
82.82,0.064234,0.46115
82.84,0.067506,0.51841
82.86,0.066466,0.57048
82.88,0.061324,0.61986
82.9,0.051964,0.66434
82.92,0.040939,0.70602
82.94,0.028432,0.74309
82.96,0.016127,0.77618
82.98,0.0050029,0.80591
83,-0.0050327,0.83119
83.02,-0.013593,0.85269
83.04,-0.021382,0.87021
83.06,-0.02839,0.8842
83.08,-0.037472,0.89384
83.1,-0.046643,0.89967
83.12,-0.056475,0.90156
83.14,-0.065519,0.89958
83.16,-0.076165,0.89354
83.18,-0.086195,0.8836
83.2,-0.095487,0.86998
83.22,-0.10559,0.85213
83.24,-0.11429,0.83021
83.26,-0.12123,0.80578
83.28,-0.12695,0.77529
83.3,-0.1309,0.74214
83.32,-0.1319,0.70496
83.34,-0.13188,0.66375
83.36,-0.13116,0.61891
83.38,-0.12912,0.56959
83.4,-0.12435,0.51623
83.42,-0.11602,0.46034
83.44,-0.10321,0.39862
83.46,-0.088297,0.3335
83.48,-0.070359,0.2649
83.5,-0.051673,0.19219
83.52,-0.033256,0.11574
83.54,-0.013571,0.035409
83.56,0.0042879,0.11536
83.58,0.021851,0.19822
83.6,0.037869,0.2765
83.62,0.055237,0.35273
83.64,0.072515,0.42314
83.66,0.086612,0.48962
83.68,0.096388,0.5542
83.7,0.10241,0.61304
83.72,0.10246,0.66886
83.74,0.098548,0.7199
83.76,0.091237,0.76713
83.78,0.08215,0.81054
83.8,0.067867,0.85049
83.82,0.054782,0.88617
83.84,0.041554,0.918
83.86,0.027699,0.94573
83.88,0.013914,0.96983
83.9,0.0015522,0.98972
83.92,-0.011068,1.0058
83.94,-0.024418,1.0179
83.96,-0.036488,1.0262
83.98,-0.051448,1.0305
84,-0.065416,1.031
84.02,-0.078227,1.0274
84.04,-0.091509,1.02
84.06,-0.10522,1.0087
84.08,-0.12426,0.99344
84.1,-0.13724,0.97419
84.12,-0.14159,0.95132
84.14,-0.14433,0.92381
84.16,-0.14542,0.89286
84.18,-0.14394,0.85768
84.2,-0.14011,0.81938
84.22,-0.13633,0.77642
84.24,-0.13228,0.72968
84.26,-0.12667,0.67928
84.28,-0.11814,0.62412
84.3,-0.10664,0.5656
84.32,-0.092901,0.505
84.34,-0.077786,0.43729
84.36,-0.061756,0.36769
84.38,-0.045278,0.29215
84.4,-0.025993,0.21563
84.42,-0.0090649,0.13357
84.44,0.0082441,0.058292
84.46,0.023938,0.14369
84.48,0.039666,0.22573
84.5,0.057315,0.30415
84.52,0.074549,0.37781
84.54,0.089535,0.44834
84.56,0.10028,0.51504
84.58,0.10685,0.5772
84.6,0.10805,0.63538
84.62,0.10508,0.69049
84.64,0.098616,0.74162
84.66,0.087664,0.78784
84.68,0.073206,0.82998
84.7,0.057472,0.86856
84.72,0.042302,0.90357
84.74,0.028062,0.93441
84.76,0.014316,0.962
84.78,0.0036771,0.98474
84.8,-0.0076425,1.0036
84.82,-0.017661,1.0192
84.84,-0.027466,1.0303
84.86,-0.036394,1.0378
84.88,-0.04739,1.0413
84.9,-0.055192,1.0409
84.92,-0.061133,1.0364
84.94,-0.066117,1.0283
84.96,-0.069729,1.016
84.98,-0.071223,0.99997
85,-0.071721,0.97999
85.02,-0.072607,0.95607
85.04,-0.072154,0.92809
85.06,-0.071345,0.89629
85.08,-0.070479,0.86007
85.1,-0.068388,0.82088
85.12,-0.064456,0.77741
85.14,-0.060299,0.7297
85.16,-0.054646,0.67816
85.18,-0.046826,0.62343
85.2,-0.036003,0.56342
85.22,-0.023809,0.50111
85.24,-0.012164,0.43391
85.26,0.0028334,0.36231
85.28,0.018076,0.2876
85.3,0.032411,0.20854
85.32,0.044994,0.12528
85.34,0.058954,0.17733
85.36,0.072108,0.25394
85.38,0.085103,0.32576
85.4,0.094983,0.39457
85.42,0.10211,0.46082
85.44,0.10457,0.52011
85.46,0.10262,0.57836
85.48,0.09785,0.63093
85.5,0.090406,0.68025
85.52,0.078382,0.72637
85.54,0.0644,0.76729
85.56,0.050417,0.80455
85.58,0.035181,0.83841
85.6,0.018785,0.86809
85.62,-0.0039086,0.89368
85.64,-0.020113,0.91559
85.66,-0.027108,0.93342
85.68,-0.034882,0.94731
85.7,-0.038589,0.95761
85.72,-0.044232,0.96376
85.74,-0.04874,0.96595
85.76,-0.05506,0.96429
85.78,-0.061663,0.9586
85.8,-0.067338,0.94901
85.82,-0.071563,0.93547
85.84,-0.074007,0.91831
85.86,-0.074894,0.89703
85.88,-0.075039,0.87122
85.9,-0.074538,0.84238
85.92,-0.073736,0.80917
85.94,-0.07333,0.77231
85.96,-0.070851,0.73132
85.98,-0.068318,0.68624
86,-0.064448,0.638
86.02,-0.057633,0.58521
86.04,-0.047515,0.52889
86.06,-0.034523,0.46982
86.08,-0.019135,0.40281
86.1,-0.001091,0.3336
86.12,0.018378,0.26242
86.14,0.038125,0.18643
86.16,0.056141,0.12938
86.18,0.071846,0.21408
86.2,0.090922,0.29476
86.22,0.10705,0.37081
86.24,0.12075,0.44164
86.26,0.13124,0.51291
86.28,0.13601,0.57751
86.3,0.13629,0.63812
86.32,0.13326,0.6949
86.34,0.12473,0.74833
86.36,0.1117,0.79728
86.38,0.096894,0.8418
86.4,0.082184,0.88373
86.42,0.0677,0.9213
86.44,0.055729,0.95442
86.46,0.044311,0.98389
86.48,0.034651,1.0095
86.5,0.024649,1.031
86.52,0.013753,1.049
86.54,0.0025557,1.0628
86.56,-0.0095087,1.0728
86.58,-0.021518,1.0786
86.6,-0.032155,1.0807
86.62,-0.043395,1.0788
86.64,-0.054169,1.0729
86.66,-0.062577,1.0633
86.68,-0.068344,1.0496
86.7,-0.073799,1.0324
86.72,-0.077916,1.0102
86.74,-0.081506,0.98522
86.76,-0.082899,0.95554
86.78,-0.084001,0.92238
86.8,-0.084221,0.88606
86.82,-0.082604,0.84395
86.84,-0.079418,0.79912
86.86,-0.073956,0.75006
86.88,-0.066992,0.69752
86.9,-0.059048,0.64096
86.92,-0.050814,0.57995
86.94,-0.041243,0.51516
86.96,-0.029412,0.44645
86.98,-0.015518,0.37563
87,-0.001577,0.29779
87.02,0.012481,0.21858
87.04,0.024781,0.13281
87.06,0.038102,0.13336
87.08,0.052688,0.21461
87.1,0.066378,0.29125
87.12,0.077675,0.36465
87.14,0.085872,0.43429
87.16,0.090167,0.49946
87.18,0.090543,0.56013
87.2,0.089742,0.61819
87.22,0.085062,0.671
87.24,0.078303,0.72052
87.26,0.068776,0.7663
87.28,0.057602,0.80806
87.3,0.043854,0.84492
87.32,0.030597,0.8798
87.34,0.017658,0.90969
87.36,0.0056141,0.93536
87.38,-0.0054808,0.95752
87.4,-0.015374,0.97548
87.42,-0.02492,0.98979
87.44,-0.033503,1.0003
87.46,-0.043349,1.0064
87.48,-0.052334,1.0089
87.5,-0.061036,1.0074
87.52,-0.068812,1.002
87.54,-0.077558,0.99262
87.56,-0.083312,0.97938
87.58,-0.088759,0.96184
87.6,-0.090531,0.94112
87.62,-0.09191,0.91629
87.64,-0.093455,0.88701
87.66,-0.094054,0.85446
87.68,-0.09356,0.81762
87.7,-0.091683,0.77663
87.72,-0.087408,0.73162
87.74,-0.084042,0.68362
87.76,-0.077731,0.63108
87.78,-0.069758,0.57531
87.8,-0.058769,0.51463
87.82,-0.047104,0.45046
87.84,-0.0318,0.38172
87.86,-0.015182,0.30989
87.88,0.0021157,0.23422
87.9,0.020002,0.15313
87.92,0.035602,0.1051
87.94,0.050143,0.18949
87.96,0.067164,0.27064
87.98,0.083151,0.34584
88,0.096978,0.41623
88.02,0.10686,0.48533
88.04,0.11163,0.5471
88.06,0.11263,0.60783
88.08,0.11029,0.66331
88.1,0.10478,0.71583
88.12,0.095796,0.76382
88.14,0.082704,0.80853
88.16,0.069494,0.84804
88.18,0.05689,0.88417
88.2,0.045629,0.91645
88.22,0.035928,0.94531
88.24,0.027767,0.96956
88.26,0.019978,0.99016
88.28,0.012112,1.0069
88.3,0.0039612,1.0195
88.32,-0.0049161,1.0284
88.34,-0.013934,1.0332
88.36,-0.022538,1.0342
88.38,-0.031553,1.0311
88.4,-0.03997,1.0243
88.42,-0.048018,1.0134
88.44,-0.053504,0.99868
88.46,-0.058977,0.98012
88.48,-0.063613,0.95693
88.5,-0.066873,0.93085
88.52,-0.06973,0.90049
88.54,-0.0722,0.86646
88.56,-0.074613,0.82813
88.58,-0.074143,0.78591
88.6,-0.073291,0.7394
88.62,-0.070879,0.68986
88.64,-0.066567,0.63587
88.66,-0.059663,0.57754
88.68,-0.050884,0.5159
88.7,-0.039083,0.45021
88.72,-0.026967,0.38109
88.74,-0.015217,0.30616
88.76,-0.0031324,0.22986
88.78,0.0091329,0.14801
88.8,0.021449,0.084218
88.82,0.03485,0.16672
88.84,0.047771,0.24301
88.86,0.062083,0.31562
88.88,0.07411,0.38602
88.9,0.084002,0.4506
88.92,0.089485,0.51097
88.94,0.091276,0.56982
88.96,0.090708,0.62199
88.98,0.089581,0.6715
89,0.084604,0.71749
89.02,0.078329,0.75864
89.04,0.069268,0.79627
89.06,0.058673,0.82982
89.08,0.045346,0.86008
89.1,0.032731,0.88573
89.12,0.019782,0.9076
89.14,0.007997,0.92585
89.16,-0.0067527,0.9397
89.18,-0.022517,0.94977
89.2,-0.030022,0.9561
89.22,-0.038444,0.95847
89.24,-0.044829,0.95687
89.26,-0.051992,0.95136
89.28,-0.058476,0.94179
89.3,-0.064792,0.92848
89.32,-0.071301,0.91095
89.34,-0.076025,0.89007
89.36,-0.080584,0.86477
89.38,-0.08236,0.83567
89.4,-0.080771,0.80293
89.42,-0.080992,0.7659
89.44,-0.078968,0.72521
89.46,-0.073909,0.68011
89.48,-0.068403,0.63127
89.5,-0.063054,0.57996
89.52,-0.054485,0.5225
89.54,-0.043011,0.46214
89.56,-0.030339,0.39786
89.58,-0.014658,0.32883
89.6,0.003893,0.25557
89.62,0.022027,0.18121
89.64,0.039898,0.10213
89.66,0.056422,0.18069
89.68,0.073363,0.25901
89.7,0.089138,0.33333
89.72,0.10221,0.40295
89.74,0.11278,0.46961
89.76,0.12014,0.53157
89.78,0.12124,0.58953
89.8,0.11998,0.64407
89.82,0.11472,0.69368
89.84,0.10561,0.7409
89.86,0.093065,0.78382
89.88,0.08003,0.82287
89.9,0.067581,0.85785
89.92,0.054756,0.88832
89.94,0.044504,0.91493
89.96,0.03441,0.9385
89.98,0.024496,0.95707
90,0.014619,0.97222
90.02,0.0043125,0.98363
90.04,-0.0058901,0.99083
90.06,-0.015704,0.99425
90.08,-0.025146,0.99376
90.1,-0.033529,0.98929
90.12,-0.042514,0.98069
90.14,-0.04946,0.96856
90.16,-0.055851,0.95229
90.18,-0.061955,0.9322
90.2,-0.06757,0.90792
90.22,-0.073026,0.88019
90.24,-0.077685,0.84833
90.26,-0.081243,0.81234
90.28,-0.082681,0.77211
90.3,-0.080623,0.72887
90.32,-0.080462,0.68119
90.34,-0.076119,0.62912
90.36,-0.072,0.57395
90.38,-0.063875,0.51514
90.4,-0.052331,0.45208
90.42,-0.03961,0.38471
90.44,-0.021866,0.31245
90.46,-0.004398,0.2383
90.48,0.013722,0.15935
90.5,0.028668,0.091358
90.52,0.041832,0.17447
90.54,0.056208,0.25324
90.56,0.069702,0.32833
90.58,0.080311,0.39996
90.6,0.088829,0.46696
90.62,0.09168,0.52982
90.64,0.091361,0.59046
90.66,0.088992,0.64501
90.68,0.081755,0.69641
90.7,0.073105,0.7447
90.72,0.061308,0.78838
90.74,0.049838,0.82785
90.76,0.04013,0.86353
90.78,0.03119,0.8952
90.8,0.022462,0.92363
90.82,0.013191,0.94785
90.84,0.0036419,0.96789
90.86,-0.0070021,0.98451
90.88,-0.017247,0.99665
90.9,-0.027466,1.005
90.92,-0.035164,1.0096
90.94,-0.045743,1.0102
90.96,-0.054566,1.0068
90.98,-0.061455,0.99953
91,-0.067925,0.98834
91.02,-0.074642,0.97304
91.04,-0.080595,0.95428
91.06,-0.085262,0.93111
91.08,-0.089226,0.90451
91.1,-0.090318,0.87359
91.12,-0.086891,0.83958
91.14,-0.084545,0.79999
91.16,-0.081068,0.75731
91.18,-0.076449,0.71137
91.2,-0.068704,0.66101
91.22,-0.057461,0.60666
91.24,-0.044508,0.5474
91.26,-0.028892,0.48773
91.28,-0.011376,0.41973
91.3,0.0073335,0.35054
91.32,0.025689,0.27639
91.34,0.040481,0.19772
91.36,0.056339,0.12862
91.38,0.073309,0.21028
91.4,0.088541,0.28965
91.42,0.10279,0.3655
91.44,0.11474,0.43662
91.46,0.12254,0.50432
91.48,0.12691,0.56843
91.5,0.12701,0.62916
91.52,0.12516,0.6844
91.54,0.12068,0.7355
91.56,0.11484,0.78332
91.58,0.10589,0.8279
91.6,0.095816,0.86738
91.62,0.086098,0.90404
91.64,0.070912,0.93562
91.66,0.056892,0.96395
91.68,0.042903,0.98824
91.7,0.030246,1.0089
91.72,0.02259,1.0254
91.74,0.017487,1.0377
91.76,0.0083928,1.0466
91.78,-0.0030429,1.0514
91.8,-0.017452,1.0522
91.82,-0.030927,1.0491
91.84,-0.041222,1.0421
91.86,-0.052336,1.0311
91.88,-0.059058,1.0162
91.9,-0.06493,0.99732
91.92,-0.070573,0.97454
91.94,-0.07536,0.94805
91.96,-0.080637,0.91738
91.98,-0.084664,0.88304
92,-0.088611,0.84446
92.02,-0.088791,0.80211
92.04,-0.089074,0.7561
92.06,-0.086624,0.70586
92.08,-0.080063,0.65185
92.1,-0.070836,0.59391
92.12,-0.057968,0.53137
92.14,-0.045801,0.46622
92.16,-0.030529,0.3959
92.18,-0.015443,0.32228
92.2,0.0012627,0.24507
92.22,0.018469,0.16388
92.24,0.034525,0.10403
92.26,0.049823,0.18769
92.28,0.066901,0.26579
92.3,0.082414,0.34194
92.32,0.096839,0.4128
92.34,0.10779,0.48023
92.36,0.11447,0.54306
92.38,0.1152,0.60252
92.4,0.11379,0.65722
92.42,0.10877,0.70988
92.44,0.10066,0.75768
92.46,0.09168,0.80145
92.48,0.081878,0.84162
92.5,0.070762,0.87737
92.52,0.059137,0.90876
92.54,0.04641,0.93747
92.56,0.033942,0.96146
92.58,0.022212,0.98168
92.6,0.010268,0.99804
92.62,-0.00033548,1.0105
92.64,-0.011414,1.019
92.66,-0.02053,1.0236
92.68,-0.029285,1.0241
92.7,-0.036158,1.0209
92.72,-0.043198,1.0136
92.74,-0.049558,1.0025
92.76,-0.054659,0.98749
92.78,-0.058562,0.96846
92.8,-0.061217,0.94562
92.82,-0.063048,0.91897
92.84,-0.064109,0.88811
92.86,-0.06345,0.85315
92.88,-0.060943,0.81467
92.9,-0.057297,0.77236
92.92,-0.052711,0.72522
92.94,-0.044904,0.67535
92.96,-0.035024,0.62054
92.98,-0.023197,0.56264
93,-0.0080893,0.50058
93.02,0.0087198,0.43474
93.04,0.025542,0.36464
93.06,0.042332,0.29069
93.08,0.057808,0.21295
93.1,0.074044,0.1526
93.12,0.089469,0.23274
93.14,0.10269,0.30862
93.16,0.1133,0.38123
93.18,0.12249,0.44919
93.2,0.12798,0.51407
93.22,0.13034,0.57498
93.24,0.12972,0.6309
93.26,0.12791,0.6841
93.28,0.12294,0.73173
93.3,0.11631,0.77635
93.32,0.10698,0.8171
93.34,0.096537,0.85383
93.36,0.085215,0.88722
93.38,0.072174,0.91629
93.4,0.056969,0.94115
93.42,0.04267,0.96245
93.44,0.028821,0.97975
93.46,0.016063,0.99304
93.48,0.0042391,1.0024
93.5,-0.0076615,1.0079
93.52,-0.018406,1.0095
93.54,-0.027819,1.0071
93.56,-0.036631,1.0007
93.58,-0.044904,0.99054
93.6,-0.05321,0.97653
93.62,-0.059895,0.9585
93.64,-0.065591,0.93719
93.66,-0.07067,0.91021
93.68,-0.074724,0.88081
93.7,-0.077525,0.84709
93.72,-0.077868,0.81
93.74,-0.075944,0.76738
93.76,-0.074388,0.72241
93.78,-0.069167,0.67306
93.8,-0.063405,0.61941
93.82,-0.055637,0.5643
93.84,-0.045195,0.50166
93.86,-0.032715,0.43654
93.88,-0.020018,0.36696
93.9,-0.0049711,0.2932
93.92,0.0099481,0.21706
93.94,0.025843,0.13536
93.96,0.041146,0.13623
93.98,0.056935,0.22077
94,0.074018,0.30004
94.02,0.090653,0.37564
94.04,0.10492,0.44809
94.06,0.11623,0.51626
94.08,0.12399,0.58075
94.1,0.12714,0.64026
94.12,0.12701,0.69723
94.14,0.12504,0.74958
94.16,0.12054,0.79795
94.18,0.11379,0.84259
94.2,0.10453,0.88383
94.22,0.094371,0.91988
94.24,0.083507,0.95306
94.26,0.070269,0.98258
94.28,0.05892,1.007
94.3,0.048153,1.0283
94.32,0.037863,1.0456
94.34,0.027678,1.0586
94.36,0.018431,1.0681
94.38,0.0081151,1.0735
94.4,-0.0011771,1.075
94.42,-0.010584,1.0726
94.44,-0.019896,1.0662
94.46,-0.027373,1.056
94.48,-0.034881,1.0418
94.5,-0.039087,1.0236
94.52,-0.042842,1.002
94.54,-0.045687,0.97586
94.56,-0.046783,0.9453
94.58,-0.048096,0.91188
94.6,-0.047627,0.87427
94.62,-0.043837,0.83282
94.64,-0.040543,0.7874
94.66,-0.036565,0.7377
94.68,-0.032184,0.68323
94.7,-0.023659,0.62664
94.72,-0.01234,0.56638
94.74,0.00039693,0.50078
94.76,0.015823,0.43134
94.78,0.031373,0.35839
94.8,0.046918,0.28018
94.82,0.061166,0.19949
94.84,0.074462,0.15657
94.86,0.088477,0.23814
94.88,0.10271,0.3118
94.9,0.11654,0.38322
94.92,0.12809,0.45034
94.94,0.13817,0.51352
94.96,0.14516,0.5731
94.98,0.14873,0.62831
95,0.14813,0.68035
95.02,0.14602,0.72739
95.04,0.14058,0.7706
95.06,0.13355,0.81085
95.08,0.12506,0.84677
95.1,0.11563,0.87848
95.12,0.10555,0.90691
95.14,0.095009,0.93059
95.16,0.082348,0.95059
95.18,0.069072,0.96693
95.2,0.054315,0.97908
95.22,0.039173,0.98743
95.24,0.024637,0.99186
95.26,0.0087169,0.99234
95.28,-0.01013,0.98885
95.3,-0.018982,0.98151
95.32,-0.024458,0.97023
95.34,-0.032767,0.9547
95.36,-0.038652,0.93595
95.38,-0.043868,0.91294
95.4,-0.049304,0.88601
95.42,-0.052472,0.85464
95.44,-0.055557,0.82036
95.46,-0.056587,0.78125
95.48,-0.05532,0.73877
95.5,-0.052029,0.69233
95.52,-0.046675,0.64188
95.54,-0.039518,0.58752
95.56,-0.031251,0.52877
95.58,-0.020123,0.46636
95.6,-0.0071758,0.40024
95.62,0.0071659,0.33145
95.64,0.022745,0.25527
95.66,0.040977,0.17855
95.68,0.059279,0.14004
95.7,0.076275,0.22258
95.72,0.092959,0.30238
95.74,0.10901,0.3767
95.76,0.12553,0.44735
95.78,0.13882,0.51267
95.8,0.14797,0.57674
95.82,0.15333,0.63583
95.84,0.15318,0.69092
95.86,0.15075,0.7419
95.88,0.14532,0.78914
95.9,0.13685,0.83246
95.92,0.12731,0.87221
95.94,0.11724,0.90795
95.96,0.10584,0.93929
95.98,0.094861,0.96685
96,0.084533,0.99002
96.02,0.073416,1.0103
96.04,0.063192,1.0263
96.06,0.051909,1.0383
96.08,0.04177,1.0462
96.1,0.03169,1.0503
96.12,0.022008,1.0504
96.14,0.013074,1.0467
96.16,0.0056757,1.0389
96.18,-0.002129,1.0274
96.2,-0.0093656,1.0119
96.22,-0.015911,0.99219
96.24,-0.02233,0.96896
96.26,-0.027503,0.94179
96.28,-0.033436,0.91033
96.3,-0.037722,0.87524
96.32,-0.041065,0.83628
96.34,-0.042296,0.79348
96.36,-0.043109,0.74604
96.38,-0.042545,0.69521
96.4,-0.038227,0.64074
96.42,-0.03403,0.58225
96.44,-0.029844,0.51957
96.46,-0.021824,0.4534
96.48,-0.010894,0.38294
96.5,0.0020444,0.30854
96.52,0.015485,0.23095
96.54,0.032726,0.14736
96.56,0.050098,0.14158
96.58,0.067495,0.22652
96.6,0.083434,0.30844
96.62,0.098303,0.38789
96.64,0.11905,0.46049
96.66,0.13227,0.53053
96.68,0.14159,0.59532
96.7,0.15088,0.65908
96.72,0.15437,0.71732
96.74,0.15624,0.77156
96.76,0.15287,0.82149
96.78,0.14857,0.86894
96.8,0.14014,0.91155
96.82,0.12851,0.95062
96.84,0.11564,0.98515
96.86,0.10285,1.0159
96.88,0.08936,1.0429
96.9,0.077665,1.0661
96.92,0.0651,1.0851
96.94,0.05204,1.1003
96.96,0.040427,1.1117
96.98,0.028346,1.119
97,0.016978,1.1224
97.02,0.0048573,1.1219
97.04,-0.0059813,1.1174
97.06,-0.01638,1.109
97.08,-0.025451,1.0969
97.1,-0.034484,1.0807
97.12,-0.042627,1.0606
97.14,-0.050382,1.0366
97.16,-0.053396,1.0087
97.18,-0.057015,0.97631
97.2,-0.059329,0.94069
97.22,-0.060047,0.90228
97.24,-0.060574,0.8575
97.26,-0.059188,0.80951
97.28,-0.056653,0.7588
97.3,-0.054387,0.70285
97.32,-0.047436,0.64479
97.34,-0.038257,0.58061
97.36,-0.027245,0.51293
97.38,-0.014458,0.44153
97.4,0.0012184,0.36691
97.42,0.016351,0.28889
97.44,0.032995,0.20529
97.46,0.047963,0.11899
97.48,0.063798,0.19272
97.5,0.07995,0.27511
97.52,0.095317,0.35289
97.54,0.10657,0.42712
97.56,0.1163,0.49775
97.58,0.12241,0.56249
97.6,0.12543,0.62644
97.62,0.12493,0.68422
97.64,0.12216,0.73921
97.66,0.11721,0.78928
97.68,0.10974,0.83662
97.7,0.10009,0.87856
97.72,0.088954,0.91758
97.74,0.075717,0.95225
97.76,0.061285,0.98304
97.78,0.039899,1.0105
97.8,0.0311,1.0336
97.82,0.023569,1.0528
97.84,0.018665,1.0681
97.86,0.010493,1.0792
97.88,-0.0013261,1.0866
97.9,-0.013963,1.0901
97.92,-0.026101,1.0897
97.94,-0.038333,1.0853
97.96,-0.048412,1.077
97.98,-0.055603,1.0649
98,-0.060251,1.0487
98.02,-0.063606,1.0288
98.04,-0.065806,1.0045
98.06,-0.068327,0.9766
98.08,-0.070538,0.94509
98.1,-0.071087,0.90925
98.12,-0.071057,0.86972
98.14,-0.071277,0.82584
98.16,-0.069073,0.77863
98.18,-0.063626,0.72704
98.2,-0.055376,0.67216
98.22,-0.044597,0.61282
98.24,-0.031965,0.54803
98.26,-0.016639,0.48288
98.28,-0.00019834,0.41076
98.3,0.016441,0.33583
98.32,0.032689,0.25752
98.34,0.048264,0.1737
98.36,0.06327,0.1604
98.38,0.081597,0.24402
98.4,0.095572,0.32397
98.42,0.10865,0.39843
98.44,0.12152,0.47046
98.46,0.12804,0.53748
98.48,0.1328,0.60226
98.5,0.13328,0.66262
98.52,0.13178,0.71849
98.54,0.12792,0.77044
98.56,0.12174,0.81854
98.58,0.11454,0.86185
98.6,0.10446,0.90244
98.62,0.092873,0.93923
98.64,0.080277,0.97061
98.66,0.066417,0.99953
98.68,0.051453,1.024
98.7,0.037382,1.0446
98.72,0.024395,1.0615
98.74,0.012153,1.0741
98.76,-0.0004319,1.083
98.78,-0.011322,1.0879
98.8,-0.022278,1.0889
98.82,-0.031219,1.086
98.84,-0.039522,1.0792
98.86,-0.044938,1.0683
98.88,-0.049508,1.0536
98.9,-0.052983,1.0351
98.92,-0.054593,1.0129
98.94,-0.055552,0.98625
98.96,-0.053965,0.95515
98.98,-0.051454,0.92172
99,-0.046823,0.88265
99.02,-0.040726,0.84046
99.04,-0.033793,0.79517
99.06,-0.026859,0.74505
99.08,-0.013189,0.69084
99.1,-0.0025717,0.63353
99.12,0.010875,0.57167
99.14,0.030469,0.50501
99.16,0.039196,0.43592
99.18,0.052383,0.36106
99.2,0.067173,0.28548
99.22,0.081452,0.20417
99.24,0.09451,0.19727
99.26,0.11025,0.27605
99.28,0.1204,0.34926
99.3,0.12798,0.42005
99.32,0.1348,0.48671
99.34,0.13861,0.54952
99.36,0.13838,0.60856
99.38,0.13447,0.66403
99.4,0.13222,0.71475
99.42,0.12919,0.76175
99.44,0.12225,0.80539
99.46,0.1138,0.84443
99.48,0.10292,0.87997
99.5,0.091178,0.91144
99.52,0.078256,0.93854
99.54,0.06666,0.96213
99.56,0.054792,0.98194
99.58,0.044374,0.99749
99.6,0.034694,1.0094
99.62,0.026336,1.0173
99.64,0.014821,1.0213
99.66,0.0078903,1.0213
99.68,-0.0010225,1.0175
99.7,-0.011793,1.0096
99.72,-0.017637,0.99801
99.74,-0.027356,0.98246
99.76,-0.032352,0.96278
99.78,-0.037534,0.93933
99.8,-0.040327,0.91248
99.82,-0.042863,0.88045
99.84,-0.044946,0.84521
99.86,-0.045177,0.80644
99.88,-0.042251,0.76309
99.9,-0.038497,0.71591
99.92,-0.034631,0.66531
99.94,-0.028207,0.61061
99.96,-0.019372,0.55205
99.98,-0.0082118,0.48901
100,0.0045217,0.42241
100.02,0.022295,0.35186
100.04,0.03455,0.27746
100.06,0.04991,0.19762
100.08,0.064408,0.13808
100.1,0.079226,0.21869
100.12,0.094388,0.2937
100.14,0.10768,0.36525
100.16,0.12013,0.43296
100.18,0.13047,0.49736
100.2,0.13887,0.55747
100.22,0.14418,0.61283
100.24,0.14667,0.66491
100.26,0.14646,0.71374
100.28,0.14536,0.75762
100.3,0.142,0.79797
100.32,0.13638,0.83466
100.34,0.12364,0.86685
100.36,0.11561,0.89531
100.38,0.098817,0.92017
100.4,0.085921,0.94071
100.42,0.072561,0.95732
100.44,0.058595,0.97043
100.46,0.050595,0.97942
100.48,0.037978,0.98445
100.5,0.025083,0.98559
100.52,0.01247,0.98276
100.54,0.0011755,0.97601
100.56,-0.010944,0.9653
100.58,-0.025867,0.95106
100.6,-0.032623,0.93239
100.62,-0.041063,0.90984
100.64,-0.046824,0.88368
100.66,-0.050285,0.85342
100.68,-0.052614,0.81957
100.7,-0.054263,0.78077
100.72,-0.053946,0.73901
100.74,-0.050326,0.6927
100.76,-0.048339,0.64333
100.78,-0.043916,0.58962
100.8,-0.033884,0.53111
100.82,-0.027423,0.46935
100.84,-0.013599,0.40437
100.86,0.00034196,0.33461
100.88,0.016531,0.26045
100.9,0.039412,0.18344
100.92,0.057475,0.11751
100.94,0.072082,0.19969
100.96,0.087864,0.27906
100.98,0.10589,0.35305
101,0.11895,0.42424
101.02,0.13414,0.49096
101.04,0.14516,0.5541
101.06,0.15195,0.61273
101.08,0.15272,0.66787
101.1,0.14838,0.71875
101.12,0.14104,0.76616
101.14,0.12988,0.80956
101.16,0.11642,0.84874
101.18,0.10291,0.88442
101.2,0.090863,0.91574
101.22,0.0786,0.94332
101.24,0.065985,0.9672
101.26,0.053828,0.98681
101.28,0.041918,1.0028
101.3,0.030663,1.0148
101.32,0.020393,1.0226
101.34,0.010469,1.0268
101.36,0.002947,1.0269
101.38,-0.0085967,1.0232
101.4,-0.016712,1.0155
101.42,-0.024469,1.0039
101.44,-0.032667,0.98835
101.46,-0.03902,0.96896
101.48,-0.043831,0.94539
101.5,-0.048218,0.91813
101.52,-0.050617,0.88691
101.54,-0.052955,0.85183
101.56,-0.053319,0.81272
101.58,-0.050596,0.76945
101.6,-0.048213,0.72275
101.62,-0.044371,0.67119
101.64,-0.039334,0.61657
101.66,-0.031358,0.55836
101.68,-0.020348,0.49581
101.7,-0.0062448,0.42977
101.72,0.0091014,0.35737
101.74,0.025983,0.28603
101.76,0.043126,0.2054
101.78,0.058412,0.12414
101.8,0.070984,0.20042
101.82,0.084631,0.27788
101.84,0.099002,0.35137
101.86,0.11187,0.4199
101.88,0.12207,0.48527
101.9,0.12842,0.54606
101.92,0.13154,0.60411
101.94,0.13009,0.65712
101.96,0.12532,0.70682
101.98,0.11952,0.7523
102,0.10894,0.79392
102.02,0.097019,0.8314
102.04,0.084914,0.86529
102.06,0.072727,0.8955
102.08,0.057619,0.92119
102.1,0.048409,0.94332
102.12,0.037764,0.96137
102.14,0.027201,0.97573
102.16,0.016362,0.98592
102.18,0.0044541,0.99227
102.2,-0.007432,0.99469
102.22,-0.01499,0.9932
102.24,-0.028769,0.98776
102.26,-0.035706,0.97843
102.28,-0.045433,0.96521
102.3,-0.054075,0.94781
102.32,-0.060843,0.9267
102.34,-0.066599,0.90169
102.36,-0.069397,0.87287
102.38,-0.072852,0.8401
102.4,-0.07473,0.80275
102.42,-0.075267,0.76283
102.44,-0.0734,0.71738
102.46,-0.069952,0.66911
102.48,-0.065021,0.61595
102.5,-0.059331,0.56043
102.52,-0.051962,0.4996
102.54,-0.042433,0.43446
102.56,-0.028605,0.36776
102.58,-0.013937,0.29508
102.6,0.0096784,0.2196
102.62,0.022131,0.13908
102.64,0.039946,0.13033
102.66,0.055078,0.21182
102.68,0.070603,0.29054
102.7,0.085618,0.36413
102.72,0.097527,0.43421
102.74,0.10877,0.50122
102.76,0.11201,0.56329
102.78,0.11246,0.62195
102.8,0.10926,0.67575
102.82,0.10223,0.72668
102.84,0.092296,0.77211
102.86,0.080159,0.81617
102.88,0.065463,0.85433
102.9,0.05189,0.88921
102.92,0.039815,0.92035
102.94,0.036521,0.94718
102.96,0.027988,0.97029
102.98,0.016999,0.98933
103,0.0055983,1.0045
103.02,-0.0063485,1.016
103.04,-0.017031,1.0234
103.06,-0.03105,1.0267
103.08,-0.035279,1.0262
103.1,-0.044109,1.0219
103.12,-0.05042,1.0134
103.14,-0.0575,1.0014
103.16,-0.064564,0.98507
103.18,-0.070443,0.96485
103.2,-0.075701,0.9411
103.22,-0.080772,0.913
103.24,-0.081867,0.88129
103.26,-0.081636,0.84538
103.28,-0.078774,0.80542
103.3,-0.073731,0.76264
103.32,-0.06906,0.71476
103.34,-0.060838,0.66303
103.36,-0.051934,0.60779
103.38,-0.041549,0.54782
103.4,-0.027573,0.48515
103.42,-0.012516,0.4185
103.44,0.0049509,0.34707
103.46,0.0235,0.2715
103.48,0.043135,0.19341
103.5,0.060034,0.13105
103.52,0.080009,0.21292
103.54,0.098344,0.29097
103.56,0.11236,0.36465
103.58,0.12503,0.43411
103.6,0.13381,0.4998
103.62,0.14101,0.56202
103.64,0.14301,0.61972
103.66,0.14139,0.67397
103.68,0.13365,0.72438
103.7,0.1274,0.77026
103.72,0.11535,0.81245
103.74,0.10353,0.85086
103.76,0.087309,0.88554
103.78,0.077574,0.91577
103.8,0.06553,0.9422
103.82,0.05328,0.96522
103.84,0.042228,0.98389
103.86,0.026265,0.99875
103.88,0.01735,1.0095
103.9,0.0068546,1.0166
103.92,-0.006158,1.0197
103.94,-0.019815,1.0188
103.96,-0.033704,1.014
103.98,-0.045237,1.0052
104,-0.05628,0.99265
104.02,-0.067401,0.97634
104.04,-0.078278,0.95558
104.06,-0.085054,0.93134
104.08,-0.092349,0.90231
104.1,-0.094501,0.87046
104.12,-0.095819,0.83474
104.14,-0.095778,0.79439
104.16,-0.092874,0.75027
104.18,-0.090628,0.70259
104.2,-0.085443,0.65081
104.22,-0.077969,0.59431
104.24,-0.06771,0.535
104.26,-0.053377,0.47164
104.28,-0.035744,0.40311
104.3,-0.016032,0.33263
104.32,0.010724,0.25687
104.34,0.026697,0.17717
104.36,0.035688,0.10012
104.38,0.050085,0.1821
104.4,0.064106,0.25981
104.42,0.075942,0.33099
104.44,0.083799,0.39973
104.46,0.087163,0.46546
104.48,0.084646,0.52643
104.5,0.0829,0.58281
104.52,0.076638,0.63623
104.54,0.066674,0.68534
104.56,0.05868,0.73109
104.58,0.042934,0.77206
104.6,0.031869,0.80989
104.62,0.020296,0.84299
104.64,0.0051625,0.87271
104.66,-0.0065888,0.89828
104.68,-0.020801,0.92019
104.7,-0.026872,0.9378
104.72,-0.038977,0.95177
104.74,-0.054178,0.96173
104.76,-0.064859,0.96778
104.78,-0.074392,0.9699
104.8,-0.083943,0.96811
104.82,-0.092538,0.96239
104.84,-0.096345,0.95275
104.86,-0.10182,0.93926
104.88,-0.10356,0.92185
104.9,-0.10372,0.90029
104.92,-0.10249,0.87507
104.94,-0.099168,0.84588
104.96,-0.095194,0.8125
104.98,-0.089731,0.77511
105,-0.083215,0.73423
105.02,-0.07228,0.68975
105.04,-0.064454,0.64005
105.06,-0.045471,0.58812
105.08,-0.024836,0.531
105.1,-0.0075027,0.47108
105.12,0.0083925,0.4058
105.14,0.030729,0.33638
105.16,0.041103,0.26499
105.18,0.064836,0.18833
105.2,0.079029,0.16857
105.22,0.08958,0.24518
105.24,0.10474,0.31837
105.26,0.10896,0.38739
105.28,0.11276,0.45101
105.3,0.1104,0.5112
105.32,0.1064,0.56783
105.34,0.097117,0.62107
105.36,0.086017,0.66987
105.38,0.072331,0.71443
105.4,0.058553,0.75562
105.42,0.047324,0.79242
105.44,0.031145,0.82596
105.46,0.0181,0.85504
105.48,0.010577,0.88041
105.5,-0.0055935,0.90234
105.52,-0.01774,0.91951
105.54,-0.029836,0.93308
105.56,-0.040197,0.94289
105.58,-0.051795,0.94846
105.6,-0.059529,0.95029
105.62,-0.071044,0.94818
105.64,-0.07875,0.94215
105.66,-0.085866,0.93228
105.68,-0.09055,0.91843
105.7,-0.096672,0.90058
105.72,-0.10022,0.87891
105.74,-0.10291,0.85312
105.76,-0.10338,0.82363
105.78,-0.10234,0.79028
105.8,-0.098632,0.75279
105.82,-0.095125,0.71119
105.84,-0.092004,0.66625
105.86,-0.083896,0.6171
105.88,-0.074441,0.56397
105.9,-0.062087,0.50692
105.92,-0.047705,0.44607
105.94,-0.032812,0.38117
105.96,-0.014692,0.31115
105.98,0.0026115,0.23882
106,0.019282,0.16254
106.02,0.034036,0.090585
106.04,0.045579,0.17549
106.06,0.064306,0.2518
106.08,0.076284,0.32454
106.1,0.085304,0.39391
106.12,0.090642,0.45927
106.14,0.093805,0.52054
106.16,0.091132,0.57737
106.18,0.085271,0.63165
106.2,0.074854,0.68066
106.22,0.060438,0.72551
106.24,0.045468,0.76814
106.26,0.027711,0.80579
106.28,0.015559,0.83941
106.3,-0.0016144,0.86974
106.32,-0.016395,0.89554
106.34,-0.029804,0.91791
106.36,-0.042576,0.93595
106.38,-0.056196,0.95012
106.4,-0.06949,0.96054
106.42,-0.083273,0.96695
106.44,-0.094483,0.96938
106.46,-0.10555,0.96794
106.48,-0.1175,0.96252
106.5,-0.12522,0.95336
106.52,-0.13293,0.94003
106.54,-0.13637,0.9231
106.56,-0.14004,0.90186
106.58,-0.14251,0.87682
106.6,-0.14296,0.84806
106.62,-0.14148,0.81456
106.64,-0.14049,0.77847
106.66,-0.13642,0.73771
106.68,-0.13164,0.69357
106.7,-0.12369,0.64427
106.72,-0.11156,0.59292
106.74,-0.097136,0.53584
106.76,-0.085845,0.47547
106.78,-0.060929,0.41133
106.8,-0.042104,0.34373
106.82,-0.021179,0.27138
106.84,-0.0017613,0.19696
106.86,0.014897,0.11535
106.88,0.03089,0.11539
106.9,0.041804,0.19599
106.92,0.058817,0.27317
106.94,0.078414,0.34616
106.96,0.087934,0.41632
106.98,0.091582,0.48135
107,0.091342,0.54257
107.02,0.089726,0.60113
107.04,0.081437,0.65442
107.06,0.07377,0.70417
107.08,0.056349,0.75037
107.1,0.042496,0.79213
107.12,0.028516,0.83103
107.14,0.014607,0.8642
107.16,0.00025206,0.89466
107.18,-0.013033,0.92085
107.2,-0.026256,0.94301
107.22,-0.040308,0.96157
107.24,-0.055976,0.97596
107.26,-0.071567,0.98655
107.28,-0.085982,0.99315
107.3,-0.095665,0.99591
107.32,-0.10767,0.99472
107.34,-0.12095,0.98964
107.36,-0.12951,0.98054
107.38,-0.13976,0.96745
107.4,-0.1433,0.95064
107.42,-0.14594,0.92993
107.44,-0.1461,0.90486
107.46,-0.14471,0.87609
107.48,-0.14162,0.84378
107.5,-0.13784,0.80756
107.52,-0.13071,0.76726
107.54,-0.12128,0.72274
107.56,-0.10771,0.67356
107.58,-0.090734,0.62203
107.6,-0.07869,0.56585
107.62,-0.053741,0.50623
107.64,-0.03267,0.44227
107.66,-0.01379,0.37435
107.68,0.00394,0.30266
107.7,0.020456,0.2263
107.72,0.038182,0.14729
107.74,0.053184,0.14544
107.76,0.066849,0.2245
107.78,0.08169,0.3014
107.8,0.090905,0.37362
107.82,0.096393,0.44307
107.84,0.09736,0.50577
107.86,0.095913,0.56712
107.88,0.092159,0.62356
107.9,0.086271,0.6755
107.92,0.077353,0.72406
107.94,0.064768,0.76844
107.96,0.05229,0.80969
107.98,0.038743,0.84624
108,0.029788,0.87905
108.02,0.020188,0.90865
108.04,0.010241,0.933
108.06,-7.8255e-05,0.95419
108.08,-0.013783,0.97161
108.1,-0.027703,0.98468
108.12,-0.041553,0.99405
108.14,-0.052265,0.99946
108.16,-0.067525,1.001
108.18,-0.077018,0.99857
108.2,-0.084716,0.9922
108.22,-0.091368,0.98203
108.24,-0.0954,0.96785
108.26,-0.099416,0.94967
108.28,-0.10294,0.9273
108.3,-0.10302,0.90159
108.32,-0.10287,0.87179
108.34,-0.10228,0.83784
108.36,-0.1006,0.80033
108.38,-0.095312,0.75873
108.4,-0.087931,0.71399
108.42,-0.07864,0.66352
108.44,-0.068185,0.6103
108.46,-0.056811,0.55298
108.48,-0.045703,0.49141
108.5,-0.032539,0.42663
108.52,-0.019022,0.35712
108.54,-0.0042597,0.28293
108.56,0.010303,0.20668
108.58,0.024601,0.12675
108.6,0.039708,0.12401
108.62,0.055045,0.20523
108.64,0.070087,0.28001
108.66,0.084666,0.35144
108.68,0.097669,0.41924
108.7,0.10563,0.48278
108.72,0.11199,0.54272
108.74,0.11451,0.59919
108.76,0.11439,0.651
108.78,0.11255,0.69859
108.8,0.1085,0.7427
108.82,0.10291,0.7824
108.84,0.093015,0.81923
108.86,0.080901,0.85164
108.88,0.066546,0.88008
108.9,0.056193,0.90454
108.92,0.041414,0.92521
108.94,0.020005,0.94201
108.96,0.0050304,0.95477
108.98,-0.0085973,0.96344
109,-0.017078,0.96836
109.02,-0.034162,0.96934
109.04,-0.04538,0.96639
109.06,-0.058235,0.95953
109.08,-0.0708,0.94871
109.1,-0.077894,0.93394
109.12,-0.092508,0.91557
109.14,-0.10206,0.89263
109.16,-0.11058,0.86638
109.18,-0.11689,0.83602
109.2,-0.12184,0.80171
109.22,-0.12532,0.76331
109.24,-0.12646,0.72056
109.26,-0.12578,0.67476
109.28,-0.1238,0.62402
109.3,-0.12131,0.57243
109.32,-0.11608,0.51335
109.34,-0.11006,0.45071
109.36,-0.10165,0.38567
109.38,-0.089298,0.31639
109.4,-0.072683,0.24204
109.42,-0.055112,0.16395
109.44,-0.034919,0.083347
109.46,-0.014862,0.036578
109.48,0.0031385,0.12616
109.5,0.018316,0.20963
109.52,0.033426,0.29125
109.54,0.047484,0.3669
109.56,0.060462,0.44095
109.58,0.07064,0.50851
109.6,0.075437,0.57356
109.62,0.074758,0.63486
109.64,0.07149,0.69161
109.66,0.065021,0.74529
109.68,0.054738,0.79435
109.7,0.04268,0.8394
109.72,0.029846,0.88128
109.74,0.016479,0.91863
109.76,0.0033755,0.95159
109.78,-0.0089165,0.98173
109.8,-0.018732,1.0076
109.82,-0.028448,1.0292
109.84,-0.038006,1.0469
109.86,-0.047665,1.0609
109.88,-0.057002,1.071
109.9,-0.067563,1.0771
109.92,-0.078005,1.0792
109.94,-0.087185,1.0775
109.96,-0.095533,1.0718
109.98,-0.10266,1.0622
110,-0.10801,1.0487