t,z,f
109.188,-3.84463,0.0409125
109.189,-3.84611,0.0480322
109.19,-3.85115,0.0599561
109.191,-3.85821,0.0750764
109.192,-3.86641,0.0915038
109.193,-3.87338,0.107253
109.194,-3.88074,0.120431
109.195,-3.8877,0.129416
109.196,-3.89513,0.133002
109.197,-3.9023,0.130501
109.198,-3.90939,0.12179
109.199,-3.91631,0.10731
109.2,-3.92258,0.0880012
109.201,-3.92878,0.0651969
109.202,-3.93651,0.0404833
109.203,-3.94254,0.0155374
109.204,-3.94893,-0.00803709
109.205,-3.95485,-0.028861
109.206,-3.9608,-0.0459028
109.207,-3.96711,-0.0585627
109.208,-3.97324,-0.0667096
109.209,-3.97916,-0.0706687
109.21,-3.98522,-0.0711619
109.211,-3.9864,-0.0692093
109.212,-3.99094,-0.0660002
109.213,-3.99703,-0.0627491
109.214,-4.00255,-0.0605514
109.215,-4.00789,-0.0602523
109.216,-4.01539,-0.0623423
109.217,-4.02322,-0.0668902
109.218,-4.02915,-0.0735194
109.219,-4.0345,-0.0814294
109.22,-4.0407,-0.0894602
109.221,-4.04711,-0.0961937
109.222,-4.05305,-0.100081
109.223,-4.05871,-0.0995832
109.224,-4.06588,-0.0933154
109.225,-4.0705,-0.0801733
109.226,-4.07582,-0.0594375
109.227,-4.08346,-0.0308418
109.228,-4.08951,0.00540008
109.229,-4.09532,0.0486109
109.23,-4.09653,0.0977085
109.231,-4.10118,0.1513
109.232,-4.10665,0.207805
109.233,-4.11273,0.26559
109.234,-4.11849,0.323112
109.235,-4.12471,0.379046
109.236,-4.13246,0.432392
109.237,-4.13857,0.482557
109.238,-4.14444,0.529383
109.239,-4.15033,0.573153
109.24,-4.1571,0.614537
109.241,-4.16371,0.654517
109.242,-4.16935,0.694278
109.243,-4.17596,0.735075
109.244,-4.18196,0.778109
109.245,-4.18323,0.824395
109.246,-4.18765,0.874656
109.247,-4.19336,0.929248
109.248,-4.20171,0.988117
109.249,-4.20846,1.05079
109.25,-4.21389,1.11643
109.251,-4.21957,1.18387
109.252,-4.22578,1.25177
109.253,-4.2323,1.31869
109.254,-4.23843,1.38324
109.255,-4.24477,1.44421
109.256,-4.2533,1.50064
109.257,-4.25806,1.55195
109.258,-4.26633,1.59796
109.259,-4.27375,1.6389
109.26,-4.28044,1.67536
109.261,-4.28744,1.70828
109.262,-4.28894,1.73881
109.263,-4.29493,1.76821
109.264,-4.30712,1.79774
109.265,-4.31506,1.82854
109.266,-4.31632,1.86155
109.267,-4.32101,1.89743
109.268,-4.3274,1.93651
109.269,-4.3345,1.97883
109.27,-4.34121,2.02414
109.271,-4.34743,2.07199
109.272,-4.35432,2.1218
109.273,-4.36086,2.17298
109.274,-4.37038,2.22504
109.275,-4.37737,2.27764
109.276,-4.38417,2.33071
109.277,-4.39163,2.38443
109.278,-4.39783,2.43926
109.279,-4.40427,2.4959
109.28,-4.41077,2.55519
109.281,-4.41744,2.61803
109.282,-4.4245,2.68526
109.283,-4.43202,2.75753
109.284,-4.43916,2.83518
109.285,-4.44069,2.91821
109.286,-4.44686,3.00615
109.287,-4.45376,3.09814
109.288,-4.46071,3.19288
109.289,-4.46697,3.28878
109.29,-4.47372,3.38405
109.291,-4.47964,3.47681
109.292,-4.48746,3.56529
109.293,-4.49476,3.64795
109.294,-4.50296,3.72358
109.295,-4.50961,3.79146
109.296,-4.51582,3.85134
109.297,-4.52158,3.90347
109.298,-4.52716,3.94858
109.299,-4.53272,3.98776
109.3,-4.53779,4.02238
109.301,-4.54306,4.05388
109.302,-4.54851,4.08373
109.303,-4.54961,4.11319
109.304,-4.55654,4.14326
109.305,-4.56312,4.1746
109.306,-4.56835,4.20746
109.307,-4.5735,4.2417
109.308,-4.57942,4.27684
109.309,-4.58471,4.31216
109.31,-4.58989,4.34676
109.311,-4.59507,4.37973
109.312,-4.60011,4.41023
109.313,-4.60491,4.43761
109.314,-4.61038,4.46148
109.315,-4.61721,4.48178
109.316,-4.62271,4.49877
109.317,-4.62744,4.51299
109.318,-4.63236,4.52525
109.319,-4.63353,4.53649
109.32,-4.63707,4.54772
109.321,-4.6413,4.55989
109.322,-4.64562,4.5738
109.323,-4.65052,4.59003
109.324,-4.65524,4.60886
109.325,-4.6593,4.63028
109.326,-4.66297,4.65397
109.327,-4.66656,4.67934
109.328,-4.67016,4.70564
109.329,-4.67332,4.73202
109.33,-4.67613,4.75765
109.331,-4.67884,4.7818
109.332,-4.68176,4.80398
109.333,-4.68457,4.824
109.334,-4.68511,4.84203
109.335,-4.68839,4.85859
109.336,-4.69088,4.87459
109.337,-4.69129,4.89122
109.338,-4.69262,4.90993
109.339,-4.69367,4.93226
109.34,-4.6956,4.95974
109.341,-4.69719,4.99376
109.342,-4.69926,5.03543
109.343,-4.70017,5.0855
109.344,-4.70213,5.1442
109.345,-4.70306,5.21127
109.346,-4.70406,5.2859
109.347,-4.70408,5.36678
109.348,-4.70407,5.45215
109.349,-4.70395,5.53992
109.35,-4.70351,5.6278
109.351,-4.70321,5.71348
109.352,-4.70258,5.79471
109.353,-4.70144,5.86953
109.354,-4.70142,5.93635
109.355,-4.70151,5.99406
109.356,-4.69989,6.04212
109.357,-4.69774,6.08053
109.358,-4.69583,6.10983
109.359,-4.69418,6.13107
109.36,-4.68987,6.14566
109.361,-4.68658,6.15526
109.362,-4.68322,6.16169
109.363,-4.68016,6.16669
109.364,-4.67712,6.17186
109.365,-4.6725,6.17848
109.366,-4.66827,6.18746
109.367,-4.66346,6.19918
109.368,-4.65813,6.21357
109.369,-4.65234,6.23
109.37,-4.64379,6.24739
109.371,-4.64157,6.26427
109.372,-4.63629,6.27886
109.373,-4.62954,6.28926
109.374,-4.62266,6.29354
109.375,-4.61665,6.28996
109.376,-4.61029,6.27709
109.377,-4.60259,6.25398
109.378,-4.59529,6.22028
109.379,-4.58856,6.17634
109.38,-4.57748,6.12321
109.381,-4.56982,6.0627
109.382,-4.56196,5.99723
109.383,-4.55367,5.92978
109.384,-4.54454,5.86365
109.385,-4.53513,5.80226
109.386,-4.52605,5.74891
109.387,-4.51644,5.70651
109.388,-4.50659,5.67732
109.389,-4.50469,5.66278
109.39,-4.49117,5.66334
109.391,-4.47908,5.67843
109.392,-4.46716,5.70646
109.393,-4.45556,5.74497
109.394,-4.44466,5.79085
109.395,-4.43558,5.84062
109.396,-4.42818,5.89081
109.397,-4.4242,5.9383
109.398,-4.41612,5.98066
109.399,-4.41096,6.01649
109.4,-4.40826,6.04555
109.401,-4.40576,6.06891
109.402,-4.4047,6.08886
109.403,-4.40472,6.10873
109.404,-4.40476,6.13263
109.405,-4.40476,6.16497
109.406,-4.40919,6.21006
109.407,-4.41311,6.2716
109.408,-4.41977,6.35226
109.409,-4.42623,6.45327
109.41,-4.42992,6.57424
109.411,-4.4365,6.71303
109.412,-4.44445,6.86585
109.413,-4.45388,7.02748
109.414,-4.46293,7.1917
109.415,-4.47461,7.35176
109.416,-4.48578,7.50093
109.417,-4.49628,7.63309
109.418,-4.51115,7.74325
109.419,-4.52137,7.82798
109.42,-4.53355,7.8857
109.421,-4.55063,7.91676
109.422,-4.565,7.92347
109.423,-4.58079,7.90978
109.424,-4.59545,7.88098
109.425,-4.5984,7.84315
109.426,-4.60882,7.80267
109.427,-4.62415,7.76561
109.428,-4.63606,7.73725
109.429,-4.64565,7.7216
109.43,-4.65278,7.72116
109.431,-4.65774,7.7367
109.432,-4.66065,7.7673
109.433,-4.66457,7.81051
109.434,-4.66569,7.86265
109.435,-4.66481,7.91917
109.436,-4.66348,7.97519
109.437,-4.65894,8.02595
109.438,-4.65544,8.06727
109.439,-4.65156,8.09597
109.44,-4.64761,8.1102
109.441,-4.64427,8.10959
109.442,-4.63954,8.09529
109.443,-4.63263,8.06991
109.444,-4.62362,8.03723
109.445,-4.61122,8.0019
109.446,-4.59703,7.969
109.447,-4.59357,7.94353
109.448,-4.58455,7.92991
109.449,-4.57308,7.93156
109.45,-4.53199,7.95044
109.451,-4.50583,7.9868
109.452,-4.47994,8.03902
109.453,-4.45376,8.10357
109.454,-4.42801,8.17517
109.455,-4.40244,8.24709
109.456,-4.36647,8.31159
109.457,-4.33536,8.3604
109.458,-4.30715,8.38539
109.459,-4.27888,8.37909
109.46,-4.25057,8.33535
109.461,-4.22064,8.24977
109.462,-4.21446,8.12013
109.463,-4.19356,7.94656
109.464,-4.16669,7.7316
109.465,-4.13949,7.48007
109.466,-4.11171,7.19876
109.467,-4.0759,6.89596
109.468,-4.04727,6.58088
109.469,-4.02127,6.26309
109.47,-3.99615,5.9518
109.471,-3.96922,5.65534
109.472,-3.94367,5.38065
109.473,-3.90778,5.13288
109.474,-3.88599,4.91524
109.475,-3.84991,4.72891
109.476,-3.81843,4.57319
109.477,-3.78986,4.44575
109.478,-3.76107,4.343
109.479,-3.73182,4.2605
109.48,-3.72665,4.19348
109.481,-3.67932,4.1372
109.482,-3.66762,4.0874
109.483,-3.64479,4.04054
109.484,-3.61658,3.99403
109.485,-3.58747,3.94627
109.486,-3.54728,3.89663
109.487,-3.51392,3.84532
109.488,-3.4852,3.79321
109.489,-3.45458,3.74157
109.49,-3.42552,3.69189
109.491,-3.39378,3.64559
109.492,-3.36284,3.60386
109.493,-3.33049,3.56752
109.494,-3.28803,3.53696
109.495,-3.27762,3.5121
109.496,-3.22508,3.49242
109.497,-3.21245,3.47708
109.498,-3.18704,3.46495
109.499,-3.15338,3.4548
109.5,-3.11889,3.44536
109.501,-3.08524,3.43542
109.502,-3.04863,3.42396
109.503,-3.01469,3.41012
109.504,-2.98001,3.39331
109.505,-2.94479,3.37317
109.506,-2.89713,3.3496
109.507,-2.85745,3.32268
109.508,-2.82085,3.29272
109.509,-2.7851,3.26014
109.51,-2.74689,3.22554
109.511,-2.70879,3.18956
109.512,-2.67127,3.15294
109.513,-2.63454,3.11645
109.514,-2.59651,3.08088
109.515,-2.56074,3.04699
109.516,-2.55172,3.01548
109.517,-2.52225,2.987
109.518,-2.4698,2.96206
109.519,-2.42965,2.94105
109.52,-2.38956,2.92422
109.521,-2.34905,2.91162
109.522,-2.31287,2.90315
109.523,-2.27265,2.89853
109.524,-2.23201,2.89734
109.525,-2.18998,2.89903
109.526,-2.14832,2.90295
109.527,-2.09344,2.90842
109.528,-2.06339,2.91471
109.529,-2.01158,2.92111
109.53,-1.96962,2.92695
109.531,-1.92793,2.93164
109.532,-1.88591,2.93465
109.533,-1.87701,2.93556
109.534,-1.81473,2.93406
109.535,-1.79452,2.92992
109.536,-1.76138,2.92306
109.537,-1.72009,2.91345
109.538,-1.66346,2.90121
109.539,-1.6175,2.88653
109.54,-1.57802,2.86969
109.541,-1.53414,2.85106
109.542,-1.49297,2.83106
109.543,-1.45023,2.81017
109.544,-1.40788,2.78887
109.545,-1.36696,2.76763
109.546,-1.32557,2.74687
109.547,-1.28334,2.72694
109.548,-1.23942,2.70804
109.549,-1.18391,2.69028
109.55,-1.138,2.67359
109.551,-1.12909,2.65776
109.552,-1.09586,2.64245
109.553,-1.05449,2.6272
109.554,-1.01512,2.6115
109.555,-0.972486,2.59483
109.556,-0.931393,2.5767
109.557,-0.890657,2.55672
109.558,-0.850125,2.53464
109.559,-0.795512,2.51035
109.56,-0.750225,2.48392
109.561,-0.710156,2.4556
109.562,-0.670114,2.42573
109.563,-0.630249,2.39477
109.564,-0.589953,2.36319
109.565,-0.548034,2.33141
109.566,-0.507839,2.29976
109.567,-0.468199,2.26843
109.568,-0.415984,2.23743
109.569,-0.40382,2.20657
109.57,-0.40382,2.17551
109.571,-0.342478,2.14377
109.572,-0.293316,2.11081
109.573,-0.256346,2.07608
109.574,-0.216576,2.03912
109.575,-0.173634,1.99959
109.576,-0.137506,1.95738
109.577,-0.100315,1.91257
109.578,-0.0622542,1.86548
109.579,-0.0245464,1.81661
109.58,0.0133897,1.76661
109.581,0.0500173,1.71617
109.582,0.085833,1.66589
109.583,0.135053,1.61625
109.584,0.174958,1.56744
109.585,0.210106,1.51931
109.586,0.246535,1.47133
109.587,0.282003,1.42253
109.588,0.318034,1.37158
109.589,0.352894,1.31683
109.59,0.360224,1.25642
109.591,0.387918,1.1884
109.592,0.420545,1.11088
109.593,0.453945,1.02221
109.594,0.487493,0.921099
109.595,0.53293,0.80672
109.596,0.570607,0.678831
109.597,0.603833,0.537794
109.598,0.636835,0.384591
109.599,0.66851,0.220765
109.6,0.700644,0.0483453
109.601,0.73361,-0.130282
109.602,0.764566,-0.312513
109.603,0.804511,-0.495683
109.604,0.837405,-0.677224
109.605,0.867875,-0.854804
109.606,0.897981,-1.02645
109.607,0.903562,-1.19065
109.608,0.923661,-1.34639
109.609,0.953558,-1.49319
109.61,0.981209,-1.63109
109.611,1.00947,-1.76058
109.612,1.03847,-1.88258
109.613,1.06603,-1.9983
109.614,1.09321,-2.10917
109.615,1.12905,-2.21674
109.616,1.15738,-2.32258
109.617,1.18244,-2.4282
109.618,1.20996,-2.53498
109.619,1.23564,-2.64412
109.62,1.26217,-2.75662
109.621,1.28646,-2.87325
109.622,1.31184,-2.99457
109.623,1.33594,-3.1209
109.624,1.36107,-3.25236
109.625,1.36603,-3.38889
109.626,1.39629,-3.53023
109.627,1.42294,-3.67598
109.628,1.44732,-3.82556
109.629,1.47003,-3.97824
109.63,1.49386,-4.13317
109.631,1.51568,-4.28931
109.632,1.53871,-4.44553
109.633,1.56006,-4.60058
109.634,1.58131,-4.75312
109.635,1.60299,-4.90181
109.636,1.63098,-5.04533
109.637,1.65335,-5.18247
109.638,1.67292,-5.31219
109.639,1.69197,-5.43371
109.64,1.71225,-5.54658
109.641,1.73151,-5.65072
109.642,1.73584,-5.74646
109.643,1.75177,-5.83455
109.644,1.77776,-5.91611
109.645,1.79923,-5.99259
109.646,1.81717,-6.06569
109.647,1.83572,-6.1372
109.648,1.85451,-6.20895
109.649,1.87186,-6.28258
109.65,1.88939,-6.3595
109.651,1.90713,-6.44076
109.652,1.92534,-6.52694
109.653,1.94301,-6.61817
109.654,1.96099,-6.71412
109.655,1.98479,-6.81402
109.656,2.00443,-6.91681
109.657,2.02026,-7.02118
109.658,2.0366,-7.12577
109.659,2.05125,-7.22928
109.66,2.06677,-7.3306
109.661,2.07013,-7.4289
109.662,2.08273,-7.52372
109.663,2.09787,-7.61498
109.664,2.1119,-7.70299
109.665,2.13231,-7.78835
109.666,2.14725,-7.87188
109.667,2.16104,-7.95451
109.668,2.17494,-8.03716
109.669,2.18791,-8.12057
109.67,2.20061,-8.20529
109.671,2.21201,-8.2915
109.672,2.22253,-8.37906
109.673,2.23821,-8.46746
109.674,2.24995,-8.55589
109.675,2.26028,-8.64331
109.676,2.27062,-8.72851
109.677,2.27296,-8.81029
109.678,2.28016,-8.88749
109.679,2.28964,-8.95911
109.68,2.2989,-9.02442
109.681,2.30758,-9.08293
109.682,2.31624,-9.13443
109.683,2.32463,-9.179
109.684,2.33244,-9.2169
109.685,2.34307,-9.24855
109.686,2.35042,-9.27445
109.687,2.35601,-9.29511
109.688,2.3614,-9.31102
109.689,2.36656,-9.32258
109.69,2.37146,-9.33011
109.691,2.37606,-9.33389
109.692,2.37979,-9.33415
109.693,2.38292,-9.33111
109.694,2.38355,-9.32507
109.695,2.38355,-9.31644
109.696,2.38355,-9.30573
109.697,2.39098,-9.29358
109.698,2.39419,-9.28076
109.699,2.39588,-9.26809
109.7,2.39601,-9.2564
109.701,2.39602,-9.24643
109.702,2.3963,-9.23876
109.703,2.39636,-9.23373
109.704,2.39597,-9.23137
109.705,2.39523,-9.23138
109.706,2.39444,-9.23308
109.707,2.39324,-9.23553
109.708,2.39209,-9.2375
109.709,2.3907,-9.23762
109.71,2.38889,-9.23448
109.711,2.38723,-9.22673
109.712,2.3869,-9.2132
109.713,2.38615,-9.19303
109.714,2.38271,-9.16567
109.715,2.37969,-9.13096
109.716,2.37619,-9.08912
109.717,2.37255,-9.04068
109.718,2.36869,-8.98641
109.719,2.36428,-8.92723
109.72,2.35924,-8.86411
109.721,2.35459,-8.79791
109.722,2.34807,-8.72934
109.723,2.34201,-8.65887
109.724,2.33572,-8.58669
109.725,2.32497,-8.51268
109.726,2.31667,-8.4365
109.727,2.30908,-8.35764
109.728,2.30091,-8.27545
109.729,2.29223,-8.18933
109.73,2.2901,-8.09876
109.731,2.28335,-8.00341
109.732,2.27264,-7.90322
109.733,2.26402,-7.79842
109.734,2.2552,-7.68953
109.735,2.24459,-7.57736
109.736,2.2352,-7.46293
109.737,2.22408,-7.34737
109.738,2.20511,-7.23189
109.739,2.18907,-7.11765
109.74,2.17435,-7.00567
109.741,2.15891,-6.89677
109.742,2.14376,-6.79155
109.743,2.12812,-6.69035
109.744,2.11273,-6.59324
109.745,2.09904,-6.50008
109.746,2.08453,-6.41059
109.747,2.08142,-6.32434
109.748,2.05857,-6.24087
109.749,2.0348,-6.15973
109.75,2.01954,-6.08052
109.751,2.00266,-6.00291
109.752,1.98379,-5.92667
109.753,1.96346,-5.85167
109.754,1.94406,-5.77784
109.755,1.92434,-5.70514
109.756,1.90651,-5.63358
109.757,1.88488,-5.56311
109.758,1.86343,-5.49369
109.759,1.83177,-5.42518
109.76,1.80526,-5.35744
109.761,1.78061,-5.29026
109.762,1.75836,-5.22344
109.763,1.7324,-5.15677
109.764,1.70687,-5.09011
109.765,1.68193,-5.02336
109.766,1.6566,-4.95651
109.767,1.63529,-4.88964
109.768,1.6307,-4.82291
109.769,1.60921,-4.75654
109.77,1.58344,-4.69078
109.771,1.54457,-4.62588
109.772,1.51411,-4.56206
109.773,1.48707,-4.49948
109.774,1.45636,-4.43819
109.775,1.42974,-4.37815
109.776,1.40081,-4.31923
109.777,1.37202,-4.26122
109.778,1.34571,-4.20387
109.779,1.31765,-4.14692
109.78,1.27265,-4.09014
109.781,1.24194,-4.03339
109.782,1.21085,-3.97663
109.783,1.20474,-3.91996
109.784,1.17232,-3.86362
109.785,1.14658,-3.80796
109.786,1.12093,-3.75343
109.787,1.08696,-3.70054
109.788,1.05689,-3.64977