t;reali;virti;realii;virtii;realiii;virtiii;realiv;virtiv
1;0,27989;0,27989;0,34762;0,34762;0,30489;0,30489;0,29521;0,29521
2;0,27992;0,27992;0,34749;0,34749;0,30517;0,30517;0,29505;0,29505
3;0,27995;0,27995;0,34736;0,34736;0,30546;0,30546;0,29489;0,29489
4;0,27998;0,27998;0,34723;0,34723;0,30574;0,30574;0,29474;0,29474
5;0,28002;0,28002;0,34709;0,34709;0,30602;0,30602;0,29459;0,29459
6;0,28005;0,28005;0,34695;0,34695;0,3063;0,3063;0,29444;0,29444
7;0,28009;0,28009;0,34682;0,34682;0,30658;0,30658;0,29429;0,29429
8;0,28013;0,28013;0,34667;0,34667;0,30686;0,30686;0,29414;0,29414
9;0,28016;0,28016;0,34653;0,34653;0,30714;0,30714;0,294;0,294
10;0,2802;0,2802;0,34639;0,34639;0,30742;0,30742;0,29385;0,29385
11;0,28024;0,28024;0,34624;0,34624;0,3077;0,3077;0,2937;0,2937
12;0,28028;0,28028;0,34609;0,34609;0,30798;0,30798;0,29356;0,29356
13;0,28032;0,28032;0,34594;0,34594;0,30826;0,30826;0,29341;0,29341
14;0,28036;0,28036;0,34579;0,34579;0,30854;0,30854;0,29327;0,29327
15;0,2804;0,2804;0,34564;0,34564;0,30882;0,30882;0,29312;0,29312
16;0,28045;0,28045;0,34549;0,34549;0,3091;0,3091;0,29297;0,29297
17;0,28049;0,28049;0,34533;0,34533;0,30938;0,30938;0,29283;0,29283
18;0,28054;0,28054;0,34518;0,34518;0,30966;0,30966;0,29268;0,29268
19;0,28058;0,28058;0,34502;0,34502;0,30994;0,30994;0,29253;0,29253
20;0,28063;0,28063;0,34486;0,34486;0,31022;0,31022;0,29238;0,29238
21;0,28067;0,28067;0,34471;0,34471;0,3105;0,3105;0,29224;0,29224
22;0,28072;0,28072;0,34455;0,34455;0,31078;0,31078;0,29209;0,29209
23;0,28077;0,28077;0,34439;0,34439;0,31106;0,31106;0,29195;0,29195
24;0,28082;0,28082;0,34423;0,34423;0,31133;0,31133;0,2918;0,2918
25;0,28087;0,28087;0,34408;0,34408;0,31161;0,31161;0,29165;0,29165
26;0,28092;0,28092;0,34392;0,34392;0,31189;0,31189;0,29151;0,29151
27;0,28097;0,28097;0,34376;0,34376;0,31217;0,31217;0,29137;0,29137
28;0,28103;0,28103;0,34359;0,34359;0,31245;0,31245;0,29122;0,29122
29;0,28108;0,28108;0,34343;0,34343;0,31272;0,31272;0,29108;0,29108
30;0,28114;0,28114;0,34327;0,34327;0,313;0,313;0,29094;0,29094
31;0,28119;0,28119;0,34311;0,34311;0,31327;0,31327;0,2908;0,2908
32;0,28125;0,28125;0,34294;0,34294;0,31355;0,31355;0,29066;0,29066
33;0,28131;0,28131;0,34278;0,34278;0,31382;0,31382;0,29053;0,29053
34;0,28137;0,28137;0,34261;0,34261;0,31409;0,31409;0,29039;0,29039
35;0,28143;0,28143;0,34245;0,34245;0,31436;0,31436;0,29026;0,29026
36;0,2815;0,2815;0,34228;0,34228;0,31463;0,31463;0,29013;0,29013
37;0,28156;0,28156;0,34211;0,34211;0,3149;0,3149;0,29;0,29
38;0,28163;0,28163;0,34194;0,34194;0,31517;0,31517;0,28987;0,28987
39;0,28169;0,28169;0,34178;0,34178;0,31543;0,31543;0,28974;0,28974
40;0,28176;0,28176;0,34161;0,34161;0,3157;0,3157;0,28962;0,28962
41;0,28183;0,28183;0,34144;0,34144;0,31596;0,31596;0,28949;0,28949
42;0,28191;0,28191;0,34127;0,34127;0,31623;0,31623;0,28937;0,28937
43;0,28198;0,28198;0,34111;0,34111;0,31649;0,31649;0,28926;0,28926
44;0,28205;0,28205;0,34094;0,34094;0,31675;0,31675;0,28914;0,28914
45;0,28213;0,28213;0,34077;0,34077;0,31701;0,31701;0,28902;0,28902
46;0,2822;0,2822;0,3406;0,3406;0,31727;0,31727;0,28891;0,28891
47;0,28228;0,28228;0,34043;0,34043;0,31752;0,31752;0,2888;0,2888
48;0,28236;0,28236;0,34026;0,34026;0,31778;0,31778;0,28869;0,28869
49;0,28244;0,28244;0,34009;0,34009;0,31804;0,31804;0,28857;0,28857
50;0,28252;0,28252;0,33992;0,33992;0,3183;0,3183;0,28846;0,28846
51;0,2826;0,2826;0,33975;0,33975;0,31855;0,31855;0,28835;0,28835
52;0,28268;0,28268;0,33958;0,33958;0,31881;0,31881;0,28824;0,28824
53;0,28277;0,28277;0,3394;0,3394;0,31907;0,31907;0,28813;0,28813
54;0,28285;0,28285;0,33923;0,33923;0,31933;0,31933;0,28801;0,28801
55;0,28293;0,28293;0,33905;0,33905;0,31959;0,31959;0,2879;0,2879
56;0,28302;0,28302;0,33887;0,33887;0,31985;0,31985;0,28778;0,28778
57;0,2831;0,2831;0,3387;0,3387;0,32011;0,32011;0,28767;0,28767
58;0,28318;0,28318;0,33852;0,33852;0,32038;0,32038;0,28755;0,28755
59;0,28327;0,28327;0,33833;0,33833;0,32064;0,32064;0,28744;0,28744
60;0,28335;0,28335;0,33815;0,33815;0,32091;0,32091;0,28732;0,28732
61;0,28343;0,28343;0,33797;0,33797;0,32117;0,32117;0,2872;0,2872
62;0,28351;0,28351;0,33778;0,33778;0,32144;0,32144;0,28709;0,28709
63;0,28359;0,28359;0,3376;0,3376;0,32171;0,32171;0,28697;0,28697
64;0,28367;0,28367;0,33741;0,33741;0,32198;0,32198;0,28685;0,28685
65;0,28375;0,28375;0,33723;0,33723;0,32224;0,32224;0,28673;0,28673
66;0,28383;0,28383;0,33704;0,33704;0,32251;0,32251;0,28662;0,28662
67;0,28391;0,28391;0,33685;0,33685;0,32278;0,32278;0,2865;0,2865
68;0,28399;0,28399;0,33667;0,33667;0,32305;0,32305;0,28639;0,28639
69;0,28406;0,28406;0,33648;0,33648;0,32332;0,32332;0,28627;0,28627
70;0,28414;0,28414;0,3363;0,3363;0,3236;0,3236;0,28616;0,28616
71;0,28422;0,28422;0,33611;0,33611;0,32387;0,32387;0,28604;0,28604
72;0,28431;0,28431;0,33593;0,33593;0,32414;0,32414;0,28593;0,28593
73;0,28439;0,28439;0,33575;0,33575;0,32441;0,32441;0,28582;0,28582
74;0,28448;0,28448;0,33557;0,33557;0,32468;0,32468;0,2857;0,2857
75;0,28457;0,28457;0,33539;0,33539;0,32495;0,32495;0,28559;0,28559
76;0,28466;0,28466;0,33521;0,33521;0,32523;0,32523;0,28548;0,28548
77;0,28476;0,28476;0,33503;0,33503;0,3255;0,3255;0,28537;0,28537
78;0,28486;0,28486;0,33485;0,33485;0,32577;0,32577;0,28526;0,28526
79;0,28496;0,28496;0,33467;0,33467;0,32603;0,32603;0,28515;0,28515
80;0,28506;0,28506;0,3345;0,3345;0,3263;0,3263;0,28504;0,28504
81;0,28516;0,28516;0,33432;0,33432;0,32657;0,32657;0,28493;0,28493
82;0,28527;0,28527;0,33414;0,33414;0,32683;0,32683;0,28482;0,28482
83;0,28538;0,28538;0,33396;0,33396;0,3271;0,3271;0,28472;0,28472
84;0,28549;0,28549;0,33378;0,33378;0,32736;0,32736;0,28461;0,28461
85;0,28561;0,28561;0,3336;0,3336;0,32762;0,32762;0,28451;0,28451
86;0,28572;0,28572;0,33342;0,33342;0,32788;0,32788;0,2844;0,2844
87;0,28584;0,28584;0,33323;0,33323;0,32813;0,32813;0,2843;0,2843
88;0,28595;0,28595;0,33305;0,33305;0,32839;0,32839;0,2842;0,2842
89;0,28607;0,28607;0,33286;0,33286;0,32864;0,32864;0,2841;0,2841
90;0,28619;0,28619;0,33267;0,33267;0,32889;0,32889;0,284;0,284
91;0,28632;0,28632;0,33248;0,33248;0,32914;0,32914;0,2839;0,2839
92;0,28644;0,28644;0,33229;0,33229;0,32939;0,32939;0,28381;0,28381
93;0,28656;0,28656;0,33211;0,33211;0,32963;0,32963;0,28372;0,28372
94;0,28669;0,28669;0,33192;0,33192;0,32988;0,32988;0,28363;0,28363
95;0,28681;0,28681;0,33173;0,33173;0,33012;0,33012;0,28354;0,28354
96;0,28694;0,28694;0,33154;0,33154;0,33036;0,33036;0,28345;0,28345
97;0,28707;0,28707;0,33135;0,33135;0,3306;0,3306;0,28337;0,28337
98;0,28719;0,28719;0,33117;0,33117;0,33083;0,33083;0,28328;0,28328
99;0,28732;0,28732;0,33098;0,33098;0,33106;0,33106;0,2832;0,2832
100;0,28745;0,28745;0,3308;0,3308;0,3313;0,3313;0,28311;0,28311
101;0,28757;0,28757;0,33062;0,33062;0,33152;0,33152;0,28303;0,28303
102;0,2877;0,28771;0,33044;0,33044;0,33175;0,33175;0,28294;0,28295
103;0,28783;0,28784;0,33026;0,33025;0,33197;0,33197;0,28286;0,28286
104;0,28796;0,28797;0,33008;0,33007;0,33219;0,33219;0,28277;0,28278
105;0,28809;0,28811;0,3299;0,32989;0,33241;0,33241;0,28269;0,2827
106;0,28822;0,28824;0,32973;0,32971;0,33262;0,33263;0,2826;0,28262
107;0,28835;0,28838;0,32955;0,32952;0,33283;0,33284;0,28252;0,28254
108;0,28848;0,28852;0,32938;0,32934;0,33303;0,33306;0,28243;0,28246
109;0,28861;0,28866;0,32921;0,32916;0,33324;0,33327;0,28235;0,28238
110;0,28875;0,28881;0,32904;0,32898;0,33344;0,33347;0,28226;0,2823
111;0,28888;0,28895;0,32887;0,32879;0,33363;0,33368;0,28218;0,28222
112;0,28902;0,2891;0,3287;0,32861;0,33383;0,33388;0,28209;0,28214
113;0,28916;0,28925;0,32853;0,32843;0,33402;0,33408;0,28201;0,28207
114;0,2893;0,2894;0,32836;0,32825;0,33421;0,33428;0,28193;0,28199
115;0,28944;0,28955;0,32819;0,32807;0,3344;0,33447;0,28185;0,28192
116;0,28958;0,2897;0,32802;0,32789;0,33458;0,33467;0,28177;0,28184
117;0,28973;0,28986;0,32785;0,3277;0,33477;0,33486;0,28169;0,28177
118;0,28987;0,29001;0,32768;0,32752;0,33495;0,33505;0,28161;0,28169
119;0,29002;0,29017;0,32751;0,32734;0,33513;0,33523;0,28154;0,28162
120;0,29017;0,29033;0,32734;0,32716;0,33531;0,33542;0,28147;0,28155
121;0,29032;0,29049;0,32716;0,32698;0,33549;0,3356;0,2814;0,28148
122;0,29047;0,29065;0,32699;0,3268;0,33567;0,33578;0,28133;0,28141
123;0,29063;0,29081;0,32681;0,32662;0,33585;0,33596;0,28126;0,28134
124;0,29078;0,29098;0,32663;0,32644;0,33603;0,33613;0,28119;0,28127
125;0,29094;0,29114;0,32645;0,32626;0,33621;0,3363;0,28112;0,2812
126;0,29109;0,29131;0,32626;0,32608;0,33639;0,33647;0,28106;0,28113
127;0,29125;0,29148;0,32608;0,3259;0,33656;0,33664;0,28099;0,28107
128;0,29141;0,29165;0,32589;0,32572;0,33674;0,33681;0,28093;0,281
129;0,29157;0,29182;0,32571;0,32554;0,33692;0,33697;0,28087;0,28093
130;0,29173;0,29199;0,32552;0,32536;0,33709;0,33713;0,2808;0,28087
131;0,2919;0,29216;0,32533;0,32518;0,33727;0,33729;0,28074;0,28081
132;0,29206;0,29234;0,32514;0,325;0,33745;0,33745;0,28068;0,28074
133;0,29223;0,29251;0,32495;0,32482;0,33762;0,3376;0,28062;0,28068
134;0,2924;0,29269;0,32476;0,32464;0,33779;0,33775;0,28057;0,28062
135;0,29256;0,29287;0,32457;0,32446;0,33797;0,3379;0,28051;0,28056
136;0,29273;0,29304;0,32438;0,32428;0,33814;0,33805;0,28045;0,2805
137;0,2929;0,29322;0,3242;0,3241;0,33831;0,3382;0,2804;0,28044
138;0,29307;0,29341;0,32401;0,32392;0,33848;0,33834;0,28035;0,28038
139;0,29324;0,29359;0,32383;0,32374;0,33865;0,33848;0,28029;0,28032
140;0,29342;0,29377;0,32365;0,32357;0,33881;0,33862;0,28024;0,28026
141;0,29359;0,29395;0,32346;0,32339;0,33898;0,33876;0,28019;0,28021
142;0,29376;0,29414;0,32329;0,32321;0,33914;0,33889;0,28014;0,28015
143;0,29393;0,29433;0,32311;0,32303;0,3393;0,33902;0,28009;0,2801
144;0,2941;0,29451;0,32293;0,32285;0,33946;0,33915;0,28005;0,28004
145;0,29428;0,2947;0,32276;0,32268;0,33961;0,33928;0,28;0,27999
146;0,29445;0,29489;0,32258;0,3225;0,33976;0,33941;0,27995;0,27994
147;0,29462;0,29508;0,3224;0,32232;0,33991;0,33953;0,27991;0,27989
148;0,2948;0,29527;0,32223;0,32214;0,34005;0,33965;0,27986;0,27984
149;0,29497;0,29546;0,32205;0,32197;0,3402;0,33977;0,27982;0,27979
150;0,29515;0,29565;0,32188;0,32179;0,34034;0,33989;0,27977;0,27974
151;0,29532;0,29585;0,3217;0,32161;0,34047;0,34;0,27973;0,27969
152;0,2955;0,29604;0,32152;0,32144;0,34061;0,34011;0,27969;0,27965
153;0,29568;0,29624;0,32134;0,32126;0,34074;0,34022;0,27965;0,2796
154;0,29586;0,29643;0,32116;0,32109;0,34087;0,34033;0,27961;0,27955
155;0,29603;0,29663;0,32097;0,32091;0,34099;0,34044;0,27957;0,27951
156;0,29621;0,29683;0,32079;0,32073;0,34112;0,34054;0,27953;0,27947
157;0,2964;0,29703;0,3206;0,32056;0,34124;0,34064;0,27949;0,27942
158;0,29658;0,29722;0,32042;0,32038;0,34135;0,34074;0,27945;0,27938
159;0,29676;0,29742;0,32023;0,32021;0,34146;0,34084;0,27941;0,27934
160;0,29694;0,29762;0,32004;0,32003;0,34157;0,34093;0,27938;0,2793
161;0,29713;0,29782;0,31985;0,31986;0,34168;0,34102;0,27934;0,27926
162;0,29731;0,29803;0,31967;0,31969;0,34178;0,34111;0,27931;0,27923
163;0,2975;0,29823;0,31948;0,31951;0,34187;0,3412;0,27927;0,27919
164;0,29769;0,29843;0,31929;0,31934;0,34197;0,34129;0,27924;0,27915
165;0,29788;0,29863;0,3191;0,31916;0,34205;0,34137;0,27921;0,27912
166;0,29807;0,29884;0,31892;0,31899;0,34214;0,34145;0,27917;0,27909
167;0,29826;0,29904;0,31874;0,31882;0,34222;0,34153;0,27915;0,27905
168;0,29845;0,29925;0,31855;0,31864;0,3423;0,34161;0,27912;0,27902
169;0,29864;0,29945;0,31837;0,31847;0,34237;0,34169;0,27909;0,27899
170;0,29883;0,29966;0,31819;0,3183;0,34244;0,34176;0,27907;0,27896
171;0,29903;0,29986;0,31801;0,31813;0,34251;0,34183;0,27904;0,27893
172;0,29922;0,30007;0,31783;0,31795;0,34257;0,3419;0,27902;0,2789
173;0,29942;0,30028;0,31765;0,31778;0,34263;0,34197;0,279;0,27888
174;0,29962;0,30049;0,31747;0,31761;0,34269;0,34203;0,27898;0,27885
175;0,29982;0,30069;0,31729;0,31744;0,34274;0,3421;0,27896;0,27882
176;0,30002;0,3009;0,31712;0,31727;0,3428;0,34216;0,27894;0,2788
177;0,30022;0,30111;0,31694;0,3171;0,34285;0,34222;0,27892;0,27878
178;0,30042;0,30132;0,31677;0,31693;0,3429;0,34227;0,2789;0,27876
179;0,30062;0,30153;0,31659;0,31676;0,34295;0,34233;0,27888;0,27874
180;0,30083;0,30174;0,31642;0,31659;0,34299;0,34238;0,27886;0,27872
181;0,30103;0,30195;0,31625;0,31642;0,34304;0,34243;0,27885;0,2787
182;0,30124;0,30216;0,31607;0,31625;0,34308;0,34248;0,27883;0,27868
183;0,30145;0,30237;0,3159;0,31608;0,34312;0,34252;0,27881;0,27866
184;0,30166;0,30258;0,31573;0,31591;0,34316;0,34257;0,27879;0,27865
185;0,30187;0,30279;0,31556;0,31574;0,3432;0,34261;0,27877;0,27863
186;0,30208;0,303;0,31539;0,31557;0,34324;0,34265;0,27876;0,27862
187;0,30229;0,30321;0,31522;0,3154;0,34327;0,34269;0,27874;0,27861
188;0,3025;0,30343;0,31506;0,31523;0,34331;0,34272;0,27872;0,2786
189;0,30272;0,30364;0,31489;0,31507;0,34334;0,34276;0,2787;0,27859
190;0,30293;0,30385;0,31472;0,3149;0,34337;0,34279;0,27869;0,27858
191;0,30314;0,30406;0,31455;0,31473;0,34339;0,34282;0,27867;0,27857
192;0,30335;0,30427;0,31439;0,31456;0,34342;0,34285;0,27866;0,27856
193;0,30357;0,30448;0,31422;0,3144;0,34344;0,34287;0,27864;0,27856
194;0,30378;0,3047;0,31405;0,31423;0,34346;0,3429;0,27863;0,27855
195;0,30399;0,30491;0,31388;0,31406;0,34348;0,34292;0,27861;0,27855
196;0,3042;0,30512;0,31372;0,3139;0,3435;0,34294;0,2786;0,27855
197;0,30441;0,30533;0,31355;0,31373;0,34351;0,34296;0,27859;0,27855
198;0,30462;0,30555;0,31338;0,31357;0,34352;0,34297;0,27859;0,27855
199;0,30483;0,30576;0,31321;0,3134;0,34353;0,34298;0,27858;0,27855
200;0,30504;0,30597;0,31305;0,31324;0,34353;0,343;0,27858;0,27855
201;0,30525;0,30618;0,31288;0,31307;0,34353;0,34301;0,27858;0,27855
202;0,30546;0,30639;0,31271;0,31291;0,34353;0,34301;0,27858;0,27856
203;0,30567;0,3066;0,31254;0,31275;0,34352;0,34302;0,27858;0,27857
204;0,30588;0,30682;0,31237;0,31258;0,34352;0,34302;0,27859;0,27857
205;0,30609;0,30703;0,31221;0,31242;0,3435;0,34302;0,2786;0,27858
206;0,3063;0,30724;0,31204;0,31226;0,34349;0,34302;0,27862;0,27859
207;0,30651;0,30745;0,31187;0,31209;0,34347;0,34302;0,27863;0,2786
208;0,30672;0,30766;0,31171;0,31193;0,34345;0,34302;0,27865;0,27861
209;0,30694;0,30787;0,31154;0,31177;0,34343;0,34301;0,27867;0,27863
210;0,30716;0,30808;0,31138;0,31161;0,34341;0,343;0,2787;0,27864
211;0,30737;0,30829;0,31121;0,31145;0,34338;0,34299;0,27872;0,27866
212;0,30759;0,3085;0,31105;0,31129;0,34336;0,34298;0,27875;0,27868
213;0,30781;0,30871;0,31088;0,31113;0,34333;0,34296;0,27878;0,27869
214;0,30803;0,30892;0,31072;0,31097;0,3433;0,34295;0,27882;0,27871
215;0,30826;0,30913;0,31055;0,31081;0,34327;0,34293;0,27885;0,27873
216;0,30848;0,30934;0,31039;0,31065;0,34324;0,34291;0,27889;0,27876
217;0,3087;0,30954;0,31022;0,31049;0,34321;0,34289;0,27893;0,27878
218;0,30892;0,30975;0,31006;0,31033;0,34318;0,34286;0,27897;0,2788
219;0,30914;0,30996;0,30989;0,31017;0,34315;0,34284;0,27901;0,27883
220;0,30936;0,31016;0,30973;0,31001;0,34312;0,34281;0,27905;0,27886
221;0,30958;0,31037;0,30956;0,30985;0,34309;0,34278;0,27909;0,27889
222;0,3098;0,31058;0,3094;0,3097;0,34306;0,34275;0,27914;0,27892
223;0,31002;0,31078;0,30924;0,30954;0,34303;0,34271;0,27918;0,27895
224;0,31024;0,31099;0,30908;0,30938;0,343;0,34268;0,27922;0,27898
225;0,31045;0,31119;0,30891;0,30923;0,34296;0,34264;0,27927;0,27901
226;0,31066;0,31139;0,30875;0,30907;0,34293;0,3426;0,27931;0,27905
227;0,31087;0,3116;0,3086;0,30891;0,3429;0,34256;0,27935;0,27908
228;0,31108;0,3118;0,30844;0,30876;0,34286;0,34251;0,2794;0,27912
229;0,31129;0,312;0,30828;0,3086;0,34282;0,34247;0,27944;0,27916
230;0,3115;0,3122;0,30812;0,30845;0,34278;0,34242;0,27949;0,2792
231;0,3117;0,3124;0,30797;0,30829;0,34274;0,34237;0,27953;0,27924
232;0,31191;0,3126;0,30781;0,30814;0,3427;0,34232;0,27958;0,27929
233;0,31211;0,3128;0,30766;0,30799;0,34265;0,34227;0,27963;0,27933
234;0,31231;0,313;0,30751;0,30783;0,34261;0,34221;0,27967;0,27938
235;0,31252;0,3132;0,30736;0,30768;0,34256;0,34216;0,27972;0,27942
236;0,31272;0,3134;0,30721;0,30753;0,3425;0,3421;0,27977;0,27947
237;0,31292;0,31359;0,30706;0,30738;0,34245;0,34204;0,27982;0,27952
238;0,31313;0,31379;0,30691;0,30723;0,34239;0,34197;0,27987;0,27958
239;0,31333;0,31398;0,30676;0,30707;0,34233;0,34191;0,27993;0,27963
240;0,31353;0,31418;0,30661;0,30692;0,34226;0,34184;0,27998;0,27968
241;0,31374;0,31437;0,30646;0,30677;0,34219;0,34178;0,28003;0,27974
242;0,31394;0,31456;0,30631;0,30662;0,34212;0,34171;0,28009;0,2798
243;0,31414;0,31475;0,30616;0,30647;0,34204;0,34163;0,28014;0,27985
244;0,31435;0,31494;0,30601;0,30632;0,34196;0,34156;0,2802;0,27991
245;0,31455;0,31513;0,30586;0,30618;0,34188;0,34149;0,28026;0,27998
246;0,31476;0,31532;0,30572;0,30603;0,3418;0,34141;0,28032;0,28004
247;0,31496;0,31551;0,30557;0,30588;0,34171;0,34133;0,28038;0,2801
248;0,31516;0,3157;0,30542;0,30573;0,34162;0,34125;0,28044;0,28017
249;0,31536;0,31588;0,30528;0,30558;0,34153;0,34117;0,2805;0,28024
250;0,31557;0,31607;0,30513;0,30544;0,34144;0,34108;0,28056;0,2803
251;0,31577;0,31625;0,30499;0,30529;0,34134;0,34099;0,28062;0,28038
252;0,31597;0,31644;0,30485;0,30514;0,34125;0,34091;0,28069;0,28045
253;0,31616;0,31662;0,30471;0,305;0,34115;0,34082;0,28075;0,28052
254;0,31636;0,3168;0,30458;0,30485;0,34105;0,34072;0,28082;0,28059
255;0,31656;0,31698;0,30444;0,30471;0,34095;0,34063;0,28088;0,28067
256;0,31676;0,31716;0,30431;0,30457;0,34084;0,34053;0,28095;0,28075
257;0,31695;0,31733;0,30418;0,30442;0,34074;0,34044;0,28102;0,28083
258;0,31715;0,31751;0,30405;0,30428;0,34063;0,34034;0,28109;0,28091
259;0,31734;0,31768;0,30392;0,30414;0,34053;0,34024;0,28116;0,28099
260;0,31753;0,31786;0,30379;0,30399;0,34042;0,34013;0,28123;0,28108
261;0,31772;0,31803;0,30367;0,30385;0,34031;0,34003;0,2813;0,28116
262;0,31791;0,3182;0,30354;0,30371;0,3402;0,33992;0,28137;0,28125
263;0,3181;0,31837;0,30342;0,30357;0,34008;0,33982;0,28145;0,28134
264;0,31828;0,31854;0,3033;0,30343;0,33997;0,33971;0,28152;0,28143
265;0,31847;0,31871;0,30317;0,30329;0,33985;0,33959;0,2816;0,28152
266;0,31865;0,31888;0,30305;0,30315;0,33974;0,33948;0,28168;0,28161
267;0,31883;0,31904;0,30293;0,30301;0,33962;0,33937;0,28176;0,28171
268;0,31901;0,31921;0,3028;0,30287;0,3395;0,33925;0,28184;0,2818
269;0,31919;0,31937;0,30267;0,30273;0,33938;0,33913;0,28193;0,2819
270;0,31937;0,31953;0,30255;0,30259;0,33926;0,33901;0,28202;0,282
271;0,31954;0,31969;0,30242;0,30246;0,33913;0,33889;0,28211;0,2821
272;0,31972;0,31985;0,30228;0,30232;0,339;0,33876;0,2822;0,2822
273;0,31989;0,32;0,30215;0,30218;0,33888;0,33864;0,28229;0,28231
274;0,32006;0,32016;0,30202;0,30205;0,33875;0,33851;0,28239;0,28241
275;0,32023;0,32031;0,30188;0,30191;0,33861;0,33838;0,28249;0,28252
276;0,3204;0,32047;0,30175;0,30177;0,33848;0,33825;0,28259;0,28263
277;0,32056;0,32062;0,30161;0,30164;0,33834;0,33812;0,2827;0,28274
278;0,32072;0,32077;0,30148;0,30151;0,3382;0,33798;0,28281;0,28285
279;0,32088;0,32091;0,30134;0,30137;0,33805;0,33785;0,28292;0,28297
280;0,32104;0,32106;0,30121;0,30124;0,3379;0,33771;0,28303;0,28308
281;0,32119;0,32121;0,30107;0,30111;0,33775;0,33757;0,28315;0,2832
282;0,32134;0,32135;0,30094;0,30097;0,3376;0,33743;0,28326;0,28332
283;0,32149;0,32149;0,30081;0,30084;0,33744;0,33728;0,28338;0,28344
284;0,32164;0,32163;0,30068;0,30071;0,33729;0,33714;0,28351;0,28356
285;0,32178;0,32177;0,30055;0,30058;0,33713;0,33699;0,28363;0,28369
286;0,32192;0,32191;0,30042;0,30045;0,33697;0,33684;0,28376;0,28381
287;0,32206;0,32204;0,30029;0,30032;0,3368;0,33669;0,28389;0,28394
288;0,32219;0,32217;0,30016;0,30019;0,33664;0,33654;0,28402;0,28407
289;0,32232;0,32231;0,30003;0,30006;0,33647;0,33639;0,28416;0,2842
290;0,32245;0,32243;0,29991;0,29993;0,33631;0,33623;0,28429;0,28434
291;0,32258;0,32256;0,29978;0,29981;0,33614;0,33608;0,28443;0,28447
292;0,3227;0,32269;0,29966;0,29968;0,33597;0,33592;0,28457;0,28461
293;0,32283;0,32281;0,29954;0,29955;0,3358;0,33576;0,28472;0,28474
294;0,32295;0,32294;0,29941;0,29943;0,33563;0,3356;0,28486;0,28488
295;0,32307;0,32306;0,29929;0,2993;0,33546;0,33543;0,28501;0,28502
296;0,32318;0,32318;0,29917;0,29917;0,33528;0,33527;0,28516;0,28517
297;0,3233;0,32329;0,29905;0,29905;0,33511;0,3351;0,28531;0,28531
298;0,32341;0,32341;0,29892;0,29893;0,33494;0,33493;0,28546;0,28546
299;0,32352;0,32352;0,2988;0,2988;0,33477;0,33476;0,28561;0,28561
300;0,32363;0,32363;0,29868;0,29868;0,33459;0,33459;0,28576;0,28576
301;0,32374;0,32374;0,29856;0,29856;0,33442;0,33442;0,28591;0,28591
302;0,32385;0,32385;0,29843;0,29843;0,33425;0,33425;0,28606;0,28606
303;0,32396;0,32396;0,29831;0,29831;0,33408;0,33408;0,28622;0,28622
304;0,32407;0,32407;0,29819;0,29819;0,3339;0,3339;0,28637;0,28637
305;0,32417;0,32417;0,29806;0,29806;0,33373;0,33373;0,28653;0,28653
306;0,32428;0,32428;0,29794;0,29794;0,33356;0,33356;0,28668;0,28668
307;0,32438;0,32438;0,29782;0,29782;0,33339;0,33339;0,28685;0,28685
308;0,32448;0,32448;0,2977;0,2977;0,33322;0,33322;0,28701;0,28701
309;0,32458;0,32458;0,29758;0,29758;0,33305;0,33305;0,28717;0,28717
310;0,32468;0,32468;0,29746;0,29746;0,33288;0,33288;0,28734;0,28734
311;0,32477;0,32477;0,29734;0,29734;0,33271;0,33271;0,28751;0,28751
312;0,32486;0,32486;0,29722;0,29722;0,33254;0,33254;0,28769;0,28769
313;0,32494;0,32494;0,2971;0,2971;0,33237;0,33237;0,28787;0,28787
314;0,32503;0,32503;0,29698;0,29698;0,3322;0,3322;0,28805;0,28805
315;0,3251;0,3251;0,29687;0,29687;0,33202;0,33202;0,28823;0,28823
316;0,32517;0,32517;0,29675;0,29675;0,33185;0,33185;0,28841;0,28841
317;0,32524;0,32524;0,29663;0,29663;0,33168;0,33168;0,2886;0,2886
318;0,3253;0,3253;0,29652;0,29652;0,3315;0,3315;0,28878;0,28878
319;0,32536;0,32536;0,2964;0,2964;0,33132;0,33132;0,28897;0,28897
320;0,32541;0,32541;0,29628;0,29628;0,33115;0,33115;0,28916;0,28916
321;0,32545;0,32545;0,29617;0,29617;0,33096;0,33096;0,28935;0,28935
322;0,32549;0,32549;0,29605;0,29605;0,33078;0,33078;0,28954;0,28954
323;0,32552;0,32552;0,29593;0,29593;0,3306;0,3306;0,28973;0,28973
324;0,32555;0,32555;0,29582;0,29582;0,33041;0,33041;0,28993;0,28993
325;0,32557;0,32557;0,2957;0,2957;0,33022;0,33022;0,29013;0,29013
326;0,32559;0,32559;0,29558;0,29558;0,33003;0,33003;0,29033;0,29033
327;0,3256;0,3256;0,29547;0,29547;0,32984;0,32984;0,29053;0,29053
328;0,32562;0,32562;0,29535;0,29535;0,32964;0,32964;0,29074;0,29074
329;0,32562;0,32562;0,29524;0,29524;0,32944;0,32944;0,29095;0,29095
330;0,32563;0,32563;0,29513;0,29513;0,32924;0,32924;0,29116;0,29116
331;0,32563;0,32563;0,29502;0,29502;0,32904;0,32904;0,29138;0,29138
332;0,32563;0,32563;0,29491;0,29491;0,32884;0,32884;0,29159;0,29159
333;0,32562;0,32562;0,29479;0,29479;0,32863;0,32863;0,29182;0,29182
334;0,32562;0,32562;0,29468;0,29468;0,32842;0,32842;0,29204;0,29204
335;0,32561;0,32561;0,29457;0,29457;0,32821;0,32821;0,29227;0,29227
336;0,32561;0,32561;0,29446;0,29446;0,328;0,328;0,2925;0,2925
337;0,3256;0,3256;0,29435;0,29435;0,32779;0,32779;0,29273;0,29273
338;0,32559;0,32559;0,29424;0,29424;0,32758;0,32758;0,29297;0,29297
339;0,32558;0,32558;0,29413;0,29413;0,32736;0,32736;0,29321;0,29321
340;0,32556;0,32556;0,29402;0,29402;0,32715;0,32715;0,29345;0,29345
341;0,32555;0,32555;0,29391;0,29391;0,32693;0,32693;0,29369;0,29369
342;0,32554;0,32554;0,2938;0,2938;0,32671;0,32671;0,29393;0,29393
343;0,32552;0,32552;0,29369;0,29369;0,32649;0,32649;0,29418;0,29418
344;0,32551;0,32551;0,29359;0,29359;0,32626;0,32626;0,29443;0,29443
345;0,32549;0,32549;0,29349;0,29349;0,32604;0,32604;0,29468;0,29468
346;0,32548;0,32548;0,29338;0,29338;0,32582;0,32582;0,29493;0,29493
347;0,32546;0,32546;0,29328;0,29328;0,32559;0,32559;0,29519;0,29519
348;0,32544;0,32544;0,29318;0,29318;0,32536;0,32536;0,29544;0,29544
349;0,32542;0,32542;0,29308;0,29308;0,32513;0,32513;0,2957;0,2957
350;0,3254;0,3254;0,29298;0,29298;0,32489;0,32489;0,29596;0,29596
351;0,32538;0,32538;0,29289;0,29289;0,32466;0,32466;0,29622;0,29622
352;0,32535;0,32535;0,29279;0,29279;0,32442;0,32442;0,29648;0,29648
353;0,32533;0,32533;0,29269;0,29269;0,32418;0,32418;0,29674;0,29674
354;0,3253;0,3253;0,2926;0,2926;0,32394;0,32394;0,29701;0,29701
355;0,32527;0,32527;0,2925;0,2925;0,3237;0,3237;0,29727;0,29727
356;0,32524;0,32524;0,29241;0,29241;0,32345;0,32345;0,29754;0,29754
357;0,32521;0,32521;0,29231;0,29231;0,3232;0,3232;0,29781;0,29781
358;0,32517;0,32517;0,29222;0,29222;0,32295;0,32295;0,29808;0,29808
359;0,32514;0,32514;0,29212;0,29212;0,3227;0,3227;0,29835;0,29835
360;0,32509;0,32509;0,29203;0,29203;0,32245;0,32245;0,29862;0,29862
361;0,32505;0,32505;0,29194;0,29194;0,3222;0,3222;0,29889;0,29889
362;0,325;0,325;0,29185;0,29185;0,32195;0,32195;0,29917;0,29917
363;0,32494;0,32494;0,29176;0,29176;0,3217;0,3217;0,29945;0,29945
364;0,32488;0,32488;0,29167;0,29167;0,32145;0,32145;0,29972;0,29972
365;0,32482;0,32482;0,29158;0,29158;0,3212;0,3212;0,3;0,3
366;0,32475;0,32475;0,2915;0,2915;0,32096;0,32096;0,30028;0,30028
367;0,32468;0,32468;0,29141;0,29141;0,32071;0,32071;0,30057;0,30057
368;0,3246;0,3246;0,29133;0,29133;0,32046;0,32046;0,30085;0,30085
369;0,32451;0,32451;0,29125;0,29125;0,32022;0,32022;0,30114;0,30114
370;0,32442;0,32442;0,29117;0,29117;0,31997;0,31997;0,30142;0,30142
371;0,32433;0,32433;0,29109;0,29109;0,31973;0,31973;0,30171;0,30171
372;0,32423;0,32423;0,29101;0,29101;0,31948;0,31948;0,302;0,302
373;0,32413;0,32413;0,29094;0,29094;0,31924;0,31924;0,30229;0,30229
374;0,32403;0,32403;0,29086;0,29086;0,319;0,319;0,30258;0,30258
375;0,32392;0,32392;0,29078;0,29078;0,31876;0,31876;0,30287;0,30287
376;0,3238;0,3238;0,2907;0,2907;0,31852;0,31852;0,30316;0,30316
377;0,32368;0,32368;0,29062;0,29062;0,31828;0,31828;0,30345;0,30345
378;0,32356;0,32356;0,29054;0,29054;0,31803;0,31803;0,30374;0,30374
379;0,32343;0,32343;0,29046;0,29046;0,31779;0,31779;0,30403;0,30403
380;0,3233;0,3233;0,29038;0,29038;0,31755;0,31755;0,30432;0,30432
381;0,32317;0,32317;0,29029;0,29029;0,31731;0,31731;0,3046;0,3046
382;0,32303;0,32303;0,2902;0,2902;0,31707;0,31707;0,30489;0,30489
383;0,32289;0,32289;0,29012;0,29012;0,31683;0,31683;0,30517;0,30517
384;0,32274;0,32274;0,29003;0,29003;0,3166;0,3166;0,30546;0,30546
385;0,32259;0,32259;0,28994;0,28994;0,31636;0,31636;0,30574;0,30574
386;0,32244;0,32244;0,28984;0,28984;0,31612;0,31612;0,30602;0,30602
387;0,32228;0,32228;0,28975;0,28975;0,31588;0,31588;0,3063;0,3063
388;0,32212;0,32212;0,28966;0,28966;0,31564;0,31564;0,30658;0,30658
389;0,32196;0,32196;0,28957;0,28957;0,3154;0,3154;0,30686;0,30686
390;0,3218;0,3218;0,28948;0,28948;0,31516;0,31516;0,30714;0,30714
391;0,32163;0,32163;0,28938;0,28938;0,31492;0,31492;0,30742;0,30742
392;0,32146;0,32146;0,2893;0,2893;0,31468;0,31468;0,3077;0,3077
393;0,32129;0,32129;0,28921;0,28921;0,31444;0,31444;0,30798;0,30798
394;0,32112;0,32112;0,28912;0,28912;0,31421;0,31421;0,30826;0,30826
395;0,32095;0,32095;0,28904;0,28904;0,31397;0,31397;0,30854;0,30854
396;0,32078;0,32078;0,28896;0,28896;0,31373;0,31373;0,30882;0,30882
397;0,3206;0,3206;0,28888;0,28888;0,31349;0,31349;0,3091;0,3091
398;0,32043;0,32043;0,2888;0,2888;0,31326;0,31326;0,30938;0,30938
399;0,32025;0,32025;0,28872;0,28872;0,31302;0,31302;0,30966;0,30966
400;0,32007;0,32007;0,28864;0,28864;0,31279;0,31279;0,30994;0,30994