t;f_1;f_rec1;f_2;f_rec2;f_3;f_rec3;f_4;f_rec4;f_5;f_rec5;f_6;f_rec6;f_7;f_rec7;f_8;f_rec8;f_9;f_rec9;f_10;f_rec10;f_11;f_rec11
1;-0.0017041;-0.17431;-0.0017974;0.13948;-0.0042957;-0.031371;-0.0029558;0.34147;-0.00062429;0.65151;-0.0013006;0.19633;1.9666e-05;0.66922;-0.0026635;-0.012799;-0.001675;-0.37178;-0.0026851;-0.054727;-0.0027397;0.1789
2;-0.0049303;-0.16273;-0.0050606;0.14516;-0.013405;-0.024413;-0.0086116;0.36636;-0.0010674;0.67707;-0.0048182;0.1862;0.00075407;0.69858;-0.0091972;-0.039137;-0.0058987;-0.38516;-0.0093708;-0.064597;-0.0093361;0.16062
3;-0.0088787;-0.14778;-0.0087533;0.15563;-0.026396;-0.016568;-0.015609;0.39316;-9.5783e-05;0.70959;-0.011117;0.17482;0.003085;0.72712;-0.020067;-0.050824;-0.013071;-0.37897;-0.020663;-0.07968;-0.020104;0.142
4;-0.01276;-0.12833;-0.011833;0.17136;-0.042261;-0.0095988;-0.02255;0.4249;0.0035022;0.746;-0.020569;0.16173;0.0078963;0.75931;-0.035543;-0.067018;-0.023434;-0.37301;-0.036987;-0.098566;-0.035155;0.12169
5;-0.015785;-0.1038;-0.013259;0.19283;-0.060054;-0.0041679;-0.028009;0.46185;0.010906;0.78599;-0.033374;0.14666;0.016061;0.79529;-0.055709;-0.086194;-0.037081;-0.36823;-0.058604;-0.12126;-0.054431;0.099589
6;-0.017149;-0.073647;-0.011993;0.22052;-0.079013;-0.00092332;-0.03055;0.50426;0.023269;0.82927;-0.049578;0.12936;0.028428;0.83522;-0.08048;-0.10715;-0.053972;-0.36535;-0.085645;-0.14782;-0.077727;0.075718
7;-0.016013;-0.037463;-0.0070022;0.25486;-0.098578;-0.00044898;-0.028758;0.55231;0.041721;0.87548;-0.069096;0.10961;0.045812;0.87926;-0.10963;-0.12947;-0.073944;-0.36494;-0.11813;-0.17831;-0.10474;0.050069
8;-0.011506;0.0050766;0.0027604;0.29629;-0.11835;-0.0032405;-0.021242;0.60616;0.067362;0.92432;-0.091733;0.087175;0.068986;0.92755;-0.14282;-0.15353;-0.096751;-0.36745;-0.15598;-0.21285;-0.1351;0.022475
9;-0.0027424;0.054197;0.018363;0.34517;-0.13805;-0.0096675;-0.0066301;0.66596;0.10126;0.97567;-0.1172;0.061755;0.098678;0.98022;-0.17972;-0.18012;-0.12209;-0.37334;-0.19902;-0.25156;-0.16845;-0.0074663
10;0.011173;0.11;0.040895;0.40181;-0.15746;-0.019855;0.016452;0.732;0.14443;1.0298;-0.14517;0.033032;0.13558;1.0373;-0.21996;-0.20998;-0.14963;-0.38311;-0.24702;-0.29457;-0.20441;-0.040264
11;0.031153;0.17244;0.071462;0.46642;-0.17638;-0.03348;0.049397;0.80474;0.19784;1.0873;-0.17526;0.00071847;0.18035;1.0988;-0.26324;-0.2437;-0.17907;-0.39743;-0.29972;-0.34198;-0.24268;-0.076365
12;0.058119;0.24135;0.11117;0.53914;-0.19465;-0.04965;0.093631;0.88467;0.2624;1.149;-0.20718;-0.035405;0.23363;1.1646;-0.30924;-0.28174;-0.21013;-0.4172;-0.35688;-0.39392;-0.28296;-0.11607
13;0.093007;0.31661;0.16113;0.62002;-0.21216;-0.067018;0.15061;0.97227;0.33896;1.2155;-0.24067;-0.075475;0.29604;1.2342;-0.35773;-0.32447;-0.24256;-0.44358;-0.41829;-0.45049;-0.32502;-0.15954
14;0.13675;0.39826;0.22246;0.70907;-0.22887;-0.084034;0.22179;1.0679;0.42829;1.2872;-0.2756;-0.11954;0.3682;1.3072;-0.40849;-0.37224;-0.27619;-0.47816;-0.48375;-0.51182;-0.36871;-0.20678
15;0.19027;0.48655;0.29625;0.8063;-0.24474;-0.099125;0.30862;1.1717;0.53106;1.3643;-0.31195;-0.16762;0.45072;1.3835;-0.46136;-0.42545;-0.3109;-0.52292;-0.55315;-0.57805;-0.41391;-0.25772
16;0.25447;0.58184;0.38362;0.91161;-0.25971;-0.11076;0.41248;1.2836;0.64786;1.4468;-0.34976;-0.21974;0.5442;1.4631;-0.51625;-0.48459;-0.34662;-0.58039;-0.62636;-0.64929;-0.46059;-0.31218
17;0.33021;0.68445;0.48558;1.0248;-0.27358;-0.11749;0.53466;1.4038;0.77915;1.5344;-0.38918;-0.27604;0.64921;1.5463;-0.57309;-0.55027;-0.38337;-0.65281;-0.70331;-0.72562;-0.50874;-0.37007
18;0.41827;0.79458;0.60305;1.1457;-0.28599;-0.11799;0.67637;1.5321;0.92529;1.627;-0.43043;-0.3367;0.76622;1.6338;-0.63183;-0.62332;-0.42122;-0.73892;-0.78397;-0.80699;-0.55834;-0.43137
19;0.51933;0.91226;0.73677;1.2737;-0.29636;-0.11121;0.83867;1.669;1.0865;1.725;-0.47376;-0.40193;0.89561;1.7258;-0.69245;-0.70475;-0.46028;-0.83065;-0.86835;-0.89323;-0.6094;-0.49616
20;0.63394;1.0374;0.88726;1.4082;-0.30388;-0.09652;1.0225;1.8146;1.2627;1.8286;-0.5195;-0.47185;1.0376;1.8225;-0.75492;-0.79585;-0.50066;-0.91621;-0.95645;-0.98407;-0.66191;-0.56454
21;0.76254;1.1697;1.0548;1.5485;-0.30755;-0.073684;1.2285;1.9693;1.4538;1.9379;-0.56794;-0.54651;1.1922;1.9238;-0.81925;-0.89768;-0.54248;-0.98792;-1.0482;-1.0792;-0.71591;-0.63658
22;0.90533;1.3089;1.2393;1.6938;-0.30621;-0.042679;1.4569;2.133;1.6591;2.053;-0.61933;-0.62588;1.3594;2.0292;-0.88542;-1.009;-0.58587;-1.0452;-1.1436;-1.1783;-0.77139;-0.71232
23;1.0623;1.4546;1.4403;1.8433;-0.29853;-0.0035296;1.7077;2.3058;1.8777;2.1733;-0.67384;-0.70989;1.5385;2.1383;-0.95343;-1.1243;-0.63099;-1.0911;-1.2424;-1.2811;-0.82836;-0.79177
24;1.2331;1.6063;1.657;1.9963;-0.28308;0.043767;1.9801;2.487;2.108;2.298;-0.73162;-0.79845;1.7288;2.2508;-1.0233;-1.2359;-0.67805;-1.1289;-1.3444;-1.3873;-0.88682;-0.87494
25;1.4172;1.7631;1.8876;2.1518;-0.25842;0.099253;2.2726;2.6761;2.348;2.4263;-0.79279;-0.89151;1.9289;2.3664;-1.095;-1.3389;-0.72732;-1.1616;-1.4495;-1.4968;-0.94683;-0.96176
26;1.6132;1.9242;2.1299;2.3091;-0.22322;0.16297;2.5831;2.8722;2.5951;2.5572;-0.85754;-0.98906;2.137;2.4851;-1.1688;-1.4332;-0.77921;-1.192;-1.5576;-1.6092;-1.0085;-1.0521
27;1.8196;2.088;2.3808;2.4671;-0.17634;0.23484;2.9085;3.0745;2.8461;2.6903;-0.92618;-1.0911;2.3506;2.6068;-1.245;-1.5209;-0.83427;-1.2223;-1.6685;-1.7245;-1.0722;-1.1457
28;2.0338;2.2528;2.6365;2.6248;-0.1169;0.31454;3.2448;3.2823;3.0975;2.8252;-0.99917;-1.1975;2.5671;2.7307;-1.324;-1.6045;-0.89319;-1.2548;-1.7823;-1.8426;-1.1383;-1.2423
29;2.2528;2.4164;2.8928;2.7812;-0.044291;0.40142;3.5875;3.4952;3.3457;2.9615;-1.0771;-1.3082;2.7835;2.8559;-1.4063;-1.6858;-0.95674;-1.2919;-1.8991;-1.9631;-1.2072;-1.3416
30;2.4729;2.577;3.1457;2.9353;0.041921;0.49466;3.9321;3.7123;3.5868;3.0987;-1.1607;-1.4228;2.9966;2.9813;-1.4925;-1.7669;-1.0258;-1.3359;-2.0188;-2.0861;-1.2795;-1.4433
31;2.6902;2.7328;3.3914;3.0862;0.14206;0.59346;4.274;3.933;3.8174;3.2359;-1.2507;-1.5412;3.2035;3.1054;-1.5831;-1.8492;-1.101;-1.3893;-2.1414;-2.2114;-1.3558;-1.5472
32;2.9014;2.8826;3.6262;3.2331;0.25638;0.69713;4.6089;4.156;4.034;3.3721;-1.348;-1.6631;3.4012;3.2268;-1.6789;-1.9343;-1.1833;-1.455;-2.2672;-2.3389;-1.4365;-1.6528
33;3.1036;3.0254;3.8467;3.3754;0.38505;0.80509;4.9328;4.3799;4.2337;3.5062;-1.4535;-1.7881;3.5868;3.344;-1.7804;-2.0234;-1.2732;-1.5354;-2.3961;-2.4683;-1.5224;-1.7599
34;3.2942;3.1598;4.0494;3.5126;0.52801;0.91689;5.2414;4.6032;4.414;3.6374;-1.5678;-1.9163;3.7576;3.4561;-1.8881;-2.1181;-1.3713;-1.6308;-2.5282;-2.5994;-1.614;-1.8682
35;3.4703;3.2848;4.2315;3.6444;0.6849;1.0322;5.5313;4.8243;4.573;3.7649;-1.6916;-2.0474;3.9113;3.5617;-2.0027;-2.2194;-1.4779;-1.7362;-2.6636;-2.7319;-1.7118;-1.9779
36;3.6289;3.3992;4.391;3.7708;0.85504;1.1508;5.7996;5.042;4.7094;3.8886;-1.8256;-2.1815;4.0464;3.6597;-2.1243;-2.3288;-1.5932;-1.844;-2.8023;-2.8653;-1.8161;-2.089
37;3.7675;3.5018;4.5267;3.8916;1.0374;1.2725;6.0444;5.2552;4.8223;4.0083;-1.9701;-2.3184;4.1615;3.7483;-2.2534;-2.4473;-1.7173;-1.9485;-2.9442;-2.999;-1.9274;-2.2015
38;3.8846;3.5916;4.6383;4.007;1.2306;1.3973;6.2648;5.4632;4.9116;4.1243;-2.1251;-2.4579;4.256;3.8259;-2.3901;-2.5743;-1.85;-2.0486;-3.0891;-3.1326;-2.0456;-2.3153
39;3.9792;3.668;4.7259;4.1168;1.4329;1.5253;6.4602;5.6653;4.9776;4.2368;-2.2906;-2.5998;4.3298;3.8908;-2.5342;-2.7062;-1.9909;-2.1456;-3.2368;-3.2655;-2.1709;-2.4302
40;4.0514;3.7305;4.79;4.2209;1.642;1.6564;6.6308;5.8606;5.0212;4.3463;-2.4662;-2.7437;4.3831;3.9421;-2.6855;-2.838;-2.1394;-2.2409;-3.387;-3.3971;-2.3028;-2.5461
41;4.1015;3.7791;4.8319;4.3191;1.8554;1.7907;6.7772;6.0486;5.0437;4.4533;-2.6512;-2.8894;4.4168;3.9798;-2.8434;-2.9663;-2.2946;-2.3357;-3.5391;-3.5271;-2.4408;-2.6625
42;4.13;3.8144;4.8534;4.411;2.0702;1.9282;6.9005;6.2288;5.0471;4.5578;-2.8445;-3.0366;4.4322;4.0052;-3.0069;-3.0906;-2.4552;-2.431;-3.6924;-3.6549;-2.5841;-2.7793
43;4.1382;3.8372;4.8565;4.4962;2.2838;2.0689;7.0024;6.4006;5.0335;4.6592;-3.0445;-3.1849;4.4311;4.0203;-3.1749;-3.2118;-2.6195;-2.5272;-3.8461;-3.7803;-2.7317;-2.8961
44;4.1278;3.8493;4.8438;4.5742;2.4935;2.2125;7.0846;6.5634;5.0055;4.756;-3.2495;-3.3341;4.4155;4.0279;-3.3458;-3.3311;-2.7857;-2.6248;-3.9989;-3.9029;-2.8823;-3.0127
45;4.1011;3.8525;4.8177;4.6444;2.6966;2.3585;7.1494;6.7163;4.9658;4.8464;-3.4576;-3.4838;4.3878;4.0313;-3.5181;-3.4491;-2.9517;-2.7238;-4.1498;-4.0225;-3.0345;-3.1288
46;4.0608;3.8491;4.7808;4.7063;2.8909;2.506;7.1988;6.8587;4.9171;4.9291;-3.6668;-3.6337;4.3501;4.0344;-3.69;-3.5663;-3.1157;-2.8242;-4.2976;-4.1391;-3.1871;-3.2442
47;4.0092;3.8406;4.7353;4.7592;3.0744;2.6542;7.2347;6.9899;4.862;5.0031;-3.8753;-3.7834;4.3049;4.0414;-3.86;-3.6831;-3.2755;-2.9256;-4.4411;-4.2525;-3.3386;-3.3586
48;3.9489;3.8278;4.6834;4.8025;3.2457;2.8021;7.259;7.1099;4.8029;5.0681;-4.0811;-3.9325;4.2543;4.0556;-4.0262;-3.7997;-3.4293;-3.0277;-4.5793;-4.3624;-3.4879;-3.4715
49;3.8821;3.8108;4.6272;4.8358;3.4042;2.9487;7.2735;7.219;4.7421;5.1241;-4.2826;-4.0805;4.2004;4.0783;-4.1874;-3.9159;-3.5756;-3.1297;-4.7112;-4.469;-3.6338;-3.5826
50;3.8111;3.7895;4.5687;4.8588;3.5494;3.0929;7.28;7.3183;4.6816;5.1714;-4.4782;-4.2271;4.145;4.108;-4.3421;-4.0316;-3.7127;-3.231;-4.8361;-4.572;-3.7751;-3.6917
51;3.7379;3.764;4.5097;4.8712;3.6807;3.2339;7.2797;7.4089;4.6233;5.2102;-4.6662;-4.3717;4.0898;4.142;-4.4892;-4.1466;-3.8398;-3.3309;-4.9532;-4.6715;-3.9109;-3.7983
52;3.6647;3.7346;4.4516;4.8733;3.7976;3.3706;7.2738;7.4913;4.5685;5.2406;-4.8453;-4.514;4.0362;4.1778;-4.6275;-4.2606;-3.9557;-3.4287;-5.0619;-4.7674;-4.04;-3.9022
53;3.5931;3.7016;4.3955;4.8654;3.8992;3.502;7.2633;7.5652;4.5186;5.2628;-5.0142;-4.6537;3.985;4.2138;-4.7562;-4.3732;-4.06;-3.5239;-5.1617;-4.8598;-4.1618;-4.003
54;3.5249;3.6655;4.3422;4.8482;3.9852;3.6273;7.2489;7.6296;4.4742;5.2771;-5.1719;-4.7902;3.9372;4.2496;-4.8746;-4.4842;-4.1522;-3.6164;-5.2523;-4.9488;-4.2754;-4.1006
55;3.4612;3.6267;4.2921;4.8226;4.0558;3.7455;7.231;7.6837;4.4359;5.2848;-5.3175;-4.9231;3.8931;4.2857;-4.9824;-4.5931;-4.2324;-3.7062;-5.3336;-5.0344;-4.3803;-4.1949
56;3.4028;3.5854;4.2454;4.7894;4.1117;3.8559;7.2102;7.727;4.4037;5.2875;-5.4504;-5.0522;3.8528;4.3227;-5.0793;-4.6997;-4.3009;-3.7935;-5.4056;-5.1166;-4.476;-4.2859
57;3.3504;3.5419;4.2019;4.7495;4.1541;3.9573;7.1865;7.7595;4.3776;5.2874;-5.5705;-5.177;3.8163;4.3603;-5.1655;-4.8035;-4.3582;-3.8786;-5.4683;-5.1954;-4.5623;-4.3738
58;3.3041;3.4963;4.1613;4.7039;4.1839;4.0488;7.1603;7.7814;4.3572;5.2867;-5.6778;-5.2972;3.7835;4.3969;-5.2414;-4.9042;-4.4053;-3.9621;-5.5222;-5.2707;-4.6391;-4.4585
59;3.2637;3.449;4.1232;4.6534;4.202;4.1295;7.1314;7.7934;4.3418;5.2865;-5.773;-5.4124;3.7538;4.4299;-5.3074;-5.0017;-4.4431;-4.0445;-5.5677;-5.3423;-4.7065;-4.54
60;3.2292;3.4003;4.0868;4.5988;4.2091;4.1986;7.1;7.7961;4.3309;5.2865;-5.8569;-5.5224;3.7267;4.4566;-5.3643;-5.096;-4.4729;-4.1266;-5.6054;-5.41;-4.7647;-4.6178
61;3.1998;3.3509;4.0516;4.5411;4.2062;4.2558;7.0661;7.7899;4.3237;5.285;-5.9306;-5.6268;3.7017;4.4751;-5.4129;-5.1872;-4.4956;-4.2081;-5.6357;-5.4736;-4.8144;-4.6913
62;3.1751;3.3014;4.0167;4.4813;4.1939;4.3013;7.0299;7.775;4.3194;5.2799;-5.9951;-5.7256;3.6781;4.4841;-5.4542;-5.2756;-4.5125;-4.2882;-5.6595;-5.5329;-4.8564;-4.76
63;3.1543;3.2523;3.9817;4.4204;4.1733;4.3358;6.9915;7.7515;4.3171;5.2693;-6.0516;-5.8188;3.6553;4.4827;-5.4893;-5.3619;-4.5248;-4.3657;-5.6774;-5.5874;-4.8917;-4.8234
64;3.1367;3.2044;3.9459;4.3593;4.1452;4.3598;6.9514;7.7198;4.3162;5.2515;-6.1009;-5.9064;3.6326;4.4706;-5.519;-5.446;-4.5333;-4.4393;-5.6902;-5.6371;-4.9212;-4.8813
65;3.1215;3.1579;3.909;4.2988;4.1108;4.3736;6.91;7.6801;4.3161;5.2247;-6.144;-5.9886;3.6098;4.4479;-5.5443;-5.5276;-4.5389;-4.508;-5.6986;-5.6814;-4.9459;-4.9334
66;3.108;3.1129;3.8707;4.2395;4.071;4.3776;6.868;7.6332;4.3165;5.1874;-6.1817;-6.0658;3.5865;4.4147;-5.5663;-5.6058;-4.5422;-4.571;-5.7033;-5.7203;-4.9664;-4.9795
67;3.0955;3.0697;3.8311;4.1819;4.027;4.3719;6.8262;7.5798;4.3169;5.1392;-6.2153;-6.138;3.5626;4.3714;-5.5857;-5.6795;-4.5436;-4.6279;-5.7049;-5.7535;-4.9833;-5.0197
68;3.0834;3.0282;3.7902;4.1262;3.9797;4.3569;6.7853;7.5205;4.3175;5.0805;-6.2455;-6.2049;3.5379;4.3187;-5.603;-5.7479;-4.5434;-4.6781;-5.7038;-5.781;-4.9969;-5.0542
69;3.0714;2.9884;3.7483;4.0726;3.9303;4.333;6.7464;7.4561;4.3181;5.013;-6.2729;-6.2664;3.5125;4.2575;-5.6186;-5.8103;-4.5415;-4.7217;-5.7005;-5.803;-5.0079;-5.0834
70;3.0593;2.9504;3.7059;4.0209;3.8799;4.3014;6.7101;7.3873;4.3188;4.9387;-6.2978;-6.3224;3.4866;4.1888;-5.6328;-5.8664;-4.538;-4.7584;-5.695;-5.8198;-5.0167;-5.1077
71;3.0468;2.914;3.6633;3.9712;3.8295;4.2634;6.6774;7.3149;4.3196;4.8597;-6.3203;-6.3728;3.4604;4.114;-5.6455;-5.9159;-4.5328;-4.7885;-5.6875;-5.8317;-5.0239;-5.1277
72;3.0342;2.8795;3.6213;3.9231;3.7802;4.2204;6.6487;7.2395;4.3207;4.7775;-6.3401;-6.4175;3.4343;4.0344;-5.657;-5.9588;-4.5257;-4.812;-5.6779;-5.8389;-5.0297;-5.1439
73;3.0214;2.8468;3.5803;3.8765;3.7332;4.1737;6.6246;7.162;4.3221;4.6938;-6.3572;-6.4568;3.4088;3.9515;-5.6669;-5.9951;-4.5164;-4.8294;-5.6663;-5.8419;-5.0343;-5.157
74;3.0088;2.816;3.5411;3.8311;3.6891;4.1243;6.6055;7.0833;4.3238;4.6095;-6.3714;-6.4907;3.3845;3.8667;-5.6752;-6.0251;-4.5047;-4.8409;-5.6524;-5.8409;-5.0375;-5.1676
75;2.9964;2.7872;3.5043;3.7867;3.6487;4.0732;6.5914;7.0043;4.3258;4.5257;-6.3826;-6.5196;3.3619;3.781;-5.6817;-6.0488;-4.4903;-4.8469;-5.6363;-5.8362;-5.0393;-5.176
76;2.9847;2.7602;3.4705;3.7431;3.6122;4.0211;6.5821;6.9257;4.3278;4.443;-6.3906;-6.5435;3.3417;3.6957;-5.6862;-6.0667;-4.4731;-4.848;-5.6179;-5.828;-5.0394;-5.1821
77;2.9739;2.7352;3.4403;3.7003;3.5797;3.9685;6.5772;6.8484;4.3296;4.3617;-6.3949;-6.5628;3.3245;3.6117;-5.6883;-6.0793;-4.453;-4.8445;-5.5972;-5.8166;-5.0377;-5.1858
78;2.9642;2.7118;3.4143;3.6581;3.5512;3.916;6.576;6.7726;4.3307;4.2819;-6.3953;-6.5776;3.3107;3.5304;-5.6881;-6.0871;-4.43;-4.8367;-5.5742;-5.8021;-5.034;-5.1865
79;2.9557;2.6901;3.3929;3.6166;3.5263;3.864;6.5773;6.6983;4.3306;4.2036;-6.3916;-6.5884;3.3005;3.453;-5.6852;-6.0906;-4.4041;-4.8249;-5.5491;-5.7848;-5.0281;-5.1839
80;2.9485;2.6698;3.3765;3.5757;3.5046;3.8129;6.58;6.6256;4.3291;4.1267;-6.3837;-6.5952;3.2941;3.3808;-5.6797;-6.0903;-4.3757;-4.8092;-5.5223;-5.7647;-5.0199;-5.1778
81;2.9427;2.6509;3.3653;3.5356;3.4856;3.7627;6.5826;6.5544;4.3255;4.0511;-6.3718;-6.5985;3.2916;3.3147;-5.6717;-6.0866;-4.345;-4.7899;-5.494;-5.742;-5.0092;-5.1678
82;2.9379;2.6332;3.3593;3.4962;3.4688;3.7137;6.5836;6.4843;4.3196;3.9766;-6.3561;-6.5985;3.2928;3.2552;-5.6613;-6.0795;-4.3125;-4.7673;-5.4648;-5.7168;-4.9961;-5.1537
83;2.934;2.6169;3.3584;3.4576;3.4537;3.666;6.5814;6.415;4.3109;3.9033;-6.3369;-6.5954;3.2973;3.2019;-5.6487;-6.0691;-4.2788;-4.7416;-5.435;-5.6893;-4.9806;-5.1354
84;2.9306;2.6019;3.3624;3.4197;3.4397;3.6194;6.5745;6.3462;4.2991;3.8308;-6.315;-6.5893;3.3049;3.1538;-5.6344;-6.0552;-4.2447;-4.7134;-5.4053;-5.6596;-4.9627;-5.1131
85;2.9272;2.5881;3.3707;3.3827;3.4265;3.574;6.5616;6.2774;4.2838;3.7591;-6.291;-6.5802;3.3149;3.11;-5.6189;-6.0379;-4.2108;-4.683;-5.376;-5.6279;-4.9429;-5.0873
86;2.9233;2.5755;3.3826;3.3464;3.4138;3.5298;6.5413;6.2085;4.2648;3.6881;-6.2658;-6.568;3.3268;3.0689;-5.6024;-6.0173;-4.1779;-4.6507;-5.3477;-5.5944;-4.9214;-5.0584
87;2.9184;2.5641;3.3972;3.311;3.4014;3.4869;6.513;6.1395;4.2418;3.6177;-6.2399;-6.5528;3.3398;3.0289;-5.5857;-5.9932;-4.1468;-4.6166;-5.3207;-5.5594;-4.8987;-5.0269
88;2.9119;2.5538;3.4134;3.2763;3.389;3.4452;6.4759;6.0703;4.2147;3.548;-6.214;-6.5343;3.3529;2.9883;-5.5689;-5.9658;-4.1182;-4.5809;-5.2954;-5.5233;-4.875;-4.9934
89;2.9034;2.5445;3.4301;3.2425;3.3768;3.405;6.4297;6.0007;4.1835;3.4794;-6.1884;-6.5125;3.3654;2.9449;-5.5526;-5.9351;-4.0925;-4.5437;-5.272;-5.4862;-4.851;-4.9581
90;2.8925;2.5362;3.4465;3.2096;3.3645;3.3661;6.3743;5.9304;4.148;3.412;-6.1633;-6.4871;3.3762;2.8967;-5.537;-5.9012;-4.0703;-4.505;-5.2503;-5.4484;-4.8268;-4.9217
91;2.8788;2.5288;3.4615;3.1776;3.3524;3.3286;6.3101;5.8591;4.1082;3.3462;-6.139;-6.4579;3.3848;2.8426;-5.5222;-5.8645;-4.0516;-4.4651;-5.2305;-5.4103;-4.8029;-4.8844
92;2.8619;2.5223;3.4745;3.1465;3.3402;3.2925;6.2374;5.7861;4.0642;3.2821;-6.1155;-6.425;3.3903;2.7826;-5.5085;-5.8251;-4.0367;-4.4242;-5.2123;-5.3722;-4.7794;-4.8463
93;2.8417;2.5166;3.485;3.1166;3.3281;3.2576;6.1571;5.7112;4.0161;3.2194;-6.0929;-6.3882;3.3922;2.7172;-5.4959;-5.7833;-4.0253;-4.3826;-5.1956;-5.3344;-4.7566;-4.8074
94;2.818;2.5118;3.4921;3.0878;3.3159;3.2239;6.07;5.6338;3.9642;3.1577;-6.0712;-6.3477;3.39;2.6471;-5.4844;-5.7394;-4.0172;-4.3404;-5.18;-5.2972;-4.7346;-4.7674
95;2.7905;2.5077;3.4954;3.0604;3.3035;3.1911;5.9771;5.554;3.9086;3.0963;-6.0501;-6.3034;3.3834;2.5728;-5.4741;-5.6937;-4.0118;-4.2976;-5.1651;-5.2609;-4.7134;-4.7265
96;2.7593;2.5042;3.4943;3.0344;3.2905;3.1592;5.8794;5.4715;3.8498;3.0349;-6.0294;-6.2556;3.372;2.4943;-5.4649;-5.6463;-4.0086;-4.2545;-5.1506;-5.2258;-4.6931;-4.6844
97;2.7242;2.5014;3.4884;3.0099;3.2768;3.1279;5.7778;5.3866;3.788;2.9733;-6.0087;-6.2044;3.3558;2.4112;-5.4565;-5.5975;-4.0069;-4.2108;-5.136;-5.1923;-4.6735;-4.6412
98;2.6853;2.499;3.4774;2.9872;3.2621;3.0971;5.6734;5.2993;3.7237;2.9112;-5.9876;-6.1501;3.3348;2.3233;-5.4487;-5.5475;-4.006;-4.1667;-5.1209;-5.1605;-4.6546;-4.597
99;2.6427;2.497;3.4615;2.966;3.246;3.0665;5.567;5.2099;3.6573;2.8487;-5.9657;-6.093;3.3093;2.2309;-5.4413;-5.4964;-4.0052;-4.1219;-5.105;-5.1304;-4.6361;-4.5519
100;2.5964;2.4953;3.4407;2.9465;3.2282;3.0361;5.4594;5.1189;3.5893;2.7857;-5.9427;-6.0332;3.2794;2.1352;-5.434;-5.4443;-4.0036;-4.0763;-5.088;-5.1022;-4.6178;-4.5059
101;2.5466;2.4938;3.4153;2.9282;3.2083;3.0055;5.3515;5.0268;3.5201;2.7224;-5.9181;-5.9708;3.2454;2.0382;-5.4264;-5.3913;-4.0007;-4.0299;-5.0694;-5.0755;-4.5993;-4.4592
102;2.4936;2.4924;3.3855;2.9111;3.1863;2.9749;5.2437;4.9337;3.4503;2.6589;-5.8915;-5.9056;3.2077;1.9423;-5.4182;-5.3375;-3.9957;-3.9823;-5.049;-5.05;-4.5804;-4.4118
103;2.4375;2.4909;3.3516;2.8947;3.1619;2.9442;5.1367;4.8398;3.3802;2.5953;-5.8624;-5.8377;3.1667;1.85;-5.4089;-5.2831;-3.9881;-3.9337;-5.0265;-5.0253;-4.5605;-4.3636
104;2.3788;2.4892;3.3139;2.8785;3.1353;2.9136;5.0308;4.7446;3.3104;2.5317;-5.8303;-5.7669;3.1226;1.764;-5.3983;-5.2282;-3.9775;-3.8841;-5.0018;-5.0007;-4.5393;-4.3146
105;2.3176;2.487;3.273;2.862;3.1067;2.8834;4.9261;4.648;3.241;2.4683;-5.7949;-5.6935;3.076;1.6874;-5.386;-5.1731;-3.9634;-3.8337;-4.9746;-4.9756;-4.5162;-4.2649
106;2.2546;2.4838;3.2292;2.8447;3.0762;2.8536;4.823;4.55;3.1725;2.4052;-5.7557;-5.6175;3.0274;1.6229;-5.3715;-5.1178;-3.9456;-3.7823;-4.9447;-4.9495;-4.4908;-4.2142
107;2.19;2.4792;3.183;2.8261;3.0442;2.8245;4.7216;4.4507;3.1051;2.3427;-5.7122;-5.5392;2.977;1.5726;-5.3545;-5.0623;-3.924;-3.7299;-4.912;-4.9217;-4.4625;-4.1627
108;2.1246;2.4723;3.1348;2.8058;3.011;2.7962;4.6216;4.3505;3.039;2.2808;-5.6643;-5.4589;2.9254;1.537;-5.3345;-5.0064;-3.8987;-3.6765;-4.8765;-4.8916;-4.431;-4.1101
109;2.0588;2.4625;3.0852;2.7837;2.9768;2.7687;4.5232;4.2499;2.9742;2.2198;-5.6114;-5.3766;2.8729;1.5148;-5.3111;-4.9497;-3.8697;-3.6218;-4.838;-4.8588;-4.3961;-4.0568
110;1.9934;2.4487;3.0345;2.7594;2.9419;2.742;4.4262;4.1494;2.9108;2.1597;-5.5535;-5.2927;2.8198;1.5035;-5.2839;-4.892;-3.8373;-3.5659;-4.7966;-4.8228;-4.3573;-4.003
111;1.929;2.4301;2.9832;2.733;2.9066;2.7162;4.3302;4.0493;2.8485;2.1008;-5.4903;-5.2071;2.7664;1.5009;-5.2526;-4.8331;-3.802;-3.5088;-4.7521;-4.7832;-4.3146;-3.9488
112;1.8659;2.4057;2.9316;2.7045;2.8711;2.691;4.2352;3.9496;2.7871;2.0431;-5.4216;-5.1201;2.7131;1.5047;-5.217;-4.7725;-3.764;-3.4508;-4.7045;-4.7397;-4.2678;-3.8946
113;1.8045;2.3746;2.8799;2.6743;2.8357;2.6663;4.1408;3.8503;2.7263;1.9867;-5.3477;-5.0317;2.6601;1.5129;-5.1767;-4.7101;-3.7239;-3.3923;-4.654;-4.6922;-4.2168;-3.8403
114;1.7454;2.3362;2.8284;2.6424;2.8005;2.6419;4.0469;3.7515;2.6658;1.9314;-5.2685;-4.9419;2.6075;1.524;-5.1319;-4.6456;-3.6823;-3.3338;-4.6006;-4.6403;-4.1615;-3.7862
115;1.6886;2.2901;2.7773;2.6092;2.7656;2.6175;3.9532;3.6533;2.6053;1.8774;-5.1845;-4.8508;2.5556;1.5365;-5.0823;-4.5791;-3.6394;-3.2758;-4.5444;-4.5839;-4.1021;-3.7323
116;1.6344;2.2363;2.7268;2.5749;2.7312;2.5929;3.8596;3.5557;2.5443;1.8242;-5.0959;-4.7584;2.5044;1.549;-5.028;-4.5108;-3.5958;-3.219;-4.4856;-4.5229;-4.0386;-3.6785
117;1.5828;2.175;2.677;2.5395;2.6972;2.5677;3.7659;3.459;2.4827;1.7719;-5.0034;-4.6648;2.454;1.5603;-4.9692;-4.4412;-3.5517;-3.1641;-4.4246;-4.4574;-3.9714;-3.6249
118;1.5339;2.1068;2.628;2.5033;2.6638;2.5416;3.6721;3.3631;2.4202;1.7201;-4.9073;-4.5703;2.4044;1.5695;-4.9059;-4.3709;-3.5073;-3.1116;-4.3616;-4.3875;-3.9006;-3.5714
119;1.4875;2.0325;2.58;2.4664;2.631;2.5145;3.5782;3.2683;2.3566;1.6691;-4.8085;-4.4751;2.3556;1.5755;-4.8384;-4.3004;-3.4629;-3.0618;-4.297;-4.3134;-3.8266;-3.5177
120;1.4434;1.9533;2.533;2.4288;2.5986;2.4861;3.4842;3.1749;2.2919;1.6187;-4.7074;-4.3796;2.3077;1.577;-4.7669;-4.23;-3.4185;-3.0141;-4.2309;-4.2356;-3.7496;-3.4638
121;1.4013;1.8704;2.4868;2.3906;2.5667;2.4566;3.3903;3.0828;2.2263;1.5691;-4.6046;-4.2838;2.2606;1.5729;-4.6918;-4.1604;-3.3741;-2.968;-4.1637;-4.1545;-3.6699;-3.4093
122;1.3608;1.7851;2.4415;2.3518;2.535;2.426;3.2965;2.9922;2.1598;1.5202;-4.5009;-4.188;2.2144;1.5618;-4.6133;-4.0919;-3.3297;-2.9227;-4.0956;-4.0706;-3.5879;-3.3541
123;1.3216;1.6982;2.397;2.3124;2.5034;2.3945;3.203;2.903;2.0928;1.4719;-4.3965;-4.0924;2.1688;1.5425;-4.5318;-4.0246;-3.2853;-2.8776;-4.0268;-3.9844;-3.5039;-3.2981
124;1.2833;1.6105;2.353;2.2724;2.4718;2.3619;3.11;2.815;2.0256;1.4241;-4.292;-3.9971;2.124;1.5143;-4.4476;-3.9584;-3.2406;-2.8318;-3.9574;-3.8963;-3.4182;-3.2412
125;1.2457;1.5229;2.3095;2.2319;2.4399;2.3286;3.0176;2.7279;1.9586;1.3765;-4.1878;-3.9023;2.08;1.4774;-4.3609;-3.8931;-3.1956;-2.7846;-3.8875;-3.8068;-3.3309;-3.1832
126;1.2085;1.4362;2.2662;2.1908;2.4077;2.2943;2.9259;2.6412;1.8919;1.3291;-4.0841;-3.808;2.0365;1.433;-4.2718;-3.828;-3.15;-2.7356;-3.8171;-3.7164;-3.2423;-3.1241
127;1.1715;1.3519;2.2229;2.1491;2.3749;2.2592;2.8351;2.5548;1.8261;1.282;-3.981;-3.7142;1.9936;1.3829;-4.1804;-3.7627;-3.1036;-2.6848;-3.7463;-3.6257;-3.1527;-3.064
128;1.1347;1.2713;2.1793;2.1068;2.3414;2.2232;2.7453;2.4689;1.7612;1.2355;-3.8785;-3.6211;1.951;1.3288;-4.0867;-3.6968;-3.0562;-2.6328;-3.675;-3.5351;-3.0621;-3.003
129;1.098;1.1961;2.1353;2.0639;2.3072;2.1865;2.6565;2.3835;1.6977;1.1901;-3.7764;-3.5288;1.9087;1.2726;-3.9908;-3.6296;-3.0077;-2.5808;-3.603;-3.4452;-2.9708;-2.9411
130;1.0617;1.1277;2.0907;2.0206;2.2722;2.1492;2.5688;2.2987;1.6355;1.1462;-3.6746;-3.4373;1.8664;1.2161;-3.8927;-3.5606;-2.9579;-2.5302;-3.5304;-3.3562;-2.8791;-2.8787
131;1.0257;1.0666;2.0452;1.9767;2.2362;2.1114;2.4823;2.2146;1.5746;1.1046;-3.5728;-3.3468;1.8239;1.161;-3.7926;-3.4896;-2.9067;-2.4823;-3.457;-3.2686;-2.7872;-2.8158
132;0.99016;1.0129;1.9987;1.9324;2.1993;2.0732;2.3969;2.1312;1.5152;1.0659;-3.4709;-3.2574;1.781;1.1088;-3.6909;-3.4164;-2.854;-2.4382;-3.3827;-3.1827;-2.6955;-2.7528
133;0.95523;0.96624;1.951;1.8874;2.1613;2.0346;2.3127;2.0483;1.4572;1.0306;-3.3686;-3.1694;1.7377;1.0608;-3.5877;-3.3414;-2.7999;-2.3993;-3.3076;-3.0985;-2.6041;-2.6898
134;0.92099;0.92579;1.902;1.8419;2.1222;1.9956;2.2297;1.9659;1.4004;0.99916;-3.2658;-3.0828;1.6936;1.0172;-3.4832;-3.2649;-2.7444;-2.3666;-3.2315;-3.0162;-2.5133;-2.6271
135;0.88755;0.89048;1.8518;1.7957;2.0816;1.9562;2.1479;1.8839;1.3448;0.97143;-3.1623;-2.9979;1.6487;0.97853;-3.3779;-3.1874;-2.6877;-2.3404;-3.1544;-2.9354;-2.4235;-2.5646
136;0.85496;0.85884;1.8002;1.7488;2.0395;1.9164;2.0675;1.8024;1.2905;0.94677;-3.0581;-2.9148;1.6029;0.9449;-3.2718;-3.1092;-2.6298;-2.3206;-3.0764;-2.8559;-2.3348;-2.5021
137;0.82322;0.82909;1.7476;1.7012;1.9956;1.8762;1.9883;1.7216;1.2373;0.92427;-2.9532;-2.8337;1.556;0.91688;-3.1652;-3.0307;-2.571;-2.3058;-2.9975;-2.7774;-2.2475;-2.4395
138;0.79227;0.79944;1.6942;1.6528;1.9499;1.8358;1.9105;1.6417;1.1853;0.90303;-2.8478;-2.7548;1.5081;0.89524;-3.0584;-2.9522;-2.5113;-2.2944;-2.9178;-2.6993;-2.1619;-2.3766
139;0.76201;0.7686;1.6403;1.6035;1.9022;1.7952;1.8341;1.5631;1.1345;0.88222;-2.7422;-2.678;1.4591;0.88096;-2.9516;-2.8739;-2.4511;-2.2844;-2.8373;-2.6214;-2.078;-2.3133
140;0.73235;0.73596;1.5861;1.5535;1.8526;1.7543;1.7592;1.4864;1.085;0.86107;-2.6366;-2.6034;1.4091;0.87491;-2.8453;-2.7961;-2.3905;-2.2737;-2.7564;-2.5434;-1.9961;-2.2494
141;0.70316;0.70144;1.5322;1.5026;1.801;1.7133;1.6857;1.4122;1.037;0.83891;-2.5313;-2.5311;1.3582;0.87717;-2.7396;-2.7189;-2.3297;-2.2598;-2.6752;-2.4649;-1.9162;-2.1846
142;0.67434;0.66526;1.4788;1.451;1.7475;1.6721;1.6138;1.341;0.99059;0.81528;-2.4267;-2.4611;1.3068;0.88674;-2.635;-2.6426;-2.2689;-2.2401;-2.594;-2.386;-1.8383;-2.119
143;0.64577;0.62777;1.4262;1.3987;1.6923;1.6306;1.5434;1.2733;0.94599;0.79006;-2.3231;-2.3931;1.2549;0.90178;-2.5317;-2.5674;-2.2083;-2.2126;-2.5132;-2.3067;-1.7625;-2.0526
144;0.61735;0.58945;1.3746;1.3458;1.6357;1.5889;1.4746;1.2091;0.90331;0.76351;-2.2208;-2.3273;1.2028;0.92021;-2.43;-2.4935;-2.1479;-2.1767;-2.4328;-2.2272;-1.6888;-1.9858
145;0.58898;0.55095;1.3243;1.2925;1.5781;1.5468;1.4072;1.148;0.86264;0.73612;-2.1202;-2.2631;1.1507;0.93999;-2.3299;-2.4214;-2.0877;-2.1326;-2.3533;-2.1478;-1.6172;-1.9188
146;0.56061;0.51297;1.2753;1.2392;1.5199;1.5045;1.3414;1.0897;0.82401;0.70843;-2.0214;-2.2004;1.0989;0.9591;-2.2317;-2.3513;-2.0279;-2.0815;-2.2747;-2.069;-1.5476;-1.8521
147;0.53223;0.4761;1.2277;1.186;1.4615;1.462;1.2771;1.0336;0.7874;0.68102;-1.9246;-2.1385;1.0477;0.97559;-2.1354;-2.2837;-1.9684;-2.0244;-2.1974;-1.9912;-1.4801;-1.7858
148;0.50391;0.44071;1.1816;1.1332;1.4031;1.4195;1.2143;0.97931;0.75277;0.65447;-1.8302;-2.0768;0.99713;0.98766;-2.0411;-2.2185;-1.9094;-1.9619;-2.1213;-1.9149;-1.4146;-1.7203
149;0.47576;0.4069;1.1369;1.0811;1.3452;1.377;1.1531;0.92634;0.72004;0.62932;-1.7382;-2.0149;0.94746;0.99406;-1.9488;-2.1552;-1.8509;-1.895;-2.0467;-1.8405;-1.3513;-1.6555
150;0.44788;0.37473;1.0936;1.0298;1.288;1.3344;1.0933;0.87416;0.68906;0.60605;-1.6488;-1.9525;0.89877;0.9943;-1.8585;-2.0931;-1.7929;-1.8243;-1.9736;-1.7684;-1.29;-1.5918
151;0.42039;0.3442;1.0517;0.97965;1.2319;1.2917;1.0352;0.82224;0.65966;0.58489;-1.5619;-1.8896;0.85113;0.98852;-1.7702;-2.0315;-1.7356;-1.7507;-1.9019;-1.6992;-1.231;-1.529
152;0.39338;0.31537;1.0112;0.9308;1.1773;1.2487;0.97861;0.77028;0.63166;0.56582;-1.4778;-1.8261;0.80457;0.97711;-1.6841;-1.9694;-1.679;-1.6752;-1.8317;-1.6332;-1.174;-1.4673
153;0.36694;0.28826;0.97209;0.8835;1.1243;1.2054;0.92371;0.7183;0.60486;0.54859;-1.3965;-1.7621;0.75913;0.96037;-1.6001;-1.9058;-1.6232;-1.5995;-1.7628;-1.5708;-1.1193;-1.4067
154;0.34112;0.26291;0.93431;0.83795;1.0732;1.1617;0.87058;0.66665;0.57913;0.53291;-1.3179;-1.6977;0.71485;0.93849;-1.5183;-1.8399;-1.5684;-1.5254;-1.6952;-1.5122;-1.0668;-1.3472
155;0.31595;0.23933;0.89787;0.79434;1.0241;1.1174;0.81932;0.61577;0.55433;0.51847;-1.2422;-1.6329;0.67179;0.91154;-1.4388;-1.7705;-1.5145;-1.4556;-1.6288;-1.4576;-1.0165;-1.2888
156;0.29147;0.21747;0.86278;0.75281;0.97688;1.0724;0.77003;0.5661;0.53036;0.50497;-1.1693;-1.5679;0.63001;0.87957;-1.3615;-1.6972;-1.4616;-1.3935;-1.5634;-1.4073;-0.96845;-1.2316
157;0.26767;0.19722;0.82904;0.71343;0.93148;1.0265;0.72278;0.51806;0.50714;0.49212;-1.0993;-1.5028;0.58961;0.84286;-1.2865;-1.6202;-1.4097;-1.3431;-1.4989;-1.3613;-0.92263;-1.1758
158;0.24453;0.1784;0.79664;0.67624;0.88769;0.97951;0.67761;0.47197;0.4846;0.47965;-1.0322;-1.438;0.55069;0.80208;-1.2138;-1.5404;-1.359;-1.3087;-1.4353;-1.3194;-0.8789;-1.1215
159;0.22205;0.16082;0.76557;0.64119;0.84532;0.93133;0.63457;0.42817;0.46273;0.46744;-0.968;-1.3733;0.51335;0.75831;-1.1436;-1.4589;-1.3092;-1.2906;-1.3726;-1.2814;-0.8371;-1.0686
160;0.20022;0.14422;0.7358;0.60817;0.80414;0.88182;0.59367;0.38691;0.44152;0.45555;-0.90675;-1.3086;0.4777;0.71292;-1.0758;-1.3771;-1.2605;-1.2811;-1.3108;-1.2466;-0.79706;-1.0172
161;0.17906;0.12831;0.70726;0.57702;0.76399;0.83098;0.5549;0.34839;0.42099;0.4442;-0.84845;-1.2437;0.44381;0.66739;-1.0104;-1.2961;-1.2126;-1.2676;-1.2499;-1.2143;-0.75857;-0.96699
162;0.15858;0.11275;0.67989;0.54751;0.72476;0.77902;0.5182;0.3128;0.40116;0.43366;-0.793;-1.1784;0.41179;0.62334;-0.94752;-1.217;-1.1656;-1.241;-1.1902;-1.1835;-0.72147;-0.91787
163;0.13882;0.097244;0.65358;0.51941;0.68643;0.72628;0.48351;0.28025;0.3821;0.4242;-0.74031;-1.1126;0.38171;0.58254;-0.88714;-1.1407;-1.1193;-1.1999;-1.1315;-1.1534;-0.68556;-0.86962
164;0.11979;0.081588;0.6282;0.49246;0.6491;0.6732;0.45077;0.25085;0.36384;0.41607;-0.69023;-1.0464;0.35371;0.54674;-0.82925;-1.0679;-1.0737;-1.1471;-1.0741;-1.1232;-0.65069;-0.822
165;0.10153;0.06567;0.60359;0.46645;0.6129;0.62019;0.41991;0.22471;0.34644;0.4095;-0.64263;-0.9798;0.32785;0.51732;-0.77377;-0.99888;-1.0287;-1.0856;-1.018;-1.0921;-0.61668;-0.77473
166;0.084073;0.049459;0.57953;0.44121;0.578;0.56765;0.39085;0.20189;0.32992;0.40469;-0.59738;-0.91305;0.30418;0.49482;-0.72057;-0.93354;-0.98405;-1.0181;-0.96311;-1.0595;-0.58341;-0.72752
167;0.067472;0.032974;0.55579;0.41659;0.54452;0.51592;0.36351;0.18246;0.3143;0.40178;-0.55436;-0.8464;0.28265;0.47897;-0.66955;-0.87149;-0.9397;-0.94674;-0.90958;-1.0249;-0.55078;-0.68022
168;0.051798;0.016291;0.53214;0.3925;0.51259;0.46532;0.33776;0.16642;0.29958;0.40077;-0.51346;-0.78016;0.26316;0.4691;-0.62063;-0.81233;-0.89552;-0.87347;-0.85741;-0.98801;-0.51872;-0.6329
169;0.037132;-0.0004577;0.50833;0.36889;0.48228;0.41615;0.31344;0.15372;0.28576;0.40159;-0.47456;-0.71467;0.24555;0.46463;-0.57374;-0.75574;-0.85143;-0.7998;-0.8066;-0.94893;-0.48724;-0.58584
170;0.023553;-0.017091;0.48417;0.34577;0.45362;0.36864;0.29035;0.14423;0.27277;0.40409;-0.43757;-0.65026;0.22961;0.4652;-0.52886;-0.70144;-0.80743;-0.72709;-0.75713;-0.90778;-0.45635;-0.53942
171;0.011137;-0.033424;0.45949;0.3232;0.42661;0.32304;0.2683;0.13774;0.26049;0.40811;-0.40243;-0.58722;0.21511;0.47074;-0.48598;-0.64922;-0.76357;-0.65649;-0.70898;-0.86484;-0.42614;-0.49395
172;-4.8157e-05;-0.049319;0.43421;0.30123;0.40124;0.27952;0.24715;0.13396;0.24879;0.41348;-0.36909;-0.52575;0.20183;0.48134;-0.4451;-0.5989;-0.71996;-0.58886;-0.66214;-0.8204;-0.39673;-0.44969
173;-0.0099359;-0.064706;0.4083;0.27994;0.37739;0.23826;0.22679;0.13249;0.23754;0.42005;-0.33754;-0.46599;0.18952;0.49707;-0.40622;-0.5503;-0.67671;-0.52478;-0.61664;-0.77483;-0.36823;-0.40686
174;-0.018461;-0.079545;0.38184;0.25943;0.35491;0.19942;0.20717;0.13284;0.22656;0.42764;-0.30779;-0.40804;0.17799;0.51754;-0.36938;-0.50323;-0.63395;-0.46448;-0.57251;-0.72847;-0.34081;-0.36563
175;-0.025569;-0.09378;0.35497;0.23978;0.33356;0.16314;0.18829;0.13442;0.21569;0.43607;-0.27979;-0.35203;0.16706;0.5418;-0.3346;-0.45746;-0.59187;-0.40794;-0.52976;-0.6817;-0.31456;-0.32611
176;-0.031229;-0.10732;0.32791;0.22112;0.31307;0.12955;0.17017;0.13665;0.2048;0.44514;-0.25348;-0.29824;0.15663;0.56847;-0.30196;-0.41271;-0.55064;-0.35497;-0.48838;-0.63483;-0.2896;-0.28833
177;-0.035462;-0.12003;0.30092;0.20359;0.29319;0.098743;0.15287;0.13911;0.19375;0.45461;-0.22878;-0.24698;0.14661;0.59606;-0.27154;-0.36864;-0.51045;-0.3054;-0.44839;-0.58815;-0.26596;-0.25225
178;-0.038338;-0.13174;0.27428;0.18735;0.27371;0.070764;0.13645;0.14166;0.18247;0.4642;-0.20558;-0.19856;0.13695;0.62304;-0.2434;-0.3248;-0.47149;-0.25929;-0.4098;-0.5419;-0.24363;-0.21778
179;-0.039968;-0.14225;0.24829;0.17254;0.25444;0.045584;0.12097;0.14433;0.17096;0.47362;-0.18384;-0.1532;0.1276;0.64788;-0.21757;-0.28065;-0.43392;-0.21694;-0.37269;-0.49634;-0.22258;-0.18488
180;-0.040488;-0.15142;0.22325;0.15929;0.23526;0.023128;0.10647;0.14718;0.15926;0.48257;-0.16351;-0.11099;0.11853;0.66899;-0.19401;-0.23575;-0.39786;-0.17871;-0.33711;-0.45171;-0.20274;-0.15352
181;-0.040043;-0.15923;0.19946;0.14772;0.21609;0.0033;0.093006;0.15024;0.14746;0.49074;-0.14457;-0.071964;0.10973;0.68497;-0.17266;-0.18998;-0.36335;-0.1449;-0.30318;-0.40825;-0.18402;-0.12376
182;-0.038791;-0.16572;0.17717;0.13787;0.1969;-0.013998;0.080613;0.15352;0.13566;0.4978;-0.127;-0.036058;0.10119;0.69493;-0.15344;-0.14381;-0.33043;-0.11578;-0.27095;-0.36623;-0.16634;-0.095645
183;-0.036901;-0.17099;0.15657;0.12975;0.17775;-0.028855;0.069318;0.15698;0.12393;0.50353;-0.11081;-0.003196;0.092899;0.69877;-0.13622;-0.098083;-0.29907;-0.091541;-0.2405;-0.32592;-0.14959;-0.069261
184;-0.034562;-0.17513;0.13778;0.12332;0.15875;-0.041362;0.059127;0.16059;0.11235;0.50786;-0.095966;0.026675;0.084871;0.69694;-0.12085;-0.053689;-0.26924;-0.072353;-0.21188;-0.28759;-0.13365;-0.044611
185;-0.031965;-0.1783;0.12078;0.11852;0.14007;-0.051614;0.050031;0.1643;0.10097;0.51099;-0.082459;0.05359;0.077129;0.68998;-0.10714;-0.011428;-0.24088;-0.058234;-0.18516;-0.25151;-0.1184;-0.021617
186;-0.029277;-0.18062;0.10548;0.11519;0.12191;-0.059737;0.042004;0.16805;0.089853;0.51328;-0.070269;0.077607;0.069687;0.67833;-0.094856;0.02803;-0.21392;-0.048908;-0.16042;-0.21796;-0.10377;-0.00012963
187;-0.026613;-0.18226;0.09174;0.11316;0.10448;-0.065901;0.035006;0.17178;0.079076;0.51521;-0.059361;0.098833;0.062537;0.6623;-0.083781;0.064125;-0.18828;-0.043733;-0.13774;-0.18721;-0.089731;0.020035
188;-0.024018;-0.18337;0.079369;0.11221;0.08798;-0.070319;0.028962;0.17546;0.068726;0.51735;-0.049676;0.11744;0.055652;0.64205;-0.073693;0.096441;-0.1639;-0.041823;-0.11714;-0.15948;-0.076356;0.039092
189;-0.021497;-0.18407;0.068199;0.11211;0.072583;-0.073219;0.023761;0.17914;0.05889;0.52035;-0.041129;0.13365;0.049003;0.61771;-0.0644;0.12479;-0.14075;-0.042201;-0.098606;-0.13501;-0.063753;0.057304
190;-0.019036;-0.18446;0.058075;0.11267;0.058472;-0.07482;0.019278;0.18297;0.049641;0.52497;-0.033626;0.14773;0.042575;0.58956;-0.055738;0.14927;-0.11886;-0.043866;-0.082031;-0.11396;-0.052056;0.074991
191;-0.016626;-0.18462;0.04886;0.11369;0.045816;-0.07533;0.015395;0.18718;0.04104;0.53188;-0.027076;0.15997;0.036376;0.55815;-0.047574;0.17025;-0.098347;-0.045782;-0.067262;-0.096438;-0.041396;0.092448
192;-0.014265;-0.1846;0.040431;0.11504;0.034756;-0.074938;0.012027;0.19207;0.033138;0.54142;-0.021396;0.17061;0.030424;0.52429;-0.039818;0.18825;-0.07935;-0.046882;-0.054136;-0.082427;-0.031881;0.10979
193;-0.011958;-0.18445;0.032688;0.11662;0.025372;-0.073808;0.0091241;0.19786;0.02598;0.55334;-0.01651;0.17984;0.024752;0.48897;-0.032437;0.20385;-0.062039;-0.046202;-0.042515;-0.071766;-0.023594;0.12685
194;-0.0097053;-0.18418;0.025569;0.11842;0.017673;-0.072065;0.0066627;0.20453;0.019607;0.56696;-0.012348;0.18783;0.019403;0.45326;-0.025463;0.21774;-0.046578;-0.043193;-0.032298;-0.064156;-0.016598;0.14332
195;-0.0075101;-0.18378;0.019066;0.12045;0.011593;-0.069777;0.0046244;0.21185;0.014062;0.58144;-0.0088477;0.19474;0.014446;0.41836;-0.018982;0.23063;-0.033121;-0.037936;-0.023423;-0.059211;-0.010933;0.15885
196;-0.005399;-0.18325;0.013234;0.12279;0.0070035;-0.066957;0.0029855;0.21944;0.0093861;0.59606;-0.0059484;0.20074;0.0099816;0.3856;-0.013128;0.24326;-0.02181;-0.03102;-0.015864;-0.056527;-0.0065994;0.17323
197;-0.0034488;-0.18262;0.0081986;0.12554;0.0037407;-0.063592;0.001721;0.22691;0.0056103;0.61017;-0.0036015;0.20604;0.0061443;0.35632;-0.0080859;0.25615;-0.012774;-0.023244;-0.0096359;-0.055706;-0.0035186;0.1863
198;-0.0017905;-0.18196;0.004152;0.12879;0.00162;-0.059666;0.00081154;0.2339;0.0027587;0.62325;-0.0017963;0.21083;0.0030917;0.33148;-0.0040683;0.26936;-0.006109;-0.015424;-0.0048106;-0.056379;-0.0015301;0.19798
199;-0.0005857;-0.18202;0.0013327;0.13255;0.00044345;-0.05391;0.00024289;0.24085;0.00086659;0.63528;-0.00057102;0.21485;0.00098805;0.3256;-0.0012989;0.28502;-0.0018561;-0.010694;-0.0015304;-0.058673;-0.0004254;0.20848
200;0;-0.18543;0;0.13622;0;-0.042034;0;0.25038;0;0.64714;0;0.21627;0;0.39193;0;0.31114;0;-0.018544;0;-0.063771;0;0.21839