idx_id_wdw_csv,idx_interp_spl_csv,K_med_err_csv,B_med_err_csv,M_med_err_csv
100,200,1.964741,0.0761415007865697,0.0667752019408674
105,200,2.097501,0.088077944049486,0.0163809202649195
110,200,2.119644,0.162435437518683,0.0139748702661924
115,200,1.90023,0.153068283371386,0.023461874290536
120,200,2.105143,0.142516422970852,0.0548031728353135
125,200,1.947303,0.119380056347688,0.0474619122416499
130,200,2.032849,0.186942105655894,0.0521002211354604
135,200,1.937418,0.191002208548547,0.0422085214228366
140,200,1.833613,0.117638176541218,0.0288925111905729
145,200,1.899306,0.109642781984564,0.0193885823413344
150,200,1.842093,0.196646596589862,0.0249122685531395
155,200,1.863344,0.195150073189964,0.0198387252650435
160,200,1.811883,0.0853365034019094,9.10427049548103e-05
165,200,1.823459,0.0635529695245653,0.0123924651704743
170,200,1.843873,0.0705390267468613,0.007827499287687
175,200,1.882586,0.0563634134484004,0.00227565004141926
180,200,1.838333,0.0286080291574488,0.00826831549849591
185,200,1.802877,0.0378647100698193,0.0133216287238433
190,200,1.772381,0.0462967453323037,0.0293591104468811
195,200,1.689577,0.00165735672325066,0.0510333831525573
200,200,1.758568,0.0639846342257897,0.0504414680881544
205,200,1.758566,0.0695656989053171,0.0655155974985566
210,200,1.758566,0.069565698905466,0.0655155974985271
215,200,1.758566,0.0695656989053709,0.0655155974985332
220,200,1.758566,0.0695656989053137,0.0655155974985284
225,200,1.758566,0.0695656989053315,0.0655155974985308
230,200,1.758566,0.0695656989053148,0.0655155974985338
235,200,1.674722,0.069565698905346,0.0734793170459204
240,200,1.674722,0.0695656989053625,0.073479317045916
245,200,1.674722,0.0695656989054456,0.0734793170459198
250,200,1.674722,0.0695656989054321,0.0734793170459104
255,200,1.674722,0.0695656989053625,0.0734793170459182
260,200,1.590877,0.0695656989053153,0.0814430365932994
265,200,1.590877,0.0695656989053712,0.0814430365933158
270,200,1.590877,0.0695656989053714,0.0814430365933039
275,200,1.674722,0.0695656989053529,0.0734793170459204
280,200,1.674722,0.0695656989053778,0.0734793170459195
285,200,1.674722,0.0695656989053597,0.0734793170459201
290,200,1.674722,0.0695656989052678,0.0734793170459279
295,200,1.674722,0.069565698905383,0.073479317045915
300,200,1.674722,0.0695656989053623,0.0734793170459312
100,205,1.834161,0.00306940612688839,0.0780736517552089
105,205,1.834574,0.0979026758691728,0.0146455275362792
110,205,1.855441,0.173710206028028,0.0012073384496463
115,205,1.736827,0.276131072506534,0.0213810384079633
120,205,1.924182,0.222166606879488,0.0479252835451297
125,205,1.787115,0.228162491357183,0.029720014841668
130,205,1.830087,0.132975285012461,0.0323945238040592
135,205,1.889415,0.148182264469448,0.027550647037919
140,205,1.685614,0.110746735417401,0.0161750366425782
145,205,1.599342,0.131416295926009,0.00225610673020674
150,205,1.597537,0.175570745835752,5.71044792239763e-05
155,205,1.535787,0.18595729545932,0.000458662804264019
160,205,1.434802,0.1480196771058,0.00870686326772912
165,205,1.520333,0.12160980900373,0.00830328422649534
170,205,1.612081,0.14271822065654,0.00953704535435846
175,205,1.495307,0.163648987700619,0.0127571101925463
180,205,1.634848,0.107979642798795,0.00974828266159007
185,205,1.620177,0.162516354327432,0.0147059224739641
190,205,1.448362,0.163358898443411,0.0314612328552306
195,205,1.488529,0.124913802011148,0.0318887072469746
200,205,1.511204,0.0422829539529326,0.0341547332891974
205,205,1.492495,0.00810628192564361,0.0366472091972949
210,205,1.491623,0.00836621271576958,0.0368786598243002
215,205,1.402471,0.00836621271574826,0.0893904179518021
220,205,1.339203,0.008366212715772,0.0896799179729132
225,205,1.339203,0.00836621271576619,0.0896799179728723
230,205,1.339203,0.00836621271577281,0.0896799179728805
235,205,1.402471,0.008366212715767,0.0893904179518344
240,205,1.402471,0.008366212715741,0.0893904179517967
245,205,1.402471,0.00836621271575779,0.0893904179518398
250,205,1.447047,0.00836621271571629,0.0896799179729037
255,205,1.447047,0.00836621271576247,0.0896799179729097
260,205,1.402471,0.00836621271573809,0.0899694179939454
265,205,1.447047,0.00836621271576215,0.0896799179728793
270,205,1.447047,0.00836621271576619,0.0896799179728997
275,205,1.402471,0.00836621271576958,0.0899694179939781
280,205,1.402471,0.00836621271576457,0.0899694179939724
285,205,1.402471,0.00836621271573373,0.0899694179939711
290,205,1.402471,0.00836621271573373,0.0899694179939709
295,205,1.402471,0.00836621271576215,0.089969417993972
300,205,1.402471,0.00836621271577039,0.0899694179939701
100,210,1.742882,0.0473726179129098,0.0980569152127036
105,210,1.784639,0.13882121975868,0.0281961372015249
110,210,1.649719,0.147301390314617,0.0195015543524435
115,210,1.695243,0.128840206249567,0.00501011678404931
120,210,1.777075,0.146574320064373,0.0345067483739511
125,210,1.62561,0.103157151800237,0.0158926020739733
130,210,1.651807,0.0429539209727434,0.0180367700484407
135,210,1.733271,0.0954169830678815,0.0180693001302901
140,210,1.538982,0.0656218750056327,0.0116620107984869
145,210,1.462957,0.115406044371628,0.00624989806487968
150,210,1.475458,0.157165097606347,0.0121248062454289
155,210,1.470669,0.196190545234017,0.0150780253516582
160,210,1.347409,0.217235834426584,0.0291088467048022
165,210,1.353178,0.162882298901188,0.0159012539772663
170,210,1.421185,0.154813127569583,0.01258403081542
175,210,1.467345,0.165524329330169,0.0159398711628844
180,210,1.453689,0.17354437529746,0.0293039791812912
185,210,1.46211,0.184328820085837,0.0274328156918651
190,210,1.428244,0.151572190874874,0.0547031587716212
195,210,1.398604,0.10886000184612,0.050281149993434
200,210,1.405242,0.0440896537063736,0.0566722825218648
205,210,1.405024,0.035322638068254,0.0602731951294891
210,210,1.39689,0.0146886565197784,0.0708380769150934
215,210,1.390056,0.0138619504960081,0.0729631411846078
220,210,1.390056,0.0138619504960549,0.0729631411846432
225,210,1.390056,0.0138619504960124,0.0729631411845831
230,210,1.390056,0.0138619504960228,0.0729631411845894
235,210,1.390056,0.0138619504960462,0.0729631411845899
240,210,1.390056,0.0138619504960562,0.0729631411845898
245,210,1.390056,0.0138619504960174,0.0729631411845991
250,210,1.376463,0.013861950496041,0.0825002071503061
255,210,1.376463,0.0138619504960504,0.0825002071502718
260,210,1.36287,0.0138619504960412,0.0920372731159877
265,210,1.36287,0.0138619504960326,0.0920372731160167
270,210,1.36287,0.0138619504960462,0.0920372731160172
275,210,1.36287,0.0138619504960326,0.0920372731159612
280,210,1.36287,0.0138619504960228,0.0920372731160186
285,210,1.36287,0.0138619504960442,0.0920372731160172
290,210,1.36287,0.0138619504960326,0.0920372731159607
295,210,1.36287,0.0138619504960326,0.09203727311598
300,210,1.36287,0.0138619504960431,0.09203727311598
100,215,1.635418,0.058857626740658,0.097771014164936
105,215,1.78414,0.126183263956807,0.0421739948928352
110,215,1.711495,0.167968968192632,0.0197111847758926
115,215,1.416862,0.211850253120319,0.00982272106453503
120,215,1.666415,0.159652198352998,0.024895726188361
125,215,1.64035,0.143252580745275,0.0265847584444053
130,215,1.608265,0.173932534793521,0.003192933325979
135,215,1.587223,0.137291686459338,0.0188372135074409
140,215,1.412952,0.127993058574082,0.0155034561069868
145,215,1.371369,0.10733522438983,0.0115841104337755
150,215,1.37204,0.134369887749904,0.0144773276265956
155,215,1.489766,0.174837263153082,0.0338390202163649
160,215,1.279976,0.242526668485714,0.0332269616160447
165,215,1.361215,0.225858744493445,0.02872984511849
170,215,1.320161,0.163974101644474,0.0225786911073966
175,215,1.327919,0.153486906462995,0.00971441142364344
180,215,1.355896,0.165057947119261,0.0134076465743571
185,215,1.302571,0.167635880370762,0.0172274600247481
190,215,1.268042,0.174694726927142,0.0286764530499027
195,215,1.261366,0.161071826308206,0.0337563646462113
200,215,1.260787,0.141268865140051,0.0363671213300262
205,215,1.333246,0.0881553522282279,0.0538697666479046
210,215,1.382836,0.067635790955644,0.076018229670405
215,215,1.268939,0.0266016682989062,0.0912003623131641
220,215,1.268061,0.0252013236091372,0.0920729279125537
225,215,1.268061,0.0252013236091742,0.0920729279125728
230,215,1.268061,0.0252013236091813,0.0920729279125679
235,215,1.268061,0.0252013236091504,0.0920729279125557
240,215,1.268061,0.0252013236091514,0.0920729279125638
245,215,1.268061,0.0252013236091808,0.0920729279125475
250,215,1.268061,0.0252013236091821,0.0920729279125267
255,215,1.268061,0.0252013236091832,0.0920729279125679
260,215,1.263806,0.0252013236091805,0.0971606241955441
265,215,1.263806,0.0252013236091738,0.0971606241955186
270,215,1.263806,0.0252013236091813,0.0971606241955152
275,215,1.263806,0.0252013236091406,0.0971606241955495
280,215,1.263806,0.0252013236091541,0.097160624195545
285,215,1.259551,0.0252013236092323,0.102248320478479
290,215,1.259551,0.025201323609169,0.102248320478479
295,215,1.263806,0.0252013236091845,0.0971606241955227
300,215,1.263806,0.0252013236091817,0.0971606241955124
100,220,1.405893,0.0856462230848331,0.112459478329573
105,220,1.56736,0.161810636474617,0.0489951763925946
110,220,1.376697,0.269093278878837,0.00371783721122914
115,220,1.374545,0.272693040953242,0.00413606944684762
120,220,1.545496,0.239835045604185,0.0266573717409765
125,220,1.38782,0.155378810841988,0.0243318323269681
130,220,1.304339,0.158674950067795,0.0213975466199545
135,220,1.237258,0.200845803273416,0.0229083991313176
140,220,1.299328,0.117874633113457,0.0188730200572216
145,220,1.224281,0.15393848768269,0.00676216682349089
150,220,1.257507,0.15382773442936,0.000189370853805406
155,220,1.292735,0.192632135362003,0.00188751778105718
160,220,1.239678,0.234000730705773,0.0139530655075466
165,220,1.190029,0.186766292895188,0.0323642123520086
170,220,1.137968,0.20833714815824,0.014222080221978
175,220,1.123259,0.207673473174991,0.0253921821711616
180,220,1.174074,0.229813309197281,0.015608382884542
185,220,1.123423,0.220785649787595,0.0185949724845317
190,220,1.086078,0.26164652393332,0.0204693407231343
195,220,1.137254,0.213709683396471,0.0269510201109895
200,220,1.143229,0.219772615610307,0.0260430519946074
205,220,1.285618,0.198591995282549,0.0278816294101921
210,220,1.11163,0.187528073070172,0.0512443622647044
215,220,1.107278,0.156144189595975,0.0867698815852891
220,220,1.11718,0.0879659133108461,0.0871845187397278
225,220,1.097913,0.0854208460162702,0.0886453193115127
230,220,1.097913,0.0854208460163438,0.0886453193115044
235,220,1.079099,0.0854208460163433,0.0901059800850441
240,220,1.079099,0.0854208460163433,0.0901059800850891
245,220,1.079099,0.0854208460162812,0.0901059800850829
250,220,1.079099,0.0854208460162745,0.0901059800850647
255,220,1.079099,0.0854208460162574,0.0901059800850362
260,220,1.079099,0.08542084601625,0.090105980085091
265,220,1.076219,0.0854208460162752,0.10056203274362
270,220,1.076219,0.0854208460163438,0.10056203274361
275,220,1.076219,0.0854208460162506,0.100562032743919
280,220,1.076219,0.0854208460162569,0.100562032743915
285,220,1.077659,0.0854208460162586,0.104505576439672
290,220,1.077659,0.0854208460163438,0.104505576439679
295,220,1.079099,0.0854208460162573,0.100562032743919
300,220,1.079099,0.085420846016272,0.100562032743593
100,225,1.196049,0.17274020177868,0.102606631156312
105,225,1.272055,0.203667534854775,0.0685229450886684
110,225,1.111235,0.296912108187042,0.0110705698977831
115,225,1.30908,0.287688948479921,0.0110061791473497
120,225,1.286292,0.2573916202385,0.021054538249931
125,225,1.17316,0.136709332125536,0.0218426278827374
130,225,1.001008,0.149707516332694,0.0160432156317771
135,225,0.9671977,0.218425605538554,0.00270841979943458
140,225,0.9035749,0.174882235516905,0.0174103190184441
145,225,0.9433315,0.196264850154742,0.0177955407577479
150,225,0.9123386,0.218569161768829,0.0107827185227333
155,225,0.9807231,0.201486545448734,0.0110435041270537
160,225,0.9542934,0.28670530276797,0.0439867204991035
165,225,0.9228985,0.319381233995565,0.0103412069496599
170,225,0.9554006,0.308552517721343,0.0282778131404542
175,225,0.9241411,0.264711429307582,0.0468330883375854
180,225,0.9684637,0.261794412395548,0.0481150888627004
185,225,0.9500639,0.265476973294527,0.0214407387592784
190,225,0.9970551,0.343268800289318,0.0399021424937783
195,225,0.990662,0.295238391538672,0.0805342043809203
200,225,1.028867,0.268457099956463,0.0444524873042356
205,225,1.009801,0.266752934338757,0.0494279655797604
210,225,1.017315,0.222761977275203,0.0526453786112745
215,225,0.9899279,0.219844343873265,0.0737692768751495
220,225,0.9355177,0.18839035879997,0.0857503637339563
225,225,0.9684927,0.137022605361804,0.10278579501522
230,225,0.9675184,0.137020751075547,0.103828162194159
235,225,0.9675184,0.137020751075527,0.10382816219424
240,225,0.9509476,0.137020751075566,0.104232758571575
245,225,0.9509476,0.137020751075561,0.104232758571581
250,225,0.9509476,0.13702075107556,0.104232758571574
255,225,0.9509476,0.137020751075567,0.104232758571582
260,225,0.9509476,0.137020751075533,0.104232758571579
265,225,0.9509476,0.137020751075559,0.104232758571557
270,225,0.9509476,0.137020751075547,0.104232758571571
275,225,0.9343769,0.137020751075547,0.104637354948914
280,225,0.9343769,0.137020751075565,0.104637354948866
285,225,0.9343769,0.137020751075528,0.104637354948866
290,225,0.9343769,0.137020751075567,0.104637354948917
295,225,0.9343769,0.137020751075547,0.104637354948902
300,225,0.9204056,0.137020751075533,0.107185039997422
100,230,1.05818,0.230220653472509,0.105284707438572
105,230,1.038615,0.233879494305011,0.0833451136647372
110,230,1.044715,0.334162911954613,0.0439747314885694
115,230,1.082427,0.380272424195492,0.00485034704485196
120,230,1.068651,0.302037474479853,0.00335774876153486
125,230,0.9112198,0.275331481340245,0.0142701594872139
130,230,0.8942066,0.174654492336902,0.013836484541202
135,230,0.8223075,0.244425117909698,0.0273349919846836
140,230,0.7478595,0.215287411153802,0.0329753637076029
145,230,0.7664736,0.280029736828784,0.0276814039228844
150,230,0.8552833,0.235715935281965,0.018279516535025
155,230,0.8397058,0.295521330568602,0.0265571098047774
160,230,0.8635787,0.287559844563304,0.0801411923923783
165,230,0.8827128,0.361455070213017,0.0519933543004909
170,230,0.8930039,0.360147021314101,0.0335427915038422
175,230,0.8060878,0.292440740669604,0.0471963691130116
180,230,0.8614416,0.276438553034893,0.033523438068236
185,230,0.8398064,0.320153147744968,0.0309375855702503
190,230,0.8376288,0.341358225235856,0.0577274705689122
195,230,0.8476748,0.32540402265422,0.0673254752553349
200,230,0.8447998,0.340335886135871,0.0513071597823887
205,230,0.8299938,0.275640225629979,0.0536659370331667
210,230,0.8272719,0.314066215125483,0.076243150210872
215,230,0.8352379,0.315875628459208,0.0784783229646705
220,230,0.8110015,0.275034412632553,0.0939334277167208
225,230,0.763146,0.211309791889657,0.111443565723329
230,230,0.7618943,0.202006998129442,0.112333707420836
235,230,0.7618653,0.201731853069213,0.112334697259681
240,230,0.795804,0.201731853069208,0.111736718481349
245,230,0.795804,0.201731853069208,0.111736718481331
250,230,0.795804,0.201731853069213,0.111736718481356
255,230,0.7618653,0.201731853069214,0.112334697259662
260,230,0.7583321,0.201731853069212,0.113358831881262
265,230,0.7583321,0.201731853069203,0.113358831881263
270,230,0.7583321,0.201731853069209,0.113358831881263
275,230,0.7583321,0.201731853069209,0.113358831881264
280,230,0.7583321,0.20173185306921,0.113358831881197
285,230,0.7583321,0.201731853069213,0.113358831881254
290,230,0.7583321,0.201731853069209,0.113358831881273
295,230,0.7583321,0.201731853069208,0.113358831881257
300,230,0.7583321,0.201731853069209,0.113358831881168
100,235,1.007759,0.251364850714062,0.107712340468986
105,235,1.07502,0.288669275317936,0.0849085193303077
110,235,0.9573082,0.344281796384303,0.0567389166285496
115,235,0.9979936,0.359950711655297,0.00932584837531273
120,235,0.958129,0.345292305809514,0.0140377623547944
125,235,0.7991674,0.356133007024797,0.0465938377639316
130,235,0.823706,0.256671461428654,0.046712384866807
135,235,0.7512425,0.279888823163485,0.0535922222957968
140,235,0.6793827,0.273431778991097,0.0428070973079712
145,235,0.7372606,0.351349748381896,0.0316163025000216
150,235,0.7741531,0.293568177031258,0.00776131961567529
155,235,0.7740943,0.319233809352705,0.0370315215944973
160,235,0.7738223,0.396229151212506,0.0687944602195554
165,235,0.7363988,0.403675559909763,0.0815008052791255
170,235,0.7504842,0.38776161953475,0.0500531545361882
175,235,0.7203566,0.369466436220152,0.0446272057083149
180,235,0.7486762,0.320529542779543,0.0380207931795426
185,235,0.743086,0.363613889214237,0.0407177353823903
190,235,0.7310114,0.354135409024952,0.0478523788606933
195,235,0.7715025,0.334239562591543,0.0544108206860673
200,235,0.7681767,0.334067927761008,0.0562852742627583
205,235,0.8021929,0.323362500273713,0.0602014854012415
210,235,0.8003856,0.337948599602304,0.0831924331599516
215,235,0.7447311,0.356092028539486,0.0649779466313048
220,235,0.724926,0.346560121636431,0.0756054902270678
225,235,0.724946,0.314292229152177,0.0853588323360892
230,235,0.7030216,0.27330860808063,0.106129586580668
235,235,0.7248636,0.223893611816209,0.091619293073172
240,235,0.7244341,0.222402513588928,0.0967651545021164
245,235,0.7244341,0.222402513588996,0.0967651545021085
250,235,0.7244341,0.222402513588899,0.0967651545021256
255,235,0.7244341,0.222402513588897,0.096765154502112
260,235,0.7244341,0.222402513588899,0.0967651545021237
265,235,0.7240048,0.222402513588921,0.101885904534741
270,235,0.7009713,0.222402513588921,0.107433489115271
275,235,0.6779379,0.222402513588936,0.101885904534748
280,235,0.6756427,0.222402513588921,0.107433489115296
285,235,0.6756427,0.222402513588921,0.107433489115284
290,235,0.6756427,0.222402513588907,0.1074334891153
295,235,0.6733475,0.222402513589011,0.112981073695852
300,235,0.6733475,0.222402513589007,0.112981073695833
100,240,0.8491067,0.198423808979107,0.100383312642995
105,240,0.9019454,0.258856008900985,0.089383944503454
110,240,0.8930774,0.309135372617303,0.0660211485073701
115,240,0.8855138,0.300488851233418,0.0217480926153998
120,240,0.8815743,0.307755086384517,0.00736203400863825
125,240,0.7886093,0.341890428644248,0.0569020143426044
130,240,0.7703177,0.246257767634166,0.0609281549660577
135,240,0.7335043,0.28630658345578,0.0588145256767244
140,240,0.6377445,0.263563241556492,0.0635599577298031
145,240,0.6588233,0.33294498576275,0.0741561139732848
150,240,0.7894388,0.280313161153289,0.0508411812629062
155,240,0.7479987,0.335284047138215,0.0468360946004855
160,240,0.7488883,0.416536975972355,0.0854985854436287
165,240,0.8445358,0.416070214219383,0.0760947306784234
170,240,0.763914,0.412498494799942,0.0577808412521141
175,240,0.7009162,0.400059061343795,0.0496682512669988
180,240,0.7431052,0.348940061569991,0.0391355678880114
185,240,0.7561948,0.370936076173652,0.0263914692066019
190,240,0.7537712,0.346095605652618,0.0419153050665212
195,240,0.7547084,0.335924554948794,0.0615927049752322
200,240,0.7939299,0.329600394780722,0.0333802320248814
205,240,0.7896388,0.31727630126706,0.0546300523607833
210,240,0.7505537,0.345983029901011,0.0765032203243557
215,240,0.756602,0.394471662409519,0.0742065466809873
220,240,0.7701996,0.363122862678602,0.0781090756878279
225,240,0.7564136,0.32409771687388,0.0819030835860059
230,240,0.7500167,0.314063683677985,0.0909657778152798
235,240,0.7280371,0.249184333354345,0.0899623740362013
240,240,0.7063736,0.184982780361741,0.0923085866044282
245,240,0.6941453,0.18458458936518,0.0940324443149513
250,240,0.6941453,0.184584589365172,0.0940324443148924
255,240,0.6941453,0.184584589365194,0.0940324443149505
260,240,0.6941453,0.184584589365166,0.0940324443148828
265,240,0.6941453,0.184584589365189,0.0940324443148829
270,240,0.6941453,0.184584589365172,0.0940324443149716
275,240,0.6813314,0.184584589365164,0.0940324443148924
280,240,0.6813314,0.184584589365167,0.0940324443148812
285,240,0.6813314,0.184584589365162,0.0940324443149711
290,240,0.6877382,0.184584589365149,0.103013521893893
295,240,0.6877382,0.184584589365169,0.103013521893825
300,240,0.6813314,0.184584589365162,0.111994599472864
100,245,0.7699307,0.106959428320249,0.106907263021372
105,245,0.8373609,0.235426776072448,0.0937638400340709
110,245,0.8675683,0.279895854121734,0.0794900678105028
115,245,0.85538,0.317038330644661,0.0317193693157974
120,245,0.8053546,0.301566389902904,0.0278654763335659
125,245,0.7413491,0.334585804467133,0.0640168606188923
130,245,0.7223397,0.289314794352741,0.076524956037424
135,245,0.6941702,0.358986847392571,0.0749903966457415
140,245,0.6290646,0.350673132021595,0.0865816136110463
145,245,0.6358571,0.367855525587888,0.0946068105677689
150,245,0.7059447,0.333049276770015,0.089175824951623
155,245,0.6749169,0.37552911254343,0.0924483521509856
160,245,0.6982011,0.443714036503091,0.0878467675595148
165,245,0.7131592,0.438596392553429,0.0861802201109043
170,245,0.7020889,0.435380130031704,0.0599220790708813
175,245,0.604816,0.432439385255983,0.0540336997306011
180,245,0.7046569,0.336754944209447,0.0418123838817782
185,245,0.7606687,0.369481476478625,0.0350078142804882
190,245,0.7416325,0.426596516272988,0.0568178816143704
195,245,0.7514691,0.40355477833978,0.06911950034985
200,245,0.7837308,0.428862028380657,0.032783884196608
205,245,0.7351353,0.380957930006987,0.0278753360596911
210,245,0.7155022,0.393410009745214,0.0831981398395354
215,245,0.7087957,0.421515855913123,0.0756779230479502
220,245,0.6958463,0.402953364709915,0.0890450666054101
225,245,0.7020146,0.389450674110426,0.0908027263336255
230,245,0.6965408,0.373807241785703,0.0992170938626542
235,245,0.6632876,0.350834514296734,0.0970382521860531
240,245,0.6761962,0.235040399940049,0.0988734287437659
245,245,0.6452864,0.204730147995313,0.101827313204029
250,245,0.6549013,0.204726433373326,0.108826327583972
255,245,0.6588755,0.204726433373323,0.102023756693327
260,245,0.6588755,0.204726433373324,0.102023756693311
265,245,0.6588755,0.204726433373296,0.102023756693325
270,245,0.6588755,0.204726433373303,0.102023756693296
275,245,0.6588755,0.204726433373315,0.102023756693306
280,245,0.6588755,0.204726433373319,0.102023756693297
285,245,0.6588755,0.204726433373331,0.10202375669334
290,245,0.6588755,0.204726433373336,0.102023756693341
295,245,0.6588755,0.204726433373289,0.110298433888692
300,245,0.6549013,0.204726433373316,0.111770540193342
100,250,0.8067054,0.227910245230654,0.112259826466387
105,250,0.8430755,0.268873497559316,0.0906515648247725
110,250,0.8455063,0.273954358973175,0.0825900525131781
115,250,0.8472493,0.313404830546106,0.0350332569921636
120,250,0.839213,0.289676466992685,0.0300055300532952
125,250,0.731281,0.26574726226614,0.0614780657830483
130,250,0.685162,0.282333918436911,0.0731563797535619
135,250,0.6931731,0.323944207289038,0.0837819778942403
140,250,0.6946922,0.349321483265763,0.0981929475102762
145,250,0.633871,0.372336283829376,0.090670894688659
150,250,0.6938148,0.330198650606694,0.0912457259296153
155,250,0.6402285,0.366781643871019,0.112232959873232
160,250,0.6942044,0.442346101573561,0.108031360829648
165,250,0.6943405,0.43795653866075,0.10151139059142
170,250,0.6748912,0.43465850002842,0.0925807526641585
175,250,0.6519266,0.415216487309375,0.0686062740305771
180,250,0.6827421,0.34055467748379,0.068419458017408
185,250,0.7047577,0.373798550563286,0.067553678255045
190,250,0.6500407,0.398754455098968,0.0805647976133326
195,250,0.7243772,0.430933391876222,0.0869528296954309
200,250,0.7232723,0.437531202683429,0.0726549791853389
205,250,0.7486781,0.411903339381905,0.059205697996534
210,250,0.7659227,0.438194758150326,0.0730756310602021
215,250,0.7657495,0.42406652300363,0.0734369860623569
220,250,0.6957752,0.432981127300126,0.0939166836617568
225,250,0.6979007,0.417160284858286,0.0945639750529399
230,250,0.7025051,0.388774104182876,0.103143454029441
235,250,0.7156376,0.37460713133802,0.103007382015284
240,250,0.682429,0.370493725337665,0.103568741987974
245,250,0.6677086,0.328275019732721,0.106750859640998
250,250,0.7043082,0.290265045278066,0.102331160633212
255,250,0.703527,0.289914756347853,0.102368859938189
260,250,0.703527,0.289914756347838,0.102368859938182
265,250,0.7007208,0.289914756347848,0.100858116940888
270,250,0.7007208,0.289914756347847,0.100858116940905
275,250,0.7007208,0.289914756347842,0.100858116940931
280,250,0.7007208,0.28991475634784,0.100858116940871
285,250,0.6633959,0.289914756347826,0.102368859938201
290,250,0.6260709,0.289914756347853,0.10387960293547
295,250,0.6633959,0.28991475634785,0.107640095133511
300,250,0.7007208,0.289914756347841,0.111400587331475
100,255,0.7967595,0.222018240448187,0.115832203986384
105,255,0.880215,0.271842546266054,0.0921247415519342
110,255,0.9148592,0.312196847928428,0.0934475982088598
115,255,0.8608276,0.350364437283274,0.050670137210033
120,255,0.7818801,0.338154973776507,0.0348499436014202
125,255,0.738948,0.349625232882339,0.0401064907689157
130,255,0.6289619,0.285582175579002,0.0679835801231565
135,255,0.684745,0.335669405902198,0.0864195830127308
140,255,0.6243475,0.356318516015453,0.0941378985387051
145,255,0.6091419,0.383116180984796,0.0640815929232796
150,255,0.6547215,0.295781157721402,0.0750143548515719
155,255,0.686476,0.32802336328281,0.0805264094358041
160,255,0.6898581,0.385853622834937,0.0941992323446783
165,255,0.6841111,0.438051270633136,0.0888756798789019
170,255,0.6205567,0.411510611921912,0.0778965167339169
175,255,0.6292356,0.410012870979624,0.0646611524342178
180,255,0.6456981,0.343324857791445,0.069116098417482
185,255,0.6668804,0.374334590298202,0.054290435536905
190,255,0.6619992,0.421406261794674,0.0781810292337052
195,255,0.6459597,0.45813531337325,0.0907092209780158
200,255,0.6308451,0.445929813423955,0.0990988304286614
205,255,0.6392116,0.427830410935697,0.0832408652036922
210,255,0.6581327,0.431604931453639,0.0807347069909882
215,255,0.6649331,0.414834316264654,0.0827038568087281
220,255,0.658965,0.432158589547409,0.0976078365127605
225,255,0.6501775,0.398442092066699,0.0993029597612159
230,255,0.6478455,0.371699653190802,0.102826755357448
235,255,0.6589412,0.35721486550575,0.101096017658087
240,255,0.646237,0.344123271244882,0.101680230259241
245,255,0.6209155,0.339617136623111,0.104894122879304
250,255,0.6434661,0.327444676246345,0.104733670830328
255,255,0.635756,0.291824620786941,0.104546361376747
260,255,0.6208766,0.29181978087744,0.103691724029436
265,255,0.6208766,0.291819780877441,0.103691724029437
270,255,0.6208766,0.29181978087744,0.10369172402944
275,255,0.6060219,0.291819780877344,0.104561186193271
280,255,0.6208766,0.291819780877505,0.105035916073491
285,255,0.6208766,0.291819780877344,0.105035916073501
290,255,0.6208766,0.291819780877376,0.105035916073502
295,255,0.6208766,0.29181978087745,0.105035916073505
300,255,0.6357312,0.29181978087748,0.105510645953704
100,260,0.7344033,0.316863687643049,0.102838875654416
105,260,0.7921875,0.300429332247189,0.0899152481471881
110,260,0.8593782,0.331212266135629,0.0557255409389829
115,260,0.899915,0.346147265326274,0.0447552277825639
120,260,0.9541838,0.371640082164974,0.0218902759433986
125,260,0.8839881,0.36490556284255,0.0294995456982545
130,260,0.8022524,0.313366602348113,0.0505590026654258
135,260,0.7024907,0.335254214811258,0.0640924168815427
140,260,0.5844702,0.318938377988763,0.068658802424691
145,260,0.5566142,0.354642987149303,0.039491746216797
150,260,0.6496509,0.31833922864072,0.0694098950647302
155,260,0.6265071,0.328117881066751,0.0577852951365586
160,260,0.6438833,0.385404107367637,0.0843010539979724
165,260,0.668906,0.435468063084021,0.0755292651767693
170,260,0.5662621,0.411832079829574,0.0502334538890743
175,260,0.6506898,0.438446440373198,0.0539002282199641
180,260,0.6477689,0.393234724473698,0.0431076635012229
185,260,0.6012982,0.373834002945622,0.0533927257520363
190,260,0.6091534,0.450879532006106,0.0801445740048636
195,260,0.5971535,0.453647761386165,0.0652550254744135
200,260,0.6026695,0.474467464309052,0.0486692014472096
205,260,0.6286368,0.453430510817379,0.0523983053672751
210,260,0.572147,0.450251348854717,0.0875158609393621
215,260,0.599417,0.428313372099411,0.0862249711543051
220,260,0.5986181,0.441302901561051,0.091899266474191
225,260,0.5957069,0.427470334912704,0.0930048043313156
230,260,0.6358183,0.402204383290971,0.0998244185356152
235,260,0.6662837,0.405468068974093,0.0897885223691075
240,260,0.6283402,0.413727235101408,0.0970135001707179
245,260,0.5882245,0.381307224997627,0.107619660030318
250,260,0.6149959,0.394190467769347,0.101431811399273
255,260,0.5869378,0.357381950484988,0.0968578977393274
260,260,0.6328425,0.306299282953131,0.10673388270133
265,260,0.6091269,0.306292482666025,0.110384738516072
270,260,0.6091269,0.306292482666004,0.11038473851605
275,260,0.6091269,0.306292482666004,0.110384738516072
280,260,0.6091269,0.306292482666004,0.11038473851607
285,260,0.5855572,0.306292482666019,0.106739950849462
290,260,0.6091269,0.306292482666019,0.110384738516129
295,260,0.5855572,0.306292482665993,0.11402952618262
300,260,0.5855572,0.306292482666006,0.114029526182663
100,265,0.6376714,0.459046174199619,0.115193452255112
105,265,0.8137861,0.453374508436216,0.0572250982045284
110,265,0.9169193,0.391813899958072,0.0489693434310686
115,265,0.8661771,0.396693175830708,0.0411416466061318
120,265,0.8961563,0.373208060668854,0.0166264903921579
125,265,0.7960708,0.363669255523463,0.0378707111244027
130,265,0.7361999,0.324313495355193,0.0694882532209548
135,265,0.6460136,0.329977257153248,0.0802028676979081
140,265,0.5924224,0.33199077231032,0.0891657113221786
145,265,0.5532612,0.382935187570268,0.041270693797591
150,265,0.5681983,0.390709672972115,0.0784813827522685
155,265,0.5815835,0.368930725969307,0.0844338602897622
160,265,0.5942912,0.416693021971016,0.0893859433977779
165,265,0.5558294,0.426537881405227,0.0849215944575461
170,265,0.4987057,0.392750449609686,0.0657718758219304
175,265,0.5442653,0.390181165761655,0.0567879175085781
180,265,0.6055455,0.408316957872274,0.0705568387862388
185,265,0.5692257,0.410258661936045,0.0589281515381544
190,265,0.5934013,0.45858844442095,0.0825832912888215
195,265,0.5786505,0.452884272596478,0.0711336295090898
200,265,0.6061618,0.507615236244591,0.056297828893888
205,265,0.5349597,0.44076299168712,0.0575531319907342
210,265,0.4956656,0.461053818867309,0.0829865497335859
215,265,0.4858142,0.433081650794232,0.0890528674097879
220,265,0.4934593,0.423632532250404,0.0926298327135484
225,265,0.5158426,0.40322018223166,0.0875373034610465
230,265,0.5807546,0.416151650375549,0.0859693016888731
235,265,0.5530384,0.427383359843224,0.0882211844082142
240,265,0.5543467,0.422061241811943,0.0926457875534077
245,265,0.5228868,0.409664776384554,0.0987806116820551
250,265,0.5392939,0.420457305023851,0.10300170308439
255,265,0.5125224,0.404800200683232,0.104754107445637
260,265,0.5220782,0.370950539613719,0.109326844602709
265,265,0.5426612,0.307249865324053,0.110943207451188
270,265,0.5425629,0.306552380872005,0.111043793414824
275,265,0.5492794,0.306552380872034,0.108435364928524
280,265,0.5492794,0.306552380871759,0.10843536492849
285,265,0.5358463,0.30655238087174,0.108435364928534
290,265,0.5358463,0.306552380871997,0.108435364928478
295,265,0.5358463,0.306552380872005,0.10843536492856
300,265,0.5358463,0.30655238087196,0.108435364928508
100,270,0.6595073,0.38081148830694,0.12040908353658
105,270,0.6990455,0.467448769454671,0.0501337101097098
110,270,0.88314,0.396785559799144,0.0510100429568448
115,270,0.8428356,0.421391487345478,0.0395455321392421
120,270,0.8015959,0.432457834020364,0.0343841183364067
125,270,0.7191756,0.376939304091152,0.0557175850401143
130,270,0.6563732,0.34732299025449,0.0691173381633159
135,270,0.5606748,0.33063324594649,0.0674680200021124
140,270,0.5215353,0.346885624755528,0.0982208697235344
145,270,0.5287435,0.422482722834856,0.0412235096517886
150,270,0.5516884,0.391533450868615,0.098642370877974
155,270,0.4539679,0.38877867954484,0.109893461236496
160,270,0.5043694,0.407243809467103,0.0961810289117201
165,270,0.4622459,0.436196965177843,0.0853666156766224
170,270,0.4408281,0.418317447612921,0.0711421106563167
175,270,0.4556328,0.465621962771477,0.0678552054761677
180,270,0.4667835,0.446541994925448,0.0780100971089676
185,270,0.4653189,0.441686767173602,0.0810760888780242
190,270,0.5018157,0.527872661251107,0.0909971413362431
195,270,0.4969128,0.49132008080424,0.0947346921002802
200,270,0.5144159,0.534802015762034,0.0695247426605237
205,270,0.5246836,0.526604570815974,0.0615251253846472
210,270,0.4655141,0.529256807537299,0.0839849527305535
215,270,0.4339491,0.448320680117628,0.0920419715290169
220,270,0.4434553,0.433365910698867,0.0971159525195742
225,270,0.4436722,0.426734358898072,0.0803192636556409
230,270,0.4586501,0.425486535755606,0.0830241823653464
235,270,0.442092,0.447484361664806,0.0871985891876029
240,270,0.4746497,0.441627223042176,0.0847123312651722
245,270,0.4288068,0.420105829926625,0.0987763744647239
250,270,0.4298078,0.42121243973979,0.0954533268599652
255,270,0.4412049,0.39558721693495,0.0971776040562546
260,270,0.4448245,0.389769187731432,0.101532764208396
265,270,0.4512281,0.371415815533472,0.105032000863574
270,270,0.4463362,0.32298906566127,0.106420777809158
275,270,0.4442025,0.32130824859892,0.106435425445311
280,270,0.4442025,0.321308248598812,0.106435425445302
285,270,0.4442025,0.321308248598882,0.110498283336555
290,270,0.4442025,0.321308248598872,0.110498283336557
295,270,0.4442025,0.321308248598879,0.110498283336559
300,270,0.4442025,0.321308248598922,0.110498283336547
100,275,0.5732951,0.337591557527679,0.128230062956243
105,275,0.5899966,0.464682870624061,0.0731780482070564
110,275,0.5191247,0.411580079195272,0.0745440145504014
115,275,0.7593994,0.423070131862665,0.0476363287592412
120,275,0.6927015,0.433874822244711,0.0586219948291625
125,275,0.5957667,0.404779075396726,0.0430821075838355
130,275,0.5361526,0.378812975744422,0.0570084092228932
135,275,0.4869616,0.349906541187715,0.0649315775684342
140,275,0.548529,0.346331763851838,0.0686001376391526
145,275,0.5206152,0.391352261564647,0.0451053733423728
150,275,0.4704299,0.387379850481414,0.0747314095378158
155,275,0.4968511,0.404617193911982,0.0525536496452753
160,275,0.5089027,0.423157679253033,0.0743493986446118
165,275,0.4413569,0.446021568881171,0.0884920800413103
170,275,0.4082881,0.436258427326153,0.0790561389704306
175,275,0.4120842,0.462717501707779,0.0699426208726764
180,275,0.4243868,0.432498963619971,0.0760490810015156
185,275,0.4476898,0.437448852676157,0.0850706113737962
190,275,0.4508432,0.497191712612135,0.0941364772705413
195,275,0.4011097,0.514384110387534,0.102565181092541
200,275,0.4398771,0.531645003945114,0.0791870074256957
205,275,0.4429611,0.513881763460471,0.0646232286126309
210,275,0.3793531,0.49342370939526,0.0896668277315742
215,275,0.3745167,0.441596100455035,0.101259536225512
220,275,0.3658522,0.431910590352328,0.102867045448837
225,275,0.4092064,0.426456288556359,0.0848518723908653
230,275,0.3637156,0.424643783433058,0.0847480268895392
235,275,0.3411424,0.4240442370835,0.0929814133709571
240,275,0.3814748,0.423592386363009,0.0956116344706891
245,275,0.360802,0.412381760477307,0.103325060575415
250,275,0.363399,0.417119439071144,0.101463935749307
255,275,0.3651265,0.406264012619429,0.103145854792638
260,275,0.294309,0.386991940287252,0.107092635454748
265,275,0.3235078,0.399097081437779,0.106837229418578
270,275,0.3636673,0.376916416599606,0.107379442310331
275,275,0.3630878,0.340776388972045,0.107825694522083
280,275,0.3803971,0.336568333841049,0.107903166293658
285,275,0.3638742,0.336568333841083,0.107903166293671
290,275,0.3638742,0.336568333841049,0.107903166293499
295,275,0.3638742,0.336568333841048,0.107903166293506
300,275,0.3630601,0.336568333841076,0.107961230826606
100,280,0.4760502,0.32658625318936,0.14086914806778
105,280,0.3510117,0.464008730529598,0.0861211712180473
110,280,0.4392312,0.377197258456871,0.086688824138307
115,280,0.6777999,0.387202522616552,0.0510093139875483
120,280,0.6318833,0.367556478358293,0.0519036282441513
125,280,0.52191,0.416341944103422,0.043441251803107
130,280,0.3991974,0.340089511425533,0.0986206409415745
135,280,0.3895602,0.325515488018905,0.067364833404783
140,280,0.4552423,0.341947468767173,0.0642320432126526
145,280,0.4528956,0.381759252722453,0.0522206129182301
150,280,0.3768982,0.363082672729965,0.0560628526803259
155,280,0.3329045,0.421213594856173,0.0439735916918619
160,280,0.4366368,0.448295573875283,0.0582287312154309
165,280,0.5070813,0.45480127538402,0.0808533437577901
170,280,0.4438883,0.438781431210849,0.0892195511478975
175,280,0.4164235,0.477395595956057,0.0698855793960886
180,280,0.4493441,0.462574132435444,0.0645618371039913
185,280,0.4452147,0.456847796109541,0.074958533172473
190,280,0.4253378,0.50301673298901,0.0985622568523453
195,280,0.406038,0.529282072665692,0.0894939516291636
200,280,0.4476011,0.551462519660549,0.0378345093473656
205,280,0.4362039,0.517361828016488,0.0544618192742512
210,280,0.4179669,0.455953482556284,0.0899345722556032
215,280,0.4065131,0.445734184372408,0.093986459107379
220,280,0.3808792,0.459386861902445,0.0977178906396538
225,280,0.3680166,0.433308066611659,0.0746926893139107
230,280,0.2770872,0.45587359433996,0.0863725967789795
235,280,0.2576286,0.443469583442304,0.0889503721631343
240,280,0.3626536,0.418483782786122,0.0962526845329226
245,280,0.3392659,0.419718655074306,0.100973718678362
250,280,0.3549694,0.418925844998877,0.10091541411237
255,280,0.3632802,0.412756196093231,0.0999901019276419
260,280,0.314829,0.423786518476588,0.103676335610858
265,280,0.2776044,0.426798670502515,0.107992885320662
270,280,0.3017746,0.40896179033012,0.106090447754312
275,280,0.2775666,0.369522213534037,0.103015693952774
280,280,0.2762038,0.324108582705987,0.108371251444783
285,280,0.2761561,0.323902934907302,0.108766861200971
290,280,0.2761561,0.323902934907358,0.108766861200962
295,280,0.2761561,0.323902934907327,0.108766861201035
300,280,0.2761561,0.323902934907338,0.10876686120099
100,285,0.3915334,0.277460789698567,0.144311746433086
105,285,0.3594489,0.435165454953891,0.0924819455203372
110,285,0.4068665,0.376045024569318,0.0926712594979749
115,285,0.6502321,0.387365759216241,0.0544213193418981
120,285,0.6408545,0.437906605908103,0.053992828893872
125,285,0.4649617,0.365870969774285,0.0563766478223312
130,285,0.3598876,0.360716731300674,0.0986770825104447
135,285,0.405054,0.341343974337291,0.0694968463339934
140,285,0.4426998,0.329818286597299,0.0643694104447636
145,285,0.3906098,0.33857095639368,0.0675437684163796
150,285,0.2975149,0.337109230289737,0.0810294915392863
155,285,0.261274,0.361617849239458,0.0771807710824904
160,285,0.4232373,0.448217385892269,0.07996237941939
165,285,0.3945107,0.449602057999817,0.087608531127278
170,285,0.366374,0.457980626847081,0.0780377483532721
175,285,0.3167437,0.512724278744714,0.0767537461354919
180,285,0.2632205,0.448459280706219,0.0716802383715766
185,285,0.3079542,0.463905045897588,0.0714692409145717
190,285,0.3363712,0.51741673853552,0.079352343369828
195,285,0.3242963,0.537915729121137,0.064682999212029
200,285,0.3836967,0.553003988035147,0.0545801516695172
205,285,0.3692886,0.512923545076972,0.0545861433468471
210,285,0.3351732,0.485918289172311,0.0908636773499913
215,285,0.3238138,0.444100930630225,0.0959602344734531
220,285,0.2982454,0.449201500141374,0.0840370156201461
225,285,0.2919646,0.435208831446636,0.0781480516659697
230,285,0.240929,0.464514094148507,0.0890694943967257
235,285,0.2633195,0.442070996993621,0.0878342837110783
240,285,0.2776889,0.421257816815216,0.0887909675860345
245,285,0.2823953,0.426091805324225,0.0923134106736218
250,285,0.2891724,0.42120670054032,0.0992389125537858
255,285,0.2596773,0.424897248148746,0.10299785834327
260,285,0.2464614,0.427600665076072,0.112666358559233
265,285,0.2480556,0.427079483753104,0.111860802574948
270,285,0.2524872,0.421377045403887,0.10569946664146
275,285,0.2505354,0.418209754328372,0.105313341811934
280,285,0.2346189,0.411311661461637,0.111006006593134
285,285,0.2492961,0.365799031846876,0.116476057751215
290,285,0.2492279,0.365632092637096,0.116726872713453
295,285,0.2492279,0.36563209263709,0.116726872713457
300,285,0.26384,0.365632092637093,0.117908857545179
100,290,0.3026787,0.332217521315475,0.144168263246429
105,290,0.3075007,0.357314949256547,0.106275457320968
110,290,0.4745464,0.355409123119717,0.0737171067913096
115,290,0.5769461,0.413703933987871,0.0638273899141677
120,290,0.5003021,0.455684444633423,0.067155503386982
125,290,0.3842871,0.407631243562496,0.0951518783266581
130,290,0.2824183,0.398668109995658,0.102497732264995
135,290,0.3250721,0.351857939167927,0.0730974982331784
140,290,0.3249671,0.326126024940231,0.0800537787914356
145,290,0.2975152,0.356474713537388,0.0712267928950155
150,290,0.2657622,0.333179361856625,0.0954786359586419
155,290,0.1685963,0.388394324716431,0.0977112663996524
160,290,0.4397959,0.437403427345018,0.0972518218978104
165,290,0.3884228,0.466649037212765,0.0894480427895423
170,290,0.3851537,0.479249674037188,0.0701000182731518
175,290,0.3170898,0.535673713681717,0.0792831976401173
180,290,0.2556278,0.4507438646962,0.0649707401578643
185,290,0.2830283,0.471082210803461,0.0823599509084879
190,290,0.3491949,0.539166213050904,0.0659022974312683
195,290,0.3157994,0.535973630672498,0.0669979873964512
200,290,0.3337371,0.539122872697921,0.055966651903193
205,290,0.2943925,0.49423959986553,0.0682993223569277
210,290,0.3139222,0.467945664360547,0.0868728470334779
215,290,0.3443264,0.440746530508561,0.0985838834838756
220,290,0.3154836,0.432883443867026,0.0842622330850135
225,290,0.2565481,0.438680660883328,0.103058313338075
230,290,0.2228994,0.478933758645335,0.0976642625980043
235,290,0.2238751,0.438664130055976,0.101380832883711
240,290,0.2831323,0.442235940491933,0.100798434487004
245,290,0.263333,0.431152539543212,0.101055740717057
250,290,0.2887735,0.444634800660139,0.0888071719903024
255,290,0.1727896,0.463375588008857,0.103586915861856
260,290,0.2547989,0.471262751807821,0.105747407509252
265,290,0.2531993,0.465029861252306,0.114846267153868
270,290,0.2902938,0.435277783924821,0.114576302111276
275,290,0.2888933,0.418563584956387,0.109500475291135
280,290,0.2878846,0.427726212504761,0.12427250254938
285,290,0.2516873,0.424003813564214,0.12649496444852
290,290,0.2516571,0.384942176795181,0.126853451725585
295,290,0.2516526,0.383026329623107,0.126866047040666
300,290,0.2123745,0.383026329623113,0.128070680351707
100,295,0.2070339,0.405960777535813,0.135102554740158
105,295,0.2818769,0.418178675964351,0.110167647056191
110,295,0.2940395,0.430509140000982,0.0625221798983013
115,295,0.5866358,0.513359123160529,0.0628663498852822
120,295,0.4364849,0.549292358765641,0.0585801832801731
125,295,0.2772733,0.446035266829923,0.0925005489201328
130,295,0.2553411,0.406896410810869,0.0970925215934031
135,295,0.2961924,0.347387066833684,0.0733531589760317
140,295,0.2984547,0.382687053961219,0.0834129051616594
145,295,0.2146549,0.398850029443971,0.074382020097701
150,295,0.1810396,0.415670487514493,0.100048060850271
155,295,0.2148269,0.41416520548751,0.1081250702246
160,295,0.3093894,0.441927149702113,0.0907976275793935
165,295,0.2550424,0.475130841394419,0.103128606934794
170,295,0.2988953,0.48165319198545,0.100202561172554
175,295,0.3431622,0.525025283443341,0.0833701976426403
180,295,0.2354486,0.495265220560655,0.0724199766473585
185,295,0.2675876,0.488601459803203,0.0813429416219009
190,295,0.3077544,0.551070780707449,0.0660960150189843
195,295,0.3032912,0.569890502089427,0.0743860430322758
200,295,0.2955522,0.564750570493522,0.0576920559421699
205,295,0.2956518,0.561760957885847,0.0645408670017727
210,295,0.2570078,0.534936097215072,0.0927034282913938
215,295,0.2478282,0.487373312817524,0.100382887496967
220,295,0.23557,0.480914283854548,0.0986390128435
225,295,0.2957838,0.45812029615141,0.0910977504410479
230,295,0.2353608,0.457393535593151,0.0968228450878996
235,295,0.2928677,0.440740905208976,0.0893931606457435
240,295,0.2755328,0.439678278891556,0.0929395100144534
245,295,0.2428425,0.435680481390593,0.101039152773857
250,295,0.2141066,0.451338252654814,0.0951283470607104
255,295,0.2159467,0.461671372223395,0.0997576747034915
260,295,0.2484337,0.458631821914199,0.102549021303121
265,295,0.2927102,0.467412115485666,0.0979094924818083
270,295,0.325771,0.469454229501611,0.0990463100244751
275,295,0.3216258,0.45225700665655,0.10491811130492
280,295,0.2925869,0.437304615834346,0.12394339148358
285,295,0.2927641,0.435518450247669,0.123321106354346
290,295,0.2926918,0.416970154361445,0.123661964594454
295,295,0.2925158,0.406385961907446,0.124145555045828
300,295,0.2924977,0.406013841790572,0.124155264362898
100,300,0.1821644,0.345487776412856,0.116091053419504
105,300,0.3070343,0.483645236141989,0.0897894332590126
110,300,0.295745,0.517499849229026,0.0563478144772292
115,300,0.5675766,0.447650004438576,0.0525752510532478
120,300,0.6345966,0.445259874981888,0.0577338474831119
125,300,0.3612461,0.373515138711888,0.0724461618289937
130,300,0.2750221,0.415300006272819,0.104170400360211
135,300,0.326934,0.350229282702109,0.0800282649338757
140,300,0.2280038,0.368969224902995,0.100200914513789
145,300,0.2297058,0.392561995381768,0.0738315333706392
150,300,0.1438959,0.368616510888934,0.088502946655409
155,300,0.1561707,0.419455311650393,0.0918714267426299
160,300,0.1952808,0.462190729730012,0.102496455808581
165,300,0.1864297,0.508388240525534,0.11008139996785
170,300,0.1552047,0.501471787691384,0.105276695222042
175,300,0.2174267,0.53909256255368,0.08389174087419
180,300,0.1897516,0.489914498581097,0.0821699855665183
185,300,0.2261052,0.478994213669546,0.081133549669428
190,300,0.3058754,0.553429247255712,0.0832007689593557
195,300,0.2833442,0.581886061268946,0.0904113553572821
200,300,0.2366215,0.580975001798222,0.0827625212021843
205,300,0.2970043,0.569510941123696,0.077182095033839
210,300,0.2521484,0.564735071598365,0.0874290173145736
215,300,0.2837419,0.519795538361595,0.106041463940438
220,300,0.252681,0.520914992962975,0.101523098625513
225,300,0.2059002,0.500032109125271,0.100008688897733
230,300,0.2049421,0.482896984067396,0.0995156737720742
235,300,0.2325944,0.483471058636509,0.0958733939289466
240,300,0.2350981,0.521514174206804,0.0900345621964779
245,300,0.1523582,0.477959247735819,0.0944377563659948
250,300,0.1496019,0.478232473398283,0.0843102072635755
255,300,0.1262514,0.488469725694247,0.0887240009716009
260,300,0.15952,0.48722026470843,0.0959589039856219
265,300,0.2244518,0.487653144910018,0.107078362714334
270,300,0.2790985,0.495751056177268,0.110609569829722
275,300,0.2290303,0.466122458204622,0.126001013261314
280,300,0.2292632,0.463004675338631,0.126784413613292
285,300,0.1621163,0.465103731990539,0.129512396032401
290,300,0.1456372,0.447380519152215,0.130113766339882
295,300,0.1447709,0.429131210847809,0.130274045204998
300,300,0.14373,0.41217354978976,0.128268910061788
100,305,0.16764,0.334139789628107,0.123507780182675
105,305,0.2375727,0.469201885748531,0.0781708623124747
110,305,0.3433351,0.454196911811206,0.0611725138163393
115,305,0.5021253,0.45875788116453,0.056702616221542
120,305,0.6042005,0.405758669261074,0.0561203288262952
125,305,0.4207564,0.366949971353225,0.0610969003077801
130,305,0.2813321,0.377666632635374,0.0742577781062718
135,305,0.3372242,0.364801185050938,0.0751272313946781
140,305,0.2258257,0.3924984966243,0.0780188215987134
145,305,0.1491007,0.429658944114335,0.0502221448849638
150,305,0.19756,0.429061899960209,0.0721298612093459
155,305,0.2053808,0.453917445551082,0.0850223284669525
160,305,0.41896,0.486420102726315,0.0705939338494716
165,305,0.2504111,0.492419060364412,0.0810252106661997
170,305,0.2021729,0.502996603040611,0.0833303863353287
175,305,0.1953407,0.514310564537047,0.0838602088749715
180,305,0.1863994,0.506415614102476,0.0826462400501393
185,305,0.2449046,0.502543537141188,0.0811978145584922
190,305,0.310019,0.54978590434489,0.0829609837449033
195,305,0.2314958,0.603305945455503,0.0892392426242312
200,305,0.1925304,0.600846929637342,0.0430823421706956
205,305,0.3040559,0.594127363259129,0.0493441866262391
210,305,0.2431552,0.58554102103867,0.0839990268544355
215,305,0.2152866,0.587994423212064,0.0929983133139236
220,305,0.194636,0.566317169326449,0.0913101051714926
225,305,0.1747545,0.536769168354214,0.091255802191417
230,305,0.1900463,0.524180852897525,0.095576264520506
235,305,0.1768665,0.520914086029493,0.0918384019743876
240,305,0.1798012,0.537467333841247,0.0932880269031051
245,305,0.1087053,0.482905555634686,0.0827468612588281
250,305,0.0641407,0.480345804726934,0.0818165705856555
255,305,0.07213495,0.498868771739046,0.0866185031562647
260,305,0.08855103,0.490369578817875,0.0897374668301763
265,305,0.1093483,0.521443770638051,0.106319910953378
270,305,0.1637262,0.51819736745144,0.108896009524149
275,305,0.1590843,0.503779710380073,0.114134223183933
280,305,0.1579643,0.502551824322964,0.132004987425602
285,305,0.1362214,0.494857797788088,0.135586185808736
290,305,0.1348774,0.470010247414515,0.135671216948708
295,305,0.1070464,0.44954959169614,0.142273472938718
300,305,0.1347164,0.445981033537298,0.134971574094158
100,310,0.1444096,0.33269399072255,0.112775880229419
105,310,0.3194461,0.280497103987832,0.096036994893935
110,310,0.3561774,0.440687088684299,0.0652662549493704
115,310,0.4702463,0.47895639199944,0.051207492727428
120,310,0.5475947,0.450705419985467,0.0443303534774456
125,310,0.4471422,0.398049632592311,0.0522548806070235
130,310,0.2299347,0.404201596833393,0.0766824224816677
135,310,0.2700246,0.377690081954441,0.075410929910355
140,310,0.2172883,0.399072769053586,0.0754767723690538
145,310,0.1477725,0.448799917364942,0.0549697383832658
150,310,0.07725182,0.442011017758496,0.0676396966412112
155,310,0.1832436,0.450896764486452,0.0607527639012062
160,310,0.3708158,0.470736802617631,0.0614841542784047
165,310,0.3636167,0.481749072322422,0.0661604823304114
170,310,0.2851381,0.491779685142561,0.0657642742477774
175,310,0.1773198,0.52457018925843,0.0811233038019213
180,310,0.144342,0.521475452448945,0.0840995840536894
185,310,0.2653608,0.515955034379523,0.0813746060269265
190,310,0.2718321,0.552227688811067,0.0636147958802559
195,310,0.2003232,0.607974278055731,0.0491888467541589
200,310,0.1747566,0.629542495817477,0.0427475114572644
205,310,0.1662149,0.597702146503616,0.0523320636408463
210,310,0.116166,0.596356764143607,0.0796504268886094
215,310,0.1363914,0.591636387062239,0.0981317580150129
220,310,0.1440403,0.567053679194386,0.0906283899158614
225,310,0.06753863,0.538300097588256,0.095408073885919
230,310,0.0783962,0.537715063557368,0.0999668833106828
235,310,0.1134744,0.542271940982829,0.110724859017572
240,310,0.1269483,0.55232838131323,0.0914789858805122
245,310,0.07934298,0.530577932598682,0.0882469050392249
250,310,0.03547467,0.544710805387042,0.0971323168595796
255,310,0.06909949,0.549360686334466,0.0921420889385849
260,310,0.0744647,0.548365486600934,0.109189296159123
265,310,0.1021978,0.533582849997437,0.120035887863137
270,310,0.1527208,0.515123071362622,0.135556499775615
275,310,0.1514134,0.497457373720721,0.143534757718974
280,310,0.1495284,0.509301568074103,0.149245104573152
285,310,0.1458631,0.487412711908619,0.149708858612824
290,310,0.1177101,0.472570942323771,0.157727365746744
295,310,0.1194885,0.482800028261262,0.149015185221576
300,310,0.163091,0.483763356004087,0.150957318910307
100,315,0.2270333,0.372560989473443,0.113517375452067
105,315,0.3474327,0.277762487902567,0.099910828444121
110,315,0.4496256,0.359513634641563,0.0754799263831563
115,315,0.5460974,0.507065621185017,0.0583223163002546
120,315,0.4656485,0.465762401342041,0.0407173534800547
125,315,0.4117236,0.461387655407877,0.0542340569163001
130,315,0.299632,0.4817020961435,0.0818208741120685
135,315,0.1941824,0.467839639368676,0.0969138877694474
140,315,0.2689134,0.458683174649825,0.0851457618278075
145,315,0.08229101,0.467907445983348,0.0796670281039689
150,315,0.04033994,0.442288909665688,0.0876370793114136
155,315,0.1519406,0.445016541838036,0.0694277078582219
160,315,0.329906,0.461800654731492,0.065285612291176
165,315,0.2772953,0.48828685734972,0.0663076898189584
170,315,0.2225013,0.514997433042225,0.074884355468831
175,315,0.1730455,0.534199393823795,0.0841282683465347
180,315,0.2423927,0.524732696546725,0.0726938833867807
185,315,0.2556106,0.535170904312617,0.0759323577459153
190,315,0.3272746,0.525768784213034,0.0604507359898651
195,315,0.2995895,0.621803377639934,0.05393650983727
200,315,0.1974042,0.626386008707532,0.0481787225874432
205,315,0.156232,0.585003990579566,0.0619775225603619
210,315,0.07150885,0.595275484982423,0.0796844046633884
215,315,0.07140796,0.590785042193745,0.0946036527617428
220,315,0.06069363,0.582999545209893,0.107740862103206
225,315,0.03954251,0.551719657018694,0.100958485696603
230,315,0.03942894,0.55908245288262,0.1018411369179
235,315,0.0606968,0.524584483747778,0.107880611170702
240,315,0.06649027,0.543680121437217,0.0963334683534004
245,315,0.01502824,0.528927685314115,0.096456614653111
250,315,0.006743309,0.549502280007193,0.103111793392762
255,315,0.04031797,0.556412225152077,0.105055661171038
260,315,0.03286307,0.549243473430014,0.108237695087059
265,315,0.008678542,0.55119077759896,0.13349246130317
270,315,0.03812829,0.534416183020685,0.13447701527866
275,315,0.06600131,0.531081706005211,0.148933763129518
280,315,0.05491024,0.530085440997904,0.15778549556856
285,315,0.06254337,0.488701315554459,0.15836446665258
290,315,0.07826587,0.519495541925066,0.155824708041212
295,315,0.06080653,0.518581554735952,0.153139582912363
300,315,0.08886764,0.515053307381053,0.153718041071265
100,320,0.2435654,0.341545947024561,0.115101572384268
105,320,0.3890875,0.359029448782434,0.0704862614378177
110,320,0.4770405,0.432714238279878,0.0713013752774418
115,320,0.5391042,0.504169708660679,0.0659292782522209
120,320,0.4813684,0.486697032742324,0.0499396970544024
125,320,0.3921013,0.454864109892568,0.0590463421713497
130,320,0.2625341,0.440989478032855,0.0875388346859299
135,320,0.2018733,0.491160894565557,0.0990988553667577
140,320,0.153096,0.50563657095178,0.0969422900599842
145,320,0.07740617,0.478623457634907,0.0844841793082937
150,320,0.05234155,0.451756113365216,0.0866736025429404
155,320,0.06011884,0.466878574536798,0.0752573526587078
160,320,0.1012645,0.509275238979447,0.0715046957118064
165,320,0.2316455,0.548737060677598,0.0727802580872198
170,320,0.1128429,0.540964011910117,0.0931848764281721
175,320,0.09531574,0.564244026679584,0.0917322685108579
180,320,0.1474947,0.528052565002165,0.088928242799422
185,320,0.137209,0.56847386145918,0.0856282974742687
190,320,0.265675,0.579706956497586,0.0700202777449025
195,320,0.1179466,0.62069193185997,0.115822862923799
200,320,0.1283421,0.627175830054087,0.0554906135055923
205,320,0.08199853,0.610881858631974,0.0656824411710696
210,320,0.02043794,0.601990508305344,0.0948821482550171
215,320,0.004550799,0.629924890679246,0.0990204730380736
220,320,0.0004744662,0.610802242365166,0.108653495342907
225,320,0.01230362,0.577294983316153,0.107852386949117
230,320,0.0228567,0.571065624238573,0.118289745347735
235,320,0.02651757,0.559351862234766,0.117050791347469
240,320,0.03093271,0.564683968934641,0.11278833830868
245,320,0.07699489,0.553177993434753,0.103691825819468
250,320,0.06807164,0.557132068774732,0.109433417923418
255,320,0.05436732,0.565226738167336,0.108111456316595
260,320,0.05409968,0.556548748151855,0.131268545315047
265,320,0.04443948,0.553925183037609,0.131951164889891
270,320,0.01629559,0.544966372520319,0.146446415084983
275,320,0.004891192,0.533091834563587,0.143816431888152
280,320,0.003600055,0.499010060072649,0.148870723658436
285,320,0.004931618,0.504449857601104,0.165868152337892
290,320,0.02726063,0.520320659177102,0.160901081918851
295,320,0.02133173,0.512255002592646,0.160013278177361
300,320,0.014424,0.506966138730262,0.158146875024536
100,325,0.3066282,0.332085108895872,0.101866486103185
105,325,0.3938428,0.395617540577693,0.0827453963397357
110,325,0.408166,0.465432087939285,0.0796332600710032
115,325,0.5137112,0.528641750439185,0.0628098501802467
120,325,0.3868506,0.487405709846877,0.0572196348384595
125,325,0.2771944,0.469009321841669,0.0652398142795479
130,325,0.1285708,0.525329828341604,0.0893012175941916
135,325,0.1789844,0.525303152528168,0.107326741870956
140,325,0.01415891,0.511029652139436,0.106403389713976
145,325,0.01404669,0.488458366275778,0.0953902567508063
150,325,0.06059302,0.464840526514304,0.0993020390691616
155,325,0.02314671,0.485663579542961,0.0982491161092813
160,325,0.01430012,0.562178125475029,0.0843596041073477
165,325,0.06673758,0.564091204096557,0.0928275312176642
170,325,0.01129671,0.549880810116462,0.102422805084406
175,325,0.02838293,0.578670968350944,0.0928978169880552
180,325,0.0006895048,0.558130405814875,0.0878608818901359
185,325,0.009665296,0.573409417707117,0.0858402893234194
190,325,0.1775377,0.635860581014097,0.0860040623274083
195,325,0.03676026,0.672498528714815,0.0754408006168854
200,325,0.04003804,0.647729376222916,0.0596213468733781
205,325,0.01962422,0.663048831142386,0.067632170500607
210,325,0.02946571,0.645990991346299,0.0715105901671878
215,325,0.06613097,0.659062068575888,0.0686153608431523
220,325,0.04978623,0.629006615079171,0.074464129087215
225,325,0.06536186,0.61078498925516,0.097499961953592
230,325,0.08929964,0.588750779936195,0.0948882013673748
235,325,0.08090935,0.573676938309745,0.103223307061027
240,325,0.1221145,0.587510290119611,0.0942923776593882
245,325,0.1583652,0.556472272735675,0.102328445775638
250,325,0.1375965,0.553709894580221,0.0895036581641521
255,325,0.1418488,0.562611941503546,0.0950420070737601
260,325,0.1016244,0.563064353326445,0.106016579212942
265,325,0.1147501,0.572953804793114,0.115189887148391
270,325,0.1207826,0.565866091159693,0.118841950119065
275,325,0.09928019,0.550179185599417,0.120852489291591
280,325,0.1172815,0.536520021503349,0.131682899179019
285,325,0.09458762,0.527292763380105,0.137786511361685
290,325,0.1048571,0.54404493045095,0.149064584703721
295,325,0.09099549,0.521363355261068,0.142927687838659
300,325,0.07152301,0.509955106888932,0.139194175867839
100,330,0.1698415,0.327160318643246,0.108167390162759
105,330,0.2438888,0.422031035098459,0.0884657568536906
110,330,0.3549075,0.476019725653194,0.0735299765369383
115,330,0.4808191,0.539207009104762,0.052619842398426
120,330,0.3601776,0.473931348282811,0.0601144653966346
125,330,0.2067597,0.449188451982749,0.0712002665898515
130,330,0.01248628,0.542301898729754,0.102926591811193
135,330,0.001921532,0.540585513546596,0.113037597090751
140,330,0.07682157,0.516111065020089,0.112279486017322
145,330,0.08971466,0.489894937859799,0.0986924557867061
150,330,0.09330169,0.476418987347229,0.0999313011093157
155,330,0.10741,0.487286935056174,0.10290851121332
160,330,0.008112241,0.549575895041302,0.094194818834539
165,330,0.02642165,0.565424329067809,0.101436958838457
170,330,0.01585385,0.552732739680903,0.108362326162642
175,330,0.07855253,0.598111961046003,0.0927924580837255
180,330,0.04199966,0.599329590558262,0.0939638779239362
185,330,0.0556738,0.601935949511045,0.0843964261541727
190,330,0.06789917,0.636191310942023,0.0987587208572942
195,330,0.07517561,0.635782190760092,0.079790841001112
200,330,0.01589337,0.641915128102658,0.0643789367099189
205,330,0.04783367,0.675162147790692,0.0768090258545705
210,330,0.07283657,0.635291196151453,0.0863761029000302
215,330,0.07740051,0.620876690308734,0.0834825041694
220,330,0.03265007,0.602855198201086,0.0890896119989271
225,330,0.07193984,0.586715463960373,0.0942898239150748
230,330,0.0857797,0.587030211439353,0.0929362235621261
235,330,0.09507528,0.604471490294427,0.0947523313720893
240,330,0.1369585,0.601348453322688,0.0928043493908832
245,330,0.1519258,0.559275353619108,0.101058236321226
250,330,0.1416479,0.565263287145806,0.0853590891067256
255,330,0.07646714,0.584507216680535,0.0855476839712122
260,330,0.09039516,0.541932133900606,0.0860993359101314
265,330,0.1304675,0.555611104498178,0.0923024971802646
270,330,0.1317562,0.556589149333267,0.0999837347833318
275,330,0.1001516,0.568451600514543,0.112281707239271
280,330,0.1345608,0.550363438504157,0.134831362185829
285,330,0.09741358,0.540415760782625,0.140259596467923
290,330,0.1040811,0.548430831099706,0.144646882542016
295,330,0.06936397,0.547597830562135,0.140982925816667
300,330,0.06951927,0.513751854178214,0.141585563877399
100,335,0.1482496,0.421136057901074,0.111568015814412
105,335,0.2237124,0.43094991948496,0.0837963311623374
110,335,0.363041,0.431564420509426,0.0889248931160076
115,335,0.4643877,0.499276197894784,0.0602147830918555
120,335,0.3203859,0.446762995457414,0.0665618923954363
125,335,0.2218635,0.38715360253182,0.082995277788257
130,335,0.02703948,0.483762603838499,0.107818775850311
135,335,0.01144517,0.499865971452118,0.100535190994091
140,335,0.025156,0.525802600922999,0.0983685533339664
145,335,0.07273199,0.459747613128943,0.106540035704061
150,335,0.1167483,0.434466546184441,0.104898695154376
155,335,0.1160995,0.479624018546937,0.105286401849276
160,335,0.02088252,0.542326724211163,0.100077171163796
165,335,0.03315772,0.567575645322206,0.107533008790375
170,335,0.007811254,0.548491750998226,0.105368602372467
175,335,0.05958633,0.575453349246879,0.0981829992182802
180,335,0.08655091,0.603576123274983,0.0891787123822038
185,335,0.1225796,0.56990918297838,0.0879240039894646
190,335,0.0443652,0.581213395863964,0.080808156705604
195,335,0.01108133,0.642187401994488,0.0721269473720108
200,335,0.02288739,0.640288210654931,0.0687595926090436
205,335,0.1032914,0.611336463353087,0.0743999037584864
210,335,0.1390039,0.597832337365339,0.10264030904431
215,335,0.09706798,0.607792838662515,0.0798448289203327
220,335,0.110803,0.608042603178684,0.0892231790636257
225,335,0.08541706,0.587792228333818,0.0824745764995863
230,335,0.09017837,0.578571065690122,0.0888181998921962
235,335,0.09196033,0.580113140182691,0.0879672728673666
240,335,0.1478072,0.573177874314208,0.0858916928087916
245,335,0.1847461,0.55720454712711,0.0947140391800186
250,335,0.2461066,0.567258898522948,0.0876941267063788
255,335,0.1622352,0.579497058373518,0.085807637698842
260,335,0.1594705,0.55012215875341,0.084559820156115
265,335,0.166049,0.587963874475486,0.0857563294969707
270,335,0.1487646,0.582863099501233,0.0916499615034182
275,335,0.1540599,0.587447168852138,0.114537672441358
280,335,0.1384872,0.578116220742702,0.134029092928065
285,335,0.1386915,0.56631608959852,0.143118221096841
290,335,0.1733504,0.556401162577627,0.156425711634436
295,335,0.1833335,0.560458067945104,0.155229965204341
300,335,0.1800296,0.523192219476846,0.145633807732598
100,340,0.0489682,0.466086774790465,0.114343055639931
105,340,0.2309224,0.43827687363381,0.0973986414427402
110,340,0.3390436,0.406393139328245,0.0979676450959748
115,340,0.4335822,0.556062604354199,0.0704644606596457
120,340,0.3115363,0.494715208167309,0.0769786832468257
125,340,0.1793101,0.505443557337761,0.0917207628295667
130,340,0.03418399,0.533269756187735,0.119798490718822
135,340,0.01570472,0.486263086826713,0.12800093216245
140,340,0.01776678,0.531406073498473,0.116785608876771
145,340,0.09049068,0.487930006673472,0.108506073644037
150,340,0.1317807,0.457352401963231,0.111652671976002
155,340,0.1616237,0.476472285440672,0.113797635381152
160,340,0.09493866,0.522531499351851,0.111799711119923
165,340,0.04173061,0.539860184842949,0.109893448887484
170,340,0.02246094,0.556310585947385,0.108937209553089
175,340,0.09814827,0.594723921679532,0.0972495293913262
180,340,0.1081261,0.603900253988262,0.0893125141133755
185,340,0.1372076,0.611435104474848,0.0814204093291924
190,340,0.08729964,0.632634007283972,0.0753647322692254
195,340,0.06847703,0.69734710263436,0.0756959003270707
200,340,0.09048201,0.699118865713088,0.0758664181390067
205,340,0.1467928,0.65614566023246,0.0773762052216395
210,340,0.1862615,0.655146232508154,0.105199743847272
215,340,0.181253,0.641408459339919,0.0916358416049428
220,340,0.1777873,0.634957376847663,0.0905546661636396
225,340,0.1565028,0.597091461676626,0.090682191514477
230,340,0.1021359,0.591254208354402,0.0823558088872074
235,340,0.1272992,0.594970805634323,0.0880084380871271
240,340,0.1688788,0.594033826966628,0.0938002969276356
245,340,0.2084814,0.580450292538806,0.0928046284597228
250,340,0.2554632,0.59207895576803,0.0903256972533995
255,340,0.2267422,0.60645079696508,0.0871512852778765
260,340,0.2137117,0.588866120193728,0.0872940664865458
265,340,0.2193274,0.584054849409248,0.0862572365307639
270,340,0.1858984,0.612080481697052,0.0978731824253717
275,340,0.1813334,0.584559414167742,0.131141230236393
280,340,0.1375515,0.600615115688853,0.138203219143786
285,340,0.1365949,0.601784015354959,0.143739563867921
290,340,0.1611786,0.611059042546062,0.147990535599707
295,340,0.175504,0.581777315411159,0.150404838126142
300,340,0.1788061,0.569883183634268,0.148894637915989
100,345,0.1030518,0.415134215253546,0.106901758963577
105,345,0.2236551,0.433298936906378,0.110313893993134
110,345,0.367107,0.540870112667264,0.105249522188747
115,345,0.3886293,0.621746155061068,0.0776714597540438
120,345,0.2807219,0.553695304579602,0.0839556802005553
125,345,0.1531556,0.562370738544828,0.091401091941021
130,345,0.01915768,0.533255681702879,0.132233484005813
135,345,0.09351849,0.529310415837457,0.129761431964338
140,345,0.07796205,0.565593503836308,0.137451218274933
145,345,0.2270247,0.509366172898217,0.108134916471198
150,345,0.1904443,0.479098293322297,0.119396800771948
155,345,0.2390517,0.523265992052017,0.120735894698983
160,345,0.1430574,0.539493945860196,0.120696032024876
165,345,0.02431328,0.570695775243104,0.112749940214048
170,345,0.04980978,0.576942975513172,0.116781452191042
175,345,0.09087495,0.611679540392963,0.101082435069132
180,345,0.09761617,0.584672154574028,0.0975594325325671
185,345,0.1178399,0.628593107644721,0.089307899156679
190,345,0.09985663,0.67725037546792,0.0833689443096307
195,345,0.09728155,0.688547979324558,0.0816817822098186
200,345,0.1366273,0.656318131027479,0.0828741481304699
205,345,0.1483011,0.656630034931239,0.0846511194307104
210,345,0.1867798,0.648234155701202,0.102589271377497
215,345,0.1873371,0.639603230480916,0.0897892836424271
220,345,0.2001785,0.627621252609018,0.0930350949202841
225,345,0.1502166,0.594931725420052,0.0906208221698
230,345,0.09581523,0.566100707193483,0.0861923137506556
235,345,0.1489395,0.605081299023153,0.0882043758397485
240,345,0.2037543,0.595406225967564,0.0919504960812913
245,345,0.2034801,0.594524095825653,0.0926689360925302
250,345,0.2106055,0.593412187326266,0.0889203380367068
255,345,0.2118272,0.605047708813867,0.0909375607151326
260,345,0.2062944,0.604160125053044,0.0918402394907826
265,345,0.2076909,0.584926707668503,0.0902481583672982
270,345,0.2096175,0.602065968423528,0.107964283470326
275,345,0.1996076,0.586991187246458,0.137954263357171
280,345,0.1514506,0.621400065669466,0.142712632738433
285,345,0.1347494,0.619880268630013,0.115146119444448
290,345,0.1679242,0.604252595676133,0.154858226409411
295,345,0.1818019,0.580555904845711,0.15567355338082
300,345,0.1888058,0.565251529267171,0.153752165877792
100,350,0.1052706,0.436205535937413,0.0879664205613027
105,350,0.174381,0.394257206089212,0.0996407907613985
110,350,0.3894714,0.525438507050625,0.107115629881709
115,350,0.3410698,0.585866829910672,0.0678060857391722
120,350,0.2403766,0.592853292402816,0.0807468010953067
125,350,0.1187402,0.552869453542319,0.103455160503486
130,350,0.02579511,0.548534307384995,0.133924496614794
135,350,0.1165331,0.546761114482943,0.116541257733623
140,350,0.1365527,0.532423583259782,0.117247550682451
145,350,0.229111,0.489281693521808,0.127721620218706
150,350,0.2162127,0.494022681065634,0.125839883527233
155,350,0.2948215,0.512484817431001,0.123085132329731
160,350,0.1112801,0.590228845880936,0.129926225713952
165,350,0.02373554,0.591325861116383,0.12273073938593
170,350,0.0583115,0.60306253800753,0.12125011657951
175,350,0.08460288,0.604677689754274,0.111223655674205
180,350,0.1162144,0.579070716215669,0.108400314186524
185,350,0.1344258,0.628558419004769,0.0979697539788203
190,350,0.09873325,0.675998813968197,0.106210396746607
195,350,0.1145293,0.720935074873094,0.102465980150075
200,350,0.1202528,0.685093055596646,0.090277515196793
205,350,0.1417107,0.657451855154673,0.0989021730486019
210,350,0.2004869,0.675390806196526,0.121583939891465
215,350,0.1721416,0.661567400138036,0.117802903767685
220,350,0.1763541,0.646714228870027,0.113761205886979
225,350,0.1311771,0.6291838755599,0.10159312697529
230,350,0.1586483,0.618024170131094,0.0866438331589809
235,350,0.2000025,0.627658266843754,0.0836057055605972
240,350,0.2069694,0.599838793328044,0.103829110110752
245,350,0.248061,0.628736777726328,0.110453004083282
250,350,0.2486565,0.634673548403844,0.0929480015479992
255,350,0.2291173,0.638380070969854,0.116578248946679
260,350,0.1939252,0.620307694432401,0.128389622538023
265,350,0.2106807,0.621918479985705,0.1194750609762
270,350,0.2019875,0.629314911336542,0.16021990405217
275,350,0.2064454,0.622958960615231,0.163011497846621
280,350,0.186316,0.626199132165581,0.158149566066117
285,350,0.1771875,0.624302485174105,0.157341692366233
290,350,0.1715683,0.620216501684621,0.158457859108416
295,350,0.1802208,0.611106774621944,0.159781484363324
300,350,0.1848174,0.598833326003232,0.159505070645398
100,355,0.06518034,0.465847411881738,0.102265325967258
105,355,0.1585069,0.485978121767241,0.097083329031163
110,355,0.3695254,0.641039505225626,0.104127125296736
115,355,0.3557601,0.598287233222196,0.0624846930921225
120,355,0.2311418,0.594833443039289,0.0807018681015967
125,355,0.08772869,0.573882509243486,0.109014929896744
130,355,0.01808147,0.564693408862784,0.128637461040983
135,355,0.0726127,0.563719254008202,0.127033314300042
140,355,0.2156665,0.539589675195568,0.137066340121902
145,355,0.2374187,0.49767200446939,0.128905658764771
150,355,0.2674236,0.515036135549228,0.139734502299004
155,355,0.2910417,0.514168098293954,0.129254519703027
160,355,0.1086097,0.600814111861522,0.131882872752646
165,355,0.077143,0.598104480149714,0.135438121368063
170,355,0.15714,0.634506421317578,0.136115858317263
175,355,0.1625967,0.621523817644816,0.122316685141676
180,355,0.1644186,0.583110432116608,0.122324050649864
185,355,0.1447902,0.619374856861464,0.109790585791924
190,355,0.0919271,0.630714958361763,0.107645506704323
195,355,0.08607163,0.723292985525525,0.108242404828514
200,355,0.110612,0.702199429466155,0.0993418051216269
205,355,0.1303109,0.654597278020213,0.101139843242237
210,355,0.1929029,0.667398903202721,0.11186965366827
215,355,0.1475009,0.654482417869637,0.110138972802095
220,355,0.1866737,0.639226721275469,0.126164701850975
225,355,0.1531027,0.638156804427388,0.111354297729151
230,355,0.1907499,0.639792066277985,0.0983119179221581
235,355,0.1828198,0.631259033320818,0.096278609744344
240,355,0.2058799,0.625578360644373,0.112441482508523
245,355,0.2533564,0.629875332247015,0.115708612377095
250,355,0.3000989,0.642427667973526,0.11829764347364
255,355,0.2578551,0.638704608784401,0.12076568753396
260,355,0.1983579,0.635746252960094,0.125305054515466
265,355,0.2523982,0.635956828696496,0.13216018871268
270,355,0.192253,0.640144617984784,0.131351361248724
275,355,0.2349055,0.628511329173207,0.173290611543909
280,355,0.2036975,0.629488180302381,0.161842257384033
285,355,0.1959187,0.633048865339057,0.167484556916465
290,355,0.1905287,0.62818097413754,0.169810369675912
295,355,0.2030043,0.61467878630885,0.177201073453331
300,355,0.2035859,0.599879558879803,0.170634542472028
100,360,0.04523192,0.470630986060161,0.124634944995402
105,360,0.1386564,0.498351052702243,0.104797753598356
110,360,0.210008,0.606713063831357,0.103287056882858
115,360,0.2946866,0.626493361735887,0.0821695770351488
120,360,0.09746148,0.657238179092263,0.112877481873476
125,360,0.05047438,0.611427829736259,0.13020559831626
130,360,0.05030678,0.613209682059254,0.132773089567531
135,360,0.1400926,0.586274940041319,0.127200190197142
140,360,0.2279537,0.550228917577006,0.133724343596487
145,360,0.2457237,0.49541981812338,0.135137595165828
150,360,0.2748024,0.505298008105725,0.140180884538103
155,360,0.2507755,0.506712249804519,0.135177244545848
160,360,0.0983949,0.57277702062696,0.130976746256291
165,360,0.08565146,0.59550794904964,0.132046840830834
170,360,0.1455696,0.627826501133475,0.133718984845368
175,360,0.1877678,0.632929406609675,0.114566983102292
180,360,0.1815047,0.595384651009934,0.113538973952536
185,360,0.1505094,0.624086813331351,0.0937683807544436
190,360,0.1254473,0.670254059549437,0.100886217839009
195,360,0.1402412,0.721723879719848,0.0876864355352322
200,360,0.1593785,0.722096023298645,0.092730976396486
205,360,0.1671333,0.681797460912084,0.101723242960956
210,360,0.1930871,0.667440154160617,0.0950454755980009
215,360,0.1383156,0.657776280702572,0.0858507876164004
220,360,0.1889614,0.647528890223975,0.133864823886749
225,360,0.1948773,0.642136794085493,0.104364439985419
230,360,0.2055393,0.631240762580777,0.0921096831549661
235,360,0.2160457,0.639978223375335,0.10717531397525
240,360,0.2393894,0.629116620306349,0.130251125172834
245,360,0.2511519,0.631956799875955,0.143012335229504
250,360,0.2781519,0.658810866922785,0.130297803616747
255,360,0.2788798,0.641621244482489,0.135983185456101
260,360,0.2307813,0.639411521551411,0.144300974576167
265,360,0.2885898,0.640553081001129,0.152110651893489
270,360,0.1988635,0.626785486567528,0.163503552660882
275,360,0.2011925,0.624872343042585,0.181771305253934
280,360,0.2056294,0.637607746513226,0.184249626463022
285,360,0.1855031,0.632669947683201,0.174389927009002
290,360,0.1941656,0.621050094014164,0.173350751476656
295,360,0.2029678,0.63115051608071,0.182380835992944
300,360,0.2054888,0.60599113089453,0.174063592216283
100,365,0.03598028,0.461207459528202,0.118034702379493
105,365,0.1159952,0.484542132156547,0.10547657851822
110,365,0.1964229,0.651494850859447,0.106431186899168
115,365,0.2837789,0.64420308835277,0.0829707786814563
120,365,0.1048047,0.660774026769245,0.0861032899424411
125,365,0.05347835,0.601397784845638,0.107678829216773
130,365,0.06256687,0.555236975365433,0.15236974341713
135,365,0.1294017,0.560011307950607,0.128076685671621
140,365,0.1699653,0.562840303289322,0.135204897596182
145,365,0.273028,0.503566187136088,0.136115465069738
150,365,0.2655382,0.502066923296087,0.141682758383912
155,365,0.2899448,0.51964355194399,0.134244194975875
160,365,0.1358072,0.602343176025756,0.126829539347586
165,365,0.1452903,0.613496222614688,0.135755083684653
170,365,0.2514064,0.629584555668042,0.133161408734665
175,365,0.239722,0.6236507131512,0.116689262240573
180,365,0.2157765,0.598543786992483,0.114173522704276
185,365,0.201151,0.610900278985127,0.100639491696635
190,365,0.182426,0.629607413324734,0.123736741231224
195,365,0.1841842,0.688501748345991,0.107583403346341
200,365,0.2004906,0.685304725258619,0.0894256479070875
205,365,0.2141135,0.662360542208951,0.10370543751309
210,365,0.262522,0.683667153825565,0.114143963988539
215,365,0.2532029,0.682244813396063,0.121347455960557
220,365,0.2393986,0.654273424115421,0.126097645359043
225,365,0.2472475,0.668737088232926,0.0932976779843607
230,365,0.2360607,0.660340738616968,0.0866701073887772
235,365,0.2682076,0.679309910352004,0.0872071376486126
240,365,0.2858002,0.662646598644919,0.118149040975702
245,365,0.2939197,0.666716429572474,0.115410881912021
250,365,0.2931985,0.682275990084693,0.102510031757223
255,365,0.3062324,0.686370694593731,0.145879372704298
260,365,0.2396436,0.661786878200523,0.16769470505716
265,365,0.3120656,0.659409300117059,0.162263750706807
270,365,0.2200625,0.656426097624743,0.146279008628597
275,365,0.2205433,0.666907618944754,0.175587629766959
280,365,0.1943931,0.663361998731656,0.159958309471472
285,365,0.1901729,0.671881949115368,0.163473321672793
290,365,0.195454,0.658545157495436,0.164472727221742
295,365,0.2069219,0.626988753223026,0.164786916915855
300,365,0.2088272,0.620375332136757,0.154578919380343
100,370,0.02368764,0.457379890467851,0.128409454250876
105,370,0.08132782,0.525340059064164,0.105399529866953
110,370,0.004810227,0.612323387016653,0.114477798609086
115,370,0.1747664,0.618216100813412,0.0905100874320729
120,370,0.1167583,0.633839817040005,0.0959168560058605
125,370,0.03257896,0.611908661424684,0.120351848853491
130,370,0.07865687,0.551037709679488,0.144073268538313
135,370,0.1177472,0.591420927874193,0.133496094164756
140,370,0.1945334,0.569158338235556,0.140116432608598
145,370,0.2725155,0.498716084545828,0.140652130992259
150,370,0.304641,0.501582552580732,0.123960312601444
155,370,0.2981076,0.496220518393556,0.119208104282624
160,370,0.1400235,0.590761475853344,0.126519734957266
165,370,0.1854916,0.601926444676269,0.132736638837239
170,370,0.2890314,0.617339922839579,0.131487433865045
175,370,0.2827091,0.624536082015381,0.118302225371573
180,370,0.2576114,0.607622775579729,0.11371359395798
185,370,0.2461389,0.628873899785795,0.115233661013083
190,370,0.2268971,0.648303962724825,0.107179999335364
195,370,0.2267896,0.687027351808003,0.11284289713602
200,370,0.2326618,0.680208819563783,0.0971107410644605
205,370,0.2654491,0.699369102994715,0.0948060665648983
210,370,0.3228142,0.684485675815228,0.102107582442645
215,370,0.2942314,0.685832291516864,0.10011983788019
220,370,0.2812237,0.674607652340246,0.0979427091161912
225,370,0.2735573,0.637169820744653,0.0852176363642149
230,370,0.285651,0.631600462217461,0.0983101580226391
235,370,0.2848507,0.67421618937826,0.09435995922497
240,370,0.3099134,0.667940450803997,0.100380759755248
245,370,0.3252005,0.6716886082644,0.110127208618872
250,370,0.2889898,0.682565145222462,0.0988998505355254
255,370,0.3035589,0.690241132813362,0.109482934189576
260,370,0.2773232,0.671899100302764,0.105229540576778
265,370,0.2950061,0.670502074647822,0.138462768803971
270,370,0.2472584,0.678004654572526,0.136880157854078
275,370,0.2574114,0.679826834766484,0.178122446223422
280,370,0.1992637,0.684063106151063,0.165812455369683
285,370,0.1834102,0.669086384577054,0.169798200910714
290,370,0.1719534,0.665978501038706,0.165864138788626
295,370,0.2192694,0.635418300759057,0.167111228416638
300,370,0.2262616,0.631723801428001,0.151362145514205
100,375,0.01415563,0.467789196237823,0.133025027590306
105,375,0.1372238,0.550062013125284,0.113239257460976
110,375,0.09166779,0.588278774384585,0.114920747313742
115,375,0.1877287,0.618458472830049,0.112497136344504
120,375,0.1277668,0.640476673225436,0.106504712307675
125,375,0.02647533,0.624893858142881,0.126353325154825
130,375,0.07772997,0.656156534433141,0.151620609825153
135,375,0.1532813,0.604238869385423,0.148843345827539
140,375,0.2437095,0.593664377686724,0.148317539274126
145,375,0.2990282,0.539513881056757,0.140528512852328
150,375,0.3001885,0.456486272267181,0.137280723264947
155,375,0.3122737,0.51523665259055,0.123640142946365
160,375,0.2975532,0.590018781355359,0.132735015864024
165,375,0.281506,0.638117580718441,0.133645360510971
170,375,0.2957178,0.627828752594647,0.128780469148454
175,375,0.298707,0.611078626730286,0.119268808602122
180,375,0.3019451,0.622754280810904,0.117210368772805
185,375,0.2916074,0.634976445400777,0.104948737350875
190,375,0.2757189,0.657571405172087,0.11091034620231
195,375,0.2456188,0.691299031760492,0.10874294035577
200,375,0.2733361,0.699361685012719,0.105820220177339
205,375,0.2858577,0.710325575035494,0.103068023803155
210,375,0.3244974,0.709504794392436,0.116436071898896
215,375,0.3291521,0.688448037490152,0.12775086727219
220,375,0.3038049,0.656857570297898,0.107405935925319
225,375,0.3111545,0.654846315645354,0.0932182433838792
230,375,0.2988183,0.65392690940134,0.0973326146791136
235,375,0.2909013,0.665483823225471,0.0990297456147855
240,375,0.3390104,0.661075823106291,0.104186358846319
245,375,0.3826408,0.660870213089402,0.111258110635828
250,375,0.3907276,0.673791470315356,0.107243888519153
255,375,0.3326645,0.685008298154779,0.108870089648593
260,375,0.3089879,0.655256223533428,0.115064647661589
265,375,0.3181466,0.676031827961778,0.110084719379552
270,375,0.2922675,0.676412591536206,0.129929515238487
275,375,0.294602,0.669579148965144,0.170807072969106
280,375,0.268957,0.673572335835748,0.165465050519682
285,375,0.2303444,0.666076018653623,0.1702748585271
290,375,0.2332714,0.665128234486155,0.166680605446473
295,375,0.239627,0.653938740970002,0.167410956370834
300,375,0.2542516,0.640278900729359,0.148995563789459
100,380,0.01009435,0.621948383868987,0.149854044903878
105,380,0.1064426,0.640762860882526,0.107158793888955
110,380,0.1641043,0.66468817977377,0.114809158124608
115,380,0.152349,0.68561091332547,0.0994758324439141
120,380,0.14053,0.695888578824682,0.119201191515548
125,380,0.008931856,0.646015455642321,0.128414938591534
130,380,0.09052566,0.656115751504416,0.154318939297913
135,380,0.1820923,0.642775713630195,0.143210898491038
140,380,0.2248532,0.601909769724492,0.155922697321117
145,380,0.2777087,0.549100813946782,0.139008404642365
150,380,0.2230038,0.497345331597802,0.140198121746418
155,380,0.2989465,0.523338413505841,0.132925451888793
160,380,0.2916143,0.600637051660003,0.146177427436096
165,380,0.2723978,0.637782470151331,0.147464051036853
170,380,0.3173375,0.63554079488519,0.143932681349057
175,380,0.2889125,0.623274294476754,0.131910545157529
180,380,0.2500289,0.605917374720185,0.121927617838152
185,380,0.2942649,0.63394511350255,0.107930005658146
190,380,0.2422677,0.663134728951955,0.119219298469343
195,380,0.2555523,0.695434004643548,0.150020604830892
200,380,0.2650669,0.695456342617447,0.124853516255954
205,380,0.2621223,0.722634386778623,0.116982613455714
210,380,0.3253302,0.724796785551201,0.146227767175528
215,380,0.3151408,0.723770960767391,0.153639252430915
220,380,0.2829353,0.681566982067145,0.140403282579183
225,380,0.3173498,0.67489012156628,0.115016069128535
230,380,0.3066276,0.687250039008398,0.113864784366673
235,380,0.2831196,0.687521509158696,0.111711529449452
240,380,0.3311534,0.674543101537122,0.116233516465305
245,380,0.3120179,0.662157224149196,0.126523396662621
250,380,0.2788255,0.667386710245348,0.122384196872339
255,380,0.2813385,0.678342623512196,0.12480669619247
260,380,0.2543539,0.648541120229961,0.124017877891573
265,380,0.303537,0.672636221819843,0.11841732070429
270,380,0.2958305,0.680132450649084,0.152236466386257
275,380,0.3180215,0.658239436505556,0.16328331231779
280,380,0.2498706,0.665094578187553,0.162959319696252
285,380,0.2351347,0.672122430363026,0.164953610054437
290,380,0.2388765,0.666325918586485,0.172506602414047
295,380,0.2325737,0.641424968747325,0.166005663391388
300,380,0.2477223,0.625944257832744,0.145294022112604
100,385,0.08338071,0.509613911627472,0.159662697814545
105,385,0.04894204,0.629170473017739,0.122198302166178
110,385,0.07257023,0.65801670729961,0.115223044501062
115,385,0.1468531,0.63627337367378,0.10769837810371
120,385,0.1724969,0.725000221447536,0.112026950146326
125,385,0.005469724,0.65462265204979,0.130338514769587
130,385,0.1418592,0.617818300713887,0.153895602329249
135,385,0.219435,0.606665006658382,0.132280554682553
140,385,0.2063503,0.599666582279206,0.161215460502225
145,385,0.2318302,0.53739911064403,0.151157561463127
150,385,0.2133607,0.473966725051179,0.145101243970338
155,385,0.2540143,0.54117580815484,0.144017212601985
160,385,0.2334902,0.590998181072233,0.150585362837106
165,385,0.2401823,0.599517503440034,0.157493677572875
170,385,0.271822,0.629816594228078,0.139351550755852
175,385,0.28367,0.628601965874084,0.133382657085857
180,385,0.2319088,0.624602909625453,0.117691597083003
185,385,0.3204322,0.619624475681318,0.114581092563973
190,385,0.2877993,0.64266514104586,0.118936106151616
195,385,0.2770791,0.656637323346252,0.124005108140418
200,385,0.2860418,0.659798068157064,0.142358761122173
205,385,0.2865228,0.734885718419172,0.136245790828243
210,385,0.3536657,0.711362559594492,0.151471209741558
215,385,0.3592713,0.715177281579211,0.158132590206418
220,385,0.3149536,0.682467812445621,0.142318596231538
225,385,0.3246206,0.663596514699555,0.142934081084002
230,385,0.2953094,0.666484184437948,0.128646121398973
235,385,0.282891,0.667561380932903,0.13069888893837
240,385,0.3427578,0.663676936545061,0.140736572809227
245,385,0.3425545,0.65756850394674,0.157458327568826
250,385,0.3337587,0.657009957816276,0.145257319218245
255,385,0.320446,0.670095647041275,0.146677575070728
260,385,0.31176,0.653562533220961,0.149171648301066
265,385,0.3275099,0.674247611251028,0.148995127292956
270,385,0.3328623,0.683449816884097,0.154745526804092
275,385,0.3409632,0.674587302514541,0.156912224360677
280,385,0.2847167,0.662027791815654,0.15655064075533
285,385,0.266064,0.666361319001864,0.169638116607582
290,385,0.2822364,0.664582487226645,0.171778506886042
295,385,0.2827409,0.649331696269861,0.161952695624056
300,385,0.2939581,0.651989906371031,0.139698921822027
100,390,0.0857587,0.559395111026029,0.161467250749008
105,390,0.06370587,0.529832243010932,0.106055589345771
110,390,0.04360605,0.65186864172112,0.124731050919392
115,390,0.1123279,0.569279512792012,0.111803136506008
120,390,0.1451038,0.60872001560927,0.110881430414644
125,390,0.02602566,0.637377342897483,0.131874956441984
130,390,0.1934553,0.592173895286089,0.160994611003085
135,390,0.21839,0.583886021553359,0.15685108964854
140,390,0.1914849,0.598274658304322,0.170017429579004
145,390,0.2707761,0.523063110231546,0.142907543146635
150,390,0.2470515,0.504219321571767,0.144564429330581
155,390,0.3040634,0.53205725309199,0.138616001343518
160,390,0.2744724,0.528349223776516,0.150764805265367
165,390,0.2522537,0.61690434388333,0.151636772524045
170,390,0.2687793,0.656806974725485,0.132008297697567
175,390,0.2919953,0.648908561200699,0.124110404078984
180,390,0.3206871,0.649771377209193,0.123939219358619
185,390,0.3383183,0.631838854350363,0.124220786630634
190,390,0.2583736,0.660527306811526,0.119006476419025
195,390,0.2668066,0.678159083743037,0.135424285799807
200,390,0.2587502,0.676979052933662,0.138147775804434
205,390,0.2883175,0.723555839355421,0.145517173917692
210,390,0.3587144,0.709561237667922,0.149892694831562
215,390,0.3483476,0.709448551928481,0.157268909850984
220,390,0.3330373,0.668138207382954,0.142461417756667
225,390,0.3357118,0.65087124402219,0.155587186854508
230,390,0.2874504,0.654562976395555,0.143621162846775
235,390,0.2934303,0.671347515012796,0.133482078409551
240,390,0.3359354,0.656236286089853,0.142829639057845
245,390,0.3405407,0.646356441014069,0.156083838825335
250,390,0.3297105,0.64199405784599,0.147867091250043
255,390,0.3202296,0.66321006541051,0.141010405191295
260,390,0.302699,0.648108983426379,0.142121790779832
265,390,0.3468222,0.659059110228706,0.145597516860644
270,390,0.3504715,0.658124394242839,0.14907143049216
275,390,0.3599144,0.669435435909873,0.156827683069397
280,390,0.3361295,0.668658571322018,0.148820785577306
285,390,0.273879,0.686538630364,0.142343389143349
290,390,0.3038053,0.679565420846888,0.149258379119225
295,390,0.3208617,0.668588506795928,0.158220157774979
300,390,0.3534167,0.646938087166372,0.138840561403788
100,395,0.09144912,0.492573509210183,0.166919014041628
105,395,0.006639357,0.495369115925497,0.105102398137514
110,395,0.0250269,0.617077210566565,0.118217301110151
115,395,0.130581,0.646347213047695,0.109585193717882
120,395,0.1070182,0.64997526788621,0.114665060120189
125,395,0.04970323,0.633058993773792,0.132586084048802
130,395,0.2133788,0.577850496221026,0.170273931989249
135,395,0.2694017,0.638540197096992,0.151457755949822
140,395,0.2272736,0.595770219857648,0.169187112703025
145,395,0.2846821,0.559139474283868,0.153945939732716
150,395,0.292823,0.532861097919829,0.148391414527111
155,395,0.3158512,0.576683483647728,0.156945908966605
160,395,0.2975561,0.576565237935079,0.159676743138159
165,395,0.2704935,0.616548367213067,0.15942691672672
170,395,0.3198387,0.636467358694354,0.143473481263632
175,395,0.3626828,0.639918367879407,0.129265085269845
180,395,0.3530674,0.638754051791358,0.125148029112251
185,395,0.38946,0.651397663648006,0.126326223590648
190,395,0.3292416,0.676515652775552,0.131672027525201
195,395,0.3298079,0.708209902053353,0.140152829836781
200,395,0.3448245,0.734063609022924,0.143952229294068
205,395,0.3433825,0.746892573575116,0.146936376029258
210,395,0.3685577,0.724112297909057,0.149753100620278
215,395,0.3691538,0.735427241458033,0.156134606326344
220,395,0.3608443,0.694917860184983,0.160282908685603
225,395,0.3726445,0.675680358539091,0.151359538323103
230,395,0.283774,0.686114386934903,0.152351024210848
235,395,0.327008,0.683926788460677,0.150715241260539
240,395,0.3843511,0.65632889651886,0.157111131401026
245,395,0.3873115,0.653457765844343,0.153958692462361
250,395,0.3781483,0.656687994618958,0.155623958594562
255,395,0.3476781,0.668986582886474,0.146221241680308
260,395,0.3313083,0.651102046802673,0.155097774398604
265,395,0.3533051,0.666325276575853,0.157644760207584
270,395,0.3578659,0.695467892404165,0.156548715327161
275,395,0.3920747,0.671112053271739,0.163357254487235
280,395,0.3677079,0.662243847312586,0.155136574797522
285,395,0.3520427,0.695799416750034,0.153845174505163
290,395,0.354719,0.709045140642747,0.158630470871031
295,395,0.3694292,0.691680413401409,0.160503198878172
300,395,0.3646871,0.652187395044766,0.162389256956922
100,400,0.01443782,0.518595801357812,0.169872618174225
105,400,0.1082055,0.51271568745033,0.109075437677836
110,400,0.01448515,0.657049987718895,0.116961314761421
115,400,0.09720466,0.666221705638545,0.129289375635834
120,400,0.05680663,0.646443161344191,0.136199248011745
125,400,0.1113357,0.64568632290219,0.149334146772212
130,400,0.2774991,0.583387349996046,0.178706660934795
135,400,0.2924545,0.599541280611137,0.177754149700564
140,400,0.244711,0.601360661386223,0.174390063059515
145,400,0.3479313,0.57184462838187,0.16654994360769
150,400,0.3360337,0.556839224081493,0.171973822980736
155,400,0.3241827,0.612482850586546,0.167098537970195
160,400,0.2917599,0.618067185677524,0.172379929924779
165,400,0.2752366,0.661746430078743,0.171510724946355
170,400,0.3363732,0.671181961319111,0.157236362048452
175,400,0.369047,0.661571353580238,0.127297035666315
180,400,0.3732171,0.648892955971926,0.126655611510026
185,400,0.4035402,0.6557242847379,0.127563832968983
190,400,0.3333723,0.696063486448807,0.138245509324121
195,400,0.3264208,0.722994372752996,0.143715032734671
200,400,0.3208915,0.753268712801633,0.14454440533379
205,400,0.3352964,0.768025003659023,0.146955957751787
210,400,0.3852223,0.769891088720077,0.145090423616381
215,400,0.3726961,0.748000092391321,0.142821542631269
220,400,0.3509645,0.720122826344863,0.145400729264172
225,400,0.3276351,0.713109434622808,0.13399438769613
230,400,0.340786,0.708334730401315,0.139784971729794
235,400,0.3657364,0.713552377621648,0.138303554977607
240,400,0.4300325,0.681611821822452,0.148387421850688
245,400,0.4238504,0.687308859505837,0.155022904506837
250,400,0.4208558,0.689397434499902,0.150346088038143
255,400,0.3447883,0.689319112938591,0.149835478057317
260,400,0.3436706,0.685054091605671,0.149285434801896
265,400,0.3916901,0.690317369447189,0.158724648057172
270,400,0.3968883,0.705303973770637,0.150766200972381
275,400,0.4074788,0.700108795130625,0.162980204523027
280,400,0.3666615,0.716648002503749,0.157361700334924
285,400,0.3491354,0.714770423674315,0.153432659310537
290,400,0.3583285,0.72562914962018,0.150605334732073
295,400,0.3576659,0.698589352423515,0.154516745136327
300,400,0.3907027,0.675178762982776,0.151177103058292
