time,force,filtered,perturbation
23.000056512,-4.77234074033583,-4.76439636731355,NaN
23.001056512,-4.77018320273508,-4.7831972156824,NaN
23.002056512,-4.81981145648956,-4.80174566786944,NaN
23.003056512,-4.87565461830434,-4.82049677849184,NaN
23.004056512,-4.83263683102572,-4.83856123477508,NaN
23.005056512,-4.83605831536825,-4.85642994881021,NaN
23.006056512,-4.81236997979963,-4.8738247499797,NaN
23.007056512,-4.84298435429669,-4.8909940087501,NaN
23.008056512,-4.85087672853284,-4.90785026071495,NaN
23.009056512,-4.88111509824279,-4.9246546174973,NaN
23.010056512,-4.8930095610746,-4.94088833177374,NaN
23.011056512,-4.92991237178467,-4.95683421190906,NaN
23.012056512,-4.87176297509993,-4.97181206254904,NaN
23.013056512,-4.92077313082782,-4.98691386053503,NaN
23.014056512,-4.94633534178594,-5.00103254150955,NaN
23.015056512,-4.88585568663897,-5.01461044659859,NaN
23.016056512,-4.93310988054361,-5.02796992145205,NaN
23.017056512,-4.88550151730645,-5.04043407434165,NaN
23.018056512,-4.93912171079189,-5.05296430811025,NaN
23.019056512,-4.88501099659053,-5.06386711570068,NaN
23.020056512,-4.92652902722273,-5.07495556540986,NaN
23.021056512,-4.90605904968748,-5.08493890582107,NaN
23.022056512,-4.92134154590512,-5.09477536699362,NaN
23.023056512,-4.94950916681467,-5.10377551708689,NaN
23.024056512,-4.96353936578221,-5.1119155225838,NaN
23.025056512,-4.93723970094733,-5.11914988842956,NaN
23.026056512,-5.00263096823339,-5.12602766886859,NaN
23.027056512,-4.93384822969929,-5.13172416070976,NaN
23.028056512,-4.95990004841326,-5.13695177085595,NaN
23.029056512,-4.86065133101204,-5.14100517709792,NaN
23.030056512,-4.94369133480923,-5.14501990165574,NaN
23.031056512,-4.95691571776018,-5.14805293482907,NaN
23.032056512,-4.92096242284483,-5.15002949968047,NaN
23.033056512,-4.90635153003203,-5.15114496425743,NaN
23.034056512,-4.93989822567451,-5.15196025377585,NaN
23.035056512,-4.92698702966484,-5.15151657957159,NaN
23.036056512,-4.9488189111443,-5.15054617208264,NaN
23.037056512,-4.89963812022859,-5.14859212605225,NaN
23.038056512,-4.88932129571069,-5.14571645593532,NaN
23.039056512,-4.86620419541337,-5.14201083031189,NaN
23.040056512,-4.93722342767146,-5.13790505527884,NaN
23.041056512,-4.91435552774272,-5.1324357589158,NaN
23.042056512,-4.9082856842494,-5.12623794917251,NaN
23.043056512,-4.95365222778105,-5.11932468563502,NaN
23.044056512,-4.95883866714195,-5.11141989820855,NaN
23.045056512,-4.97304466649416,-5.1031552152749,NaN
23.046056512,-4.87837987339961,-5.09357522054679,NaN
23.047056512,-4.91910099759135,-5.08362314471305,NaN
23.048056512,-4.89595132138858,-5.07275526412023,NaN
23.049056512,-4.90935289221922,-5.06131999599,NaN
23.050056512,-4.88735025332277,-5.04903375448942,NaN
23.051056512,-4.86081061593382,-5.03582710793507,NaN
23.052056512,-4.82240865292749,-5.02191286852198,NaN
23.053056512,-4.83175515699936,-5.00736677634597,NaN
23.054056512,-4.79613832527805,-4.99206965858226,NaN
23.055056512,-4.80635752868746,-4.97633982177052,NaN
23.056056512,-4.82503679174976,-4.95970060822633,NaN
23.057056512,-4.87490681095137,-4.94292339921866,NaN
23.058056512,-4.84035687795271,-4.92491079491863,NaN
23.059056512,-4.83127559216164,-4.90663294824527,NaN
23.060056512,-4.78942411699129,-4.88764997014711,NaN
23.061056512,-4.80609462255602,-4.86832893835135,NaN
23.062056512,-4.73557812069462,-4.84814306592159,NaN
23.063056512,-4.81954334634933,-4.8279877046207,NaN
23.064056512,-4.73173179889322,-4.80680733054025,NaN
23.065056512,-4.75138765248158,-4.7855629740474,NaN
23.066056512,-4.6893656441664,-4.7637498979009,NaN
23.067056512,-4.65645498976032,-4.74141232850465,NaN
23.068056512,-4.73692727473674,-4.71914586410478,NaN
23.069056512,-4.66351559020297,-4.69612761497005,NaN
23.070056512,-4.67928706461905,-4.67322888249848,NaN
23.071056512,-4.64906618519433,-4.64967266866787,NaN
23.072056512,-4.68592352067916,-4.62645172235318,NaN
23.073056512,-4.64083099353113,-4.60240533275655,NaN
23.074056512,-4.62142928573386,-4.57842702382492,NaN
23.075056512,-4.66683332128508,-4.5543239220298,NaN
23.076056512,-4.69082259474644,-4.5302409915945,NaN
23.077056512,-4.64561217177714,-4.50585232373281,NaN
23.078056512,-4.6824622649726,-4.48167547429533,NaN
23.079056512,-4.67902341346348,-4.45739734887088,NaN
23.080056512,-4.70308946106614,-4.43310452447968,NaN
23.081056512,-4.56054481511679,-4.40818595167262,NaN
23.082056512,-4.56753476724666,-4.38391398933934,NaN
23.083056512,-4.63084313942887,-4.3597380870656,NaN
23.084056512,-4.6180770887436,-4.33556954301331,NaN
23.085056512,-4.64208799986824,-4.31185922363754,NaN
23.086056512,-4.51439230105001,-4.28757856901085,NaN
23.087056512,-4.46204969994543,-4.26346447037832,NaN
23.088056512,-4.46114155513386,-4.23982159895261,NaN
23.089056512,-4.42359775450419,-4.21634953910844,NaN
23.090056512,-4.39766310530991,-4.19316327745291,NaN
23.091056512,-4.40136419147214,-4.17036333453358,NaN
23.092056512,-4.28800457641738,-4.14731696088402,NaN
23.093056512,-4.23576613709554,-4.12483450714681,NaN
23.094056512,-4.30136866548524,-4.10284949419139,NaN
23.095056512,-4.25969992979631,-4.08115278080225,NaN
23.096056512,-4.29270328079184,-4.05981241350068,NaN
23.097056512,-4.24603389285568,-4.03854792968872,NaN
23.098056512,-4.24938136578916,-4.01789297168247,NaN
23.099056512,-4.16376280091045,-3.99729916804236,NaN
23.100056512,-4.21849902746514,-3.97742237082234,NaN
23.101056512,-4.2033273903155,-3.95747063826086,NaN
23.102056512,-4.10185687419338,-3.93793725876065,NaN
23.103056512,-3.9781682470485,-3.91847666265241,NaN
23.104056512,-3.98275896501076,-3.89996649814588,NaN
23.105056512,-3.97816929972644,-3.88172975641686,NaN
23.106056512,-3.92637943359381,-3.86377853566372,NaN
23.107056512,-3.9073034381158,-3.84619967141363,NaN
23.108056512,-3.90458818768441,-3.82886682937253,NaN
23.109056512,-3.89895233655341,-3.812280861135,NaN
23.110056512,-3.81135150145657,-3.79534270345414,NaN
23.111056512,-3.83853339283637,-3.7792420930041,NaN
23.112056512,-3.76987271825737,-3.76317609255519,NaN
23.113056512,-3.76622299126182,-3.74748890867272,NaN
23.114056512,-3.7270933267233,-3.73211712703284,NaN
23.115056512,-3.72360233837545,-3.71712053605444,NaN
23.116056512,-3.72977137631052,-3.7022931803628,NaN
23.117056512,-3.71508441950356,-3.6876361824297,NaN
23.118056512,-3.76913261561932,-3.67347259020323,NaN
23.119056512,-3.76505674674906,-3.65906359233257,NaN
23.120056512,-3.7108890438958,-3.64498992527277,NaN
23.121056512,-3.61731876679557,-3.63074834425789,NaN
23.122056512,-3.62078174750358,-3.61732865201663,NaN
23.123056512,-3.56580734829856,-3.60339844968263,NaN
23.124056512,-3.51496339722656,-3.5894310971336,NaN
23.125056512,-3.54849410413365,-3.57598986979539,NaN
23.126056512,-3.49326316911644,-3.56218434020509,NaN
23.127056512,-3.49979436112531,-3.54846827349659,NaN
23.128056512,-3.48971661323579,-3.53469174053921,NaN
23.129056512,-3.33514901985527,-3.52053838311865,NaN
23.130056512,-3.39577466131595,-3.50671768638827,NaN
23.131056512,-3.37659341649319,-3.49237598533166,NaN
23.132056512,-3.35329218545689,-3.47790537978806,NaN
23.133056512,-3.33391028630263,-3.46309954270667,NaN
23.134056512,-3.33212349093355,-3.44819507193866,NaN
23.135056512,-3.28926085057947,-3.43259474036913,NaN
23.136056512,-3.25926641815419,-3.41706550580894,NaN
23.137056512,-3.31079332513033,-3.40100817934004,NaN
23.138056512,-3.21536087194899,-3.38420085613719,NaN
23.139056512,-3.18985834489914,-3.36695913661893,NaN
23.140056512,-3.18612211918604,-3.34924299837298,NaN
23.141056512,-3.1626637659602,-3.33089993742506,NaN
23.142056512,-3.1328222665186,-3.31213088202063,NaN
23.143056512,-3.07331131682579,-3.29245773973583,NaN
23.144056512,-3.04312423309753,-3.27243159094029,NaN
23.145056512,-3.02615989426502,-3.2513705616022,NaN
23.146056512,-3.03235708314423,-3.22970919473078,NaN
23.147056512,-2.90659745755316,-3.20704907807275,NaN
23.148056512,-2.95985876409204,-3.18408849581633,NaN
23.149056512,-2.849613702893,-3.15963668301367,NaN
23.150056512,-2.93533424317763,-3.13480795597015,NaN
23.151056512,-2.9516142882671,-3.10884063755923,NaN
23.152056512,-2.85573433240556,-3.08152271808581,NaN
23.153056512,-2.74430162834793,-3.05328443129964,NaN
23.154056512,-2.84731786259886,-3.02445754689935,NaN
23.155056512,-2.74366403810805,-2.994062042862,NaN
23.156056512,-2.69546035270373,-2.96279018356169,NaN
23.157056512,-2.70425079608143,-2.93045613822705,NaN
23.158056512,-2.68971482880297,-2.89698731994139,NaN
23.159056512,-2.60787400552129,-2.86203269263197,NaN
23.160056512,-2.61785291161975,-2.82603388938899,NaN
23.161056512,-2.51826385637373,-2.78881428210791,NaN
23.162056512,-2.51705657835733,-2.75052578780971,NaN
23.163056512,-2.42254655064317,-2.71034543719992,NaN
23.164056512,-2.43504142292373,-2.66955749005728,NaN
23.165056512,-2.46080822311663,-2.62728402484004,NaN
23.166056512,-2.40774444045061,-2.58353089099807,NaN
23.167056512,-2.35518254404772,-2.53851183237989,NaN
23.168056512,-2.3338489915236,-2.49211874053936,NaN
23.169056512,-2.30410102813389,-2.44435908810881,NaN
23.170056512,-2.27512740488274,-2.39525015756896,NaN
23.171056512,-2.23332053275699,-2.34464453098094,NaN
23.172056512,-2.20525913029405,-2.29272306843424,NaN
23.173056512,-2.27892433381251,-2.23986565185651,NaN
23.174056512,-2.14869314584291,-2.18484523636781,NaN
23.175056512,-2.09344154073225,-2.12878327553408,NaN
23.176056512,-1.99892455303964,-2.07128614660788,NaN
23.177056512,-1.94708937595312,-2.01205008680263,NaN
23.178056512,-1.90258840912416,-1.95171082716338,NaN
23.179056512,-1.77918303265829,-1.89010318447125,NaN
23.180056512,-1.76747876370433,-1.82726703325771,NaN
23.181056512,-1.60222846573991,-1.7629372167637,NaN
23.182056512,-1.5612264663892,-1.69742008673907,NaN
23.183056512,-1.49956647194125,-1.63047878345699,NaN
23.184056512,-1.40761095288133,-1.56230160598162,NaN
23.185056512,-1.41726399524158,-1.49311831068793,NaN
23.186056512,-1.30930727748909,-1.42252210836624,NaN
23.187056512,-1.14673789368283,-1.35031713946211,NaN
23.188056512,-1.03648525303513,-1.27725219593547,NaN
23.189056512,-1.01364392299472,-1.20326703333106,NaN
23.190056512,-1.01816624506838,-1.12816973333731,NaN
23.191056512,-1.09996171994232,-1.05241971779689,NaN
23.192056512,-1.0680564104634,-0.975163283019173,NaN
23.193056512,-0.988617962659996,-0.896681416741505,NaN
23.194056512,-0.922380134179346,-0.817399403615382,NaN
23.195056512,-0.81950201885918,-0.737014147139994,NaN
23.196056512,-0.767729762715464,-0.655830795484238,NaN
23.197056512,-0.683553959454741,-0.573518268599719,NaN
23.198056512,-0.655260114574771,-0.490825178277594,NaN
23.199056512,-0.718885787675399,-0.407612447916682,NaN
23.200056512,-0.669875772572376,-0.323338147179277,NaN
23.201056512,-0.650591670811191,-0.238428699221146,NaN
23.202056512,-0.528708620556842,-0.15245526440247,NaN
23.203056512,-0.394582863333466,-0.065860173343481,NaN
23.204056512,-0.246565064856874,0.0213834607268665,NaN
23.205056512,-0.242255157063608,0.108714213717139,NaN
23.206056512,-0.163617875521565,0.196687571596181,NaN
23.207056512,-0.130507734677518,0.284600842867344,NaN
23.208056512,-0.0330485489863712,0.373506130364796,NaN
23.209056512,0.0334622415797605,0.462386085811575,NaN
23.210056512,0.150856643327671,0.551706565588211,NaN
23.211056512,0.265043080392207,0.641253028589597,NaN
23.212056512,0.357526871195838,0.730783793210488,NaN
23.213056512,0.480275592332061,0.820568262799236,NaN
23.214056512,0.500360377789865,0.910105013392095,NaN
23.215056512,0.569752920435191,0.999751781771627,NaN
23.216056512,0.661020272892801,1.08955797041713,NaN
23.217056512,0.763586529429432,1.17927284480621,NaN
23.218056512,0.877175174845555,1.26868492786295,NaN
23.219056512,0.993266054476696,1.35807806045099,NaN
23.220056512,1.04229217546514,1.44660420556025,NaN
23.221056512,1.02094672869299,1.53496723943099,NaN
23.222056512,1.22775201485758,1.62382983911966,NaN
23.223056512,1.32884294471278,1.71178903084095,NaN
23.224056512,1.3841285356692,1.79904827465427,NaN
23.225056512,1.52532133858517,1.88608066832974,NaN
23.226056512,1.59314092067963,1.97251394998158,NaN
23.227056512,1.59350309544055,2.05826245635547,NaN
23.228056512,1.70414109381674,2.14380612463697,NaN
23.229056512,1.70419997753297,2.22809724756526,NaN
23.230056512,1.819363488049,2.31210856553854,NaN
23.231056512,1.95934993723443,2.3955072822102,NaN
23.232056512,1.9957365125826,2.47774955663654,NaN
23.233056512,2.10207590247619,2.55929400831307,NaN
23.234056512,2.00409006195333,2.63940162363374,NaN
23.235056512,2.0430846054328,2.71910862977964,NaN
23.236056512,2.22192490143652,2.79821031051563,NaN
23.237056512,2.29249844292499,2.87616837924971,NaN
23.238056512,2.50156276710335,2.9535239797867,NaN
23.239056512,2.65135604769243,3.02978235268713,NaN
23.240056512,2.768235477764,3.10469174404131,NaN
23.241056512,3.05812686710222,3.17927315873862,NaN
23.242056512,3.28619918157538,3.25270149466153,NaN
23.243056512,3.52851801969294,3.32495965364932,NaN
23.244056512,3.6661697327689,3.3959869738366,NaN
23.245056512,3.8465405270824,3.46575225535872,NaN
23.246056512,4.01664098880932,3.53452250148101,NaN
23.247056512,4.28732582311693,3.60241022167207,NaN
23.248056512,4.36178311959986,3.668453023374,NaN
23.249056512,4.50267035729526,3.73336881414931,NaN
23.250056512,4.63389405612203,3.79717007185965,NaN
23.251056512,4.6291132684198,3.8593756255221,NaN
23.252056512,4.76215151935767,3.92067244962216,NaN
23.253056512,4.77376820962371,3.98036043741096,NaN
23.254056512,4.80852120421339,4.03874347855425,NaN
23.255056512,4.74158902643308,4.09555498999818,NaN
23.256056512,4.84003668234196,4.1517599545687,NaN
23.257056512,4.97837439925045,4.20665935146918,NaN
23.258056512,5.04281644202669,4.26042085998091,NaN
23.259056512,5.11104600418479,4.31264981750741,NaN
23.260056512,5.19866002957636,4.36380241053611,NaN
23.261056512,5.29117944751511,4.41352317493079,NaN
23.262056512,5.43520187284996,4.46233032637831,NaN
23.263056512,5.48685708155992,4.50961925566393,NaN
23.264056512,5.64745513635354,4.5561328613542,NaN
23.265056512,5.71000472909574,4.60093952083429,NaN
23.266056512,5.85020804687877,4.64477798443689,NaN
23.267056512,5.92675512444175,4.68711285954044,NaN
23.268056512,5.91306958523503,4.72831397162544,NaN
23.269056512,6.11106028518704,4.76874222350426,NaN
23.270056512,6.05770179531411,4.80757125476878,NaN
23.271056512,5.98138011979109,4.84500616143998,NaN
23.272056512,5.70491845172676,4.88046774422239,NaN
23.273056512,5.44984481008805,4.91486535611499,NaN
23.274056512,5.14933488416415,4.94804354403782,NaN
23.275056512,5.03117182495695,4.98050034102091,NaN
23.276056512,4.8768425842088,5.01206378227698,NaN
23.277056512,4.71101270983432,5.04249571259707,NaN
23.278056512,4.61762801172972,5.07199916207175,NaN
23.279056512,4.55623403569561,5.10061261878349,NaN
23.280056512,4.46870522198703,5.12805077694354,NaN
23.281056512,4.47023711468797,5.15461572456416,NaN
23.282056512,4.48202335180678,5.18062137248295,NaN
23.283056512,4.57647845324384,5.20588949883273,NaN
23.284056512,4.66654152808421,5.23010629858732,NaN
23.285056512,4.74062926382379,5.25341071441379,NaN
23.286056512,4.77426132435617,5.27581858398421,NaN
23.287056512,4.92523685711203,5.29753601870018,NaN
23.288056512,4.94013581609015,5.31780659142149,NaN
23.289056512,5.02829429727861,5.33770348625261,NaN
23.290056512,5.10016268613029,5.35658712903937,NaN
23.291056512,5.1235594381372,5.37448011354148,NaN
23.292056512,5.15192677225801,5.39167357511184,NaN
23.293056512,5.03809483431002,5.40750675117506,NaN
23.294056512,5.1522503883821,5.42337722062895,NaN
23.295056512,5.1951077976427,5.43836708811049,NaN
23.296056512,5.07276053019597,5.45199531032968,NaN
23.297056512,5.02675547508655,5.46530944744058,NaN
23.298056512,4.99614812183809,5.47782648038388,NaN
23.299056512,5.05442614312217,5.48995860965948,NaN
23.300056512,5.08969625468521,5.50114587151325,NaN
23.301056512,5.00967514468729,5.51163696657932,NaN
23.302056512,5.00286753811572,5.5216228135255,NaN
23.303056512,4.98920297889477,5.53085555177082,NaN
23.304056512,5.01504184044884,5.53965519363249,NaN
23.305056512,5.08337526559008,5.54801125669589,NaN
23.306056512,5.0879656027384,5.5554726966187,NaN
23.307056512,5.10552817833937,5.56241706664525,NaN
23.308056512,5.13506198867453,5.56899818010841,NaN
23.309056512,5.17964997012097,5.5748365934054,NaN
23.310056512,5.25246125196039,5.58023697510687,NaN
23.311056512,5.41000578914276,5.58564838407845,NaN
23.312056512,5.43035195971319,5.58981196517547,NaN
23.313056512,5.3260088402312,5.59293096434264,NaN
23.314056512,5.25897744889702,5.59555821513574,NaN
23.315056512,5.29361867276685,5.59834535747542,NaN
23.316056512,5.31850860842633,5.60042538173663,NaN
23.317056512,5.26197091180257,5.60176042397207,NaN
23.318056512,5.24993183089846,5.60276911579248,NaN
23.319056512,5.26731140631396,5.60337585083553,NaN
23.320056512,5.22760024921466,5.60317282367309,NaN
23.321056512,5.15672022852629,5.60252831936944,NaN
23.322056512,5.2084259513109,5.60202939289285,NaN
23.323056512,5.324176177972,5.6009653592935,NaN
23.324056512,5.4554069985901,5.59968166924765,NaN
23.325056512,5.45955591268291,5.59752946996044,NaN
23.326056512,5.47060249261089,5.59474511432035,NaN
23.327056512,5.52277078545125,5.59191681689362,NaN
23.328056512,5.53047307010548,5.5884497035898,NaN
23.329056512,5.58786603961765,5.58462667441721,NaN
23.330056512,5.60865967639338,5.5803075286337,NaN
23.331056512,5.60404231905074,5.57557193370917,NaN
23.332056512,5.66038347465918,5.57062526452419,NaN
23.333056512,5.54512489356746,5.56446400698193,NaN
23.334056512,5.56946112048109,5.55811031893104,NaN
23.335056512,5.55833734754268,5.55147408078966,NaN
23.336056512,5.47076207971278,5.54431905468143,NaN
23.337056512,5.55783197116986,5.53739961109612,NaN
23.338056512,5.44441702724281,5.52922000587749,NaN
23.339056512,5.4206251175598,5.52096327331709,NaN
23.340056512,5.45011783794331,5.51234063625809,NaN
23.341056512,5.47509391589992,5.50350268172594,NaN
23.342056512,5.51404366681279,5.49426347747878,NaN
23.343056512,5.60247595957781,5.4849198760712,NaN
23.344056512,5.68037287975916,5.47518257498846,NaN
23.345056512,5.70862394598722,5.46509808157117,NaN
23.346056512,5.69534765594424,5.45422036286897,NaN
23.347056512,5.66804233283096,5.44305646750459,NaN
23.348056512,5.68688608658568,5.43180352516994,NaN
23.349056512,5.77135616490079,5.42054446865916,NaN
23.350056512,5.72163813313556,5.40865048690815,NaN
23.351056512,5.72107789572214,5.39651834201478,NaN
23.352056512,5.71208267083964,5.38411033540036,NaN
23.353056512,5.66280263961567,5.371341694589,NaN
23.354056512,5.61949985994338,5.35834443602741,NaN
23.355056512,5.64720762105396,5.34538068683361,NaN
23.356056512,5.63596292292734,5.33223147406157,NaN
23.357056512,5.64785806416604,5.3188999465342,NaN
23.358056512,5.61061093647425,5.30517048010446,NaN
23.359056512,5.50451623315137,5.29103932386525,NaN
23.360056512,5.48607965088323,5.27690210575878,NaN
23.361056512,5.38464588750079,5.26235309575598,NaN
23.362056512,5.36609243311022,5.24819288891328,NaN
23.363056512,5.36632937856095,5.23407026217407,NaN
23.364056512,5.38159097807377,5.21992531741805,NaN
23.365056512,5.35612557719377,5.20542821251504,NaN
23.366056512,5.25940508420485,5.19086334058078,NaN
23.367056512,5.21124668857584,5.17640452735603,NaN
23.368056512,5.20915244632522,5.1621806435777,NaN
23.369056512,5.12499217075146,5.14786006674039,NaN
23.370056512,5.17042333063338,5.13394615732442,NaN
23.371056512,5.16035969703487,5.11995597162353,NaN
23.372056512,5.19268560601286,5.10609635112676,NaN
23.373056512,5.18983281238809,5.09232517486645,NaN
23.374056512,5.14106198466797,5.07827102238502,NaN
23.375056512,5.04477743428091,5.06442393964889,NaN
23.376056512,5.12572191820873,5.0512696747472,NaN
23.377056512,5.06019930550067,5.03822179421283,NaN
23.378056512,5.14918283571127,5.02562079845484,NaN
23.379056512,5.07995755382145,5.01282673229345,NaN
23.380056512,5.05073763186612,5.00038596631376,NaN
23.381056512,5.00901989842088,4.98824301428309,NaN
23.382056512,5.01570161043556,4.97648887097564,NaN
23.383056512,5.04942565268502,4.96543189450643,NaN
23.384056512,5.01437919602442,4.95426725042135,NaN
23.385056512,5.05810360613759,4.94384793075934,NaN
23.386056512,4.94624124723545,4.93339674548421,NaN
23.387056512,4.8368850645899,4.92325369657574,NaN
23.388056512,4.85890288444247,4.91419407235942,NaN
23.389056512,4.84192253458534,4.90525505799222,NaN
23.390056512,4.80213069436765,4.89694794994368,NaN
23.391056512,4.77186963798779,4.88902445682146,NaN
23.392056512,4.78177008595411,4.88182805191864,NaN
23.393056512,4.71908859728514,4.87476188443241,NaN
23.394056512,4.73282994780962,4.86864845778099,NaN
23.395056512,4.69353977081105,4.86271145788779,NaN
23.396056512,4.76944147542621,4.85774314852243,NaN
23.397056512,4.7503816255423,4.85321640536259,NaN
23.398056512,4.84707910099939,4.84953457163849,NaN
23.399056512,4.89950124239488,4.84625833636396,NaN
23.400056512,4.96688131557022,4.84340323718457,NaN
23.401056512,4.90552448089692,4.84087100968546,NaN
23.402056512,4.88390802857781,4.83915883295368,NaN
23.403056512,4.90024309536092,4.8382323038189,NaN
23.404056512,4.93039867883218,4.83809304637349,NaN
23.405056512,4.85935515055898,4.83779048029422,NaN
23.406056512,4.87615145872064,4.83875617863113,NaN
23.407056512,4.84510773106131,4.84004362237564,NaN
23.408056512,4.79799131702897,4.84195477874662,NaN
23.409056512,4.81452857947327,4.84445623006027,NaN
23.410056512,4.87900156186404,4.8477713070434,NaN
23.411056512,4.91744652220339,4.85181627702643,NaN
23.412056512,4.87206366524603,4.85577761219187,NaN
23.413056512,4.90953302102909,4.86058513947449,NaN
23.414056512,4.85534908743216,4.86544246336279,NaN
23.415056512,4.87211625976707,4.87117709194002,NaN
23.416056512,4.90121245413325,4.87730301484271,NaN
23.417056512,4.93749441069758,4.88410375766983,NaN
23.418056512,4.850949082652,4.89072698303348,NaN
23.419056512,4.85153635215293,4.89816639058781,NaN
23.420056512,4.92349687900229,4.90610981841635,NaN
23.421056512,4.87220519838595,4.91383307339084,NaN
23.422056512,4.93805682919536,4.92242397696998,NaN
23.423056512,4.91398841991049,4.93108467625514,NaN
23.424056512,4.94251601944569,4.94010759924464,NaN
23.425056512,4.89992320508855,4.9490900860883,NaN
23.426056512,4.94455401370456,4.95850967261377,NaN
23.427056512,4.92543477410878,4.96772229473414,NaN
23.428056512,4.93993258908199,4.97754354097502,NaN
23.429056512,4.94777900109832,4.98690063787779,NaN
23.430056512,4.91515394316729,4.99672087861806,NaN
23.431056512,4.94367637744277,5.00648742345009,NaN
23.432056512,4.93038379005913,5.01573150953717,NaN
23.433056512,4.80895819329142,5.02473842115795,NaN
23.434056512,4.77967752487207,5.03383414040733,NaN
23.435056512,4.85758364598682,5.04312228082322,NaN
23.436056512,4.79749031857718,5.05171745906878,NaN
23.437056512,4.83991588783472,5.06033530798907,NaN
23.438056512,4.83764047125382,5.06837385330469,NaN
23.439056512,4.94259081249961,5.07646446572721,NaN
23.440056512,4.92981231618605,5.08363776510083,NaN
23.441056512,4.91049209936217,5.09026201474072,NaN
23.442056512,4.96527393242046,5.09676294138999,NaN
23.443056512,5.07041844503546,5.10272758843621,NaN
23.444056512,5.0720098691872,5.10777114660757,NaN
23.445056512,5.07632132877655,5.11214758351835,NaN
23.446056512,5.03605460508956,5.11565135436939,NaN
23.447056512,5.03199729529534,5.11815638238974,NaN
23.448056512,5.00814540311683,5.12011107931345,NaN
23.449056512,4.99792696567386,5.12127191132108,NaN
23.450056512,4.92588839568509,5.12144335968406,NaN
23.451056512,4.85120066491556,5.1204789093967,NaN
23.452056512,4.9346241845132,5.11905197091702,NaN
23.453056512,4.89803313993454,5.11586571563279,NaN
23.454056512,4.80896650587176,5.11128725315914,NaN
23.455056512,4.80803365237317,5.10583088242828,NaN
23.456056512,4.79845676019482,5.09952729490742,NaN
23.457056512,4.82403234758406,5.0918986539427,NaN
23.458056512,4.77041410390063,5.08262846253066,NaN
23.459056512,4.79231243913265,5.0724474034218,NaN
23.460056512,4.78388758621196,5.06027420235923,NaN
23.461056512,4.90348016926964,5.04782849475631,NaN
23.462056512,4.86020677239794,5.03339000898697,NaN
23.463056512,4.7898611727349,5.01712131452068,NaN
23.464056512,4.80166042598825,4.99983022290994,NaN
23.465056512,4.83857469018887,4.98115995580951,NaN
23.466056512,4.8025109480725,4.96047333417708,NaN
23.467056512,4.821716362951,4.93859337943254,NaN
23.468056512,4.66745162029262,4.91462474214259,NaN
23.469056512,4.75125277478625,4.88971679017155,NaN
23.470056512,4.66894794577227,4.86293663602642,NaN
23.471056512,4.59861539151294,4.83451643195306,NaN
23.472056512,4.57562624931264,4.80442929139541,NaN
23.473056512,4.52767761774654,4.77267474206104,NaN
23.474056512,4.51791592290346,4.73934924805223,NaN
23.475056512,4.5429544926396,4.70450776748339,NaN
23.476056512,4.485274546732,4.66775988274632,NaN
23.477056512,4.48045512156896,4.62976535984157,NaN
23.478056512,4.4258387906011,4.58985281261634,NaN
23.479056512,4.37668184376261,4.54821180169732,NaN
23.480056512,4.43777835584546,4.50528585441584,NaN
23.481056512,4.46514407885976,4.4607857248663,NaN
23.482056512,4.39051671778186,4.41456787314037,NaN
23.483056512,4.28495554342879,4.36653187628548,NaN
23.484056512,4.29004937377919,4.31756341211837,NaN
23.485056512,4.26258467716363,4.26689565724581,NaN
23.486056512,4.25108388929817,4.21495687039212,NaN
23.487056512,4.25804877842958,4.16136727963281,NaN
23.488056512,4.19243327306102,4.10622996766463,NaN
23.489056512,4.17067341978237,4.05005231679505,NaN
23.490056512,4.06559289808888,3.99251981669379,NaN
23.491056512,4.07578949735336,3.93394784733466,NaN
23.492056512,3.92976995642118,3.87371490647191,NaN
23.493056512,3.9275263366151,3.81259306951445,NaN
23.494056512,3.84554106311362,3.75018634565033,NaN
23.495056512,3.6838955570309,3.68642402815396,NaN
23.496056512,3.67263916856138,3.62205910709826,NaN
23.497056512,3.61762222433513,3.5567926059886,NaN
23.498056512,3.64726713586734,3.49072039490601,NaN
23.499056512,3.64434242700902,3.42394540170467,NaN
23.500056512,3.62782943637812,3.35626882752651,NaN
23.501056512,3.57876217236547,3.2877728371246,NaN
23.502056512,3.53654448273015,3.21871636264776,NaN
23.503056512,3.46637303594278,3.14928108116346,NaN
23.504056512,3.52879389783376,3.08000566247596,NaN
23.505056512,3.46036816266136,3.00953792190116,NaN
23.506056512,3.30717661351395,2.93873037749144,NaN
23.507056512,3.29973392070383,2.86792316024527,NaN
23.508056512,3.29340192753692,2.79719584305421,NaN
23.509056512,3.32639913167285,2.72645750493726,NaN
23.510056512,3.19654363549356,2.65523074140556,NaN
23.511056512,3.16188477926532,2.5844052489081,NaN
23.512056512,3.09887868460099,2.51372013715592,NaN
23.513056512,2.9324397883098,2.44270616153224,NaN
23.514056512,2.85180768043917,2.37255257928521,NaN
23.515056512,2.81225415995,2.30278160174749,NaN
23.516056512,2.76969353956738,2.23368435954262,NaN
23.517056512,2.6792191851345,2.16493408496709,NaN
23.518056512,2.66763201558446,2.09705032145713,NaN
23.519056512,2.60602144858713,2.0299386104302,NaN
23.520056512,2.56998453246017,1.96360903233357,NaN
23.521056512,2.52278783540112,1.89838119301863,NaN
23.522056512,2.52030668549102,1.83432540928402,NaN
23.523056512,2.52312489552609,1.77121785718003,NaN
23.524056512,2.55726443223398,1.70961332046596,2.4953884596427
23.525056512,2.4953884596427,1.64861124511356,NaN
23.526056512,2.48855899799526,1.58940713831904,NaN
23.527056512,2.52052028231278,1.53146901883793,NaN
23.528056512,2.50237724561249,1.47503822189375,NaN
23.529056512,2.34919148226621,1.41963932885292,NaN
23.530056512,2.24060698363294,1.36631645114427,NaN
23.531056512,2.25678914453229,1.31491532405932,NaN
23.532056512,2.11128525033631,1.26478013928116,NaN
23.533056512,1.97197155604749,1.21637585792828,NaN
23.534056512,1.81823387211895,1.16989047413375,NaN
23.535056512,1.61333160380408,1.12506037431066,NaN
23.536056512,1.41922417068123,1.08235855816093,NaN
23.537056512,1.22757592901361,1.04196775220073,NaN
23.538056512,1.05597143245081,1.00329990093166,NaN
23.539056512,0.91048690763711,0.967007754138222,NaN
23.540056512,0.740111703416238,0.932804887577215,NaN
23.541056512,0.534643639556299,0.900706218189363,NaN
23.542056512,0.302466046097227,0.870653295829708,NaN
23.543056512,0.0970087308077481,0.843203593747392,NaN
23.544056512,-0.044872042087593,0.818374327420632,NaN
23.545056512,-0.191799310025802,0.795895541872079,NaN
23.546056512,-0.252234463992267,0.775830870101237,NaN
23.547056512,-0.436321309808288,0.757910381284596,NaN
23.548056512,-0.515281687251605,0.742693861547619,NaN
23.549056512,-0.641466396100005,0.72989340787026,NaN
23.550056512,-0.796533900797448,0.719373568389589,NaN
23.551056512,-0.889314837487218,0.711520605972554,NaN
23.552056512,-0.966884018396246,0.706086212610036,NaN
23.553056512,-0.999513191424718,0.703302955997832,NaN
23.554056512,-1.10187800712375,0.702470088377658,NaN
23.555056512,-1.14386352680199,0.704361158901507,NaN
23.556056512,-1.11651512571279,0.708969992673354,NaN
23.557056512,-1.17800531930936,0.715615508099885,NaN
23.558056512,-1.2796734933391,0.724155714915634,NaN
23.559056512,-1.33484774150029,0.735611974525334,NaN
23.560056512,-1.35924507017689,0.749141383544985,NaN
23.561056512,-1.40763196112466,0.765245443608479,NaN
23.562056512,-1.35047566135856,0.783776328735484,NaN
23.563056512,-1.37981099415858,0.804331028212158,NaN
23.564056512,-1.46841595888481,0.826967980151486,NaN
23.565056512,-1.55304325223858,0.851457556615049,NaN
23.566056512,-1.77125987957633,0.877636730647941,NaN
23.567056512,-1.76862783227343,0.906588176741894,NaN
23.568056512,-1.54209522049837,0.938090045406056,NaN
23.569056512,-0.431944383721571,0.974595400709682,NaN
23.570056512,2.30755626454953,1.01862435630788,NaN
23.571056512,2.77233134112518,1.05668914008244,NaN
23.572056512,1.60137663878301,1.0907394694531,NaN
23.573056512,1.00732060144633,1.12823906903175,NaN
23.574056512,2.1599079768412,1.17327515743877,NaN
23.575056512,3.51763992553463,1.22055958508749,NaN
23.576056512,4.15624449806335,1.26658943608373,NaN
23.577056512,3.81172257477757,1.31093126872844,NaN
23.578056512,3.01030335517193,1.35460658619182,NaN
23.579056512,2.8812674555373,1.40175785328694,NaN
23.580056512,3.04756305290712,1.45066251689491,NaN
23.581056512,3.39384326523863,1.50112152902563,NaN
23.582056512,3.2526927582737,1.55108629211847,NaN
23.583056512,3.08114230062178,1.60169170274525,NaN
23.584056512,2.74312150451288,1.65230340147835,NaN
23.585056512,2.53431926111666,1.70400681951468,NaN
23.586056512,2.57127844092565,1.7570114569457,NaN
23.587056512,2.76232051447658,1.81084529983984,NaN
23.588056512,2.88578762740659,1.86477034439126,NaN
23.589056512,2.87558554000908,1.91849597865167,NaN
23.590056512,2.78497779598655,1.97184254369184,NaN
23.591056512,2.68115634134394,2.02546932776586,NaN
23.592056512,2.82568498401036,2.07950350313124,NaN
23.593056512,3.1128730244562,2.13397903120102,NaN
23.594056512,3.36533002838717,2.18761962322396,NaN
23.595056512,3.28389064332773,2.24003878996827,NaN
23.596056512,3.14940893864121,2.29161880077698,NaN
23.597056512,3.02960897738205,2.34272397432208,NaN
23.598056512,3.2794368349314,2.39413823854778,NaN
23.599056512,3.52241851954342,2.44505850922671,NaN
23.600056512,3.60745155812006,2.49434321025615,NaN
23.601056512,3.44833544315166,2.54209485292567,NaN
23.602056512,3.23057018507582,2.58834465708087,NaN
23.603056512,3.11176744578642,2.63387833013083,NaN
23.604056512,3.17307094282134,2.67856013918899,NaN
23.605056512,3.20829342970053,2.72241967466795,NaN
23.606056512,3.12828198364223,2.76418135619459,NaN
23.607056512,2.95173028608818,2.80384966617974,NaN
23.608056512,2.77709962206762,2.84232443178872,NaN
23.609056512,2.67270988200863,2.87926155707116,NaN
23.610056512,2.70289987489061,2.91518671510287,NaN
23.611056512,2.73220399424097,2.94916833577537,NaN
23.612056512,2.67125955359355,2.9809981307523,NaN
23.613056512,2.6399058724252,3.01093648913362,NaN
23.614056512,2.61272506921175,3.03905570904151,NaN
23.615056512,2.75035370297828,3.06552943475679,NaN
23.616056512,2.98395790043929,3.09042527232583,NaN
23.617056512,3.03278519682015,3.11265577036119,NaN
23.618056512,3.11716435485379,3.13277734012414,NaN
23.619056512,3.14454904625933,3.1504569605212,NaN
23.620056512,3.2542474085906,3.16600390116372,NaN
23.621056512,3.2361497341132,3.17892823365812,NaN
23.622056512,3.29746253734967,3.18990729201883,NaN
23.623056512,3.26441209091026,3.19831476793042,NaN
23.624056512,3.26179090527275,3.20461632201791,NaN
23.625056512,3.30803476995953,3.20840189849102,NaN
23.626056512,3.15958698998028,3.20932926875135,NaN
23.627056512,3.04146104774971,3.20765799167391,NaN
23.628056512,3.10051832119923,3.20449615076832,NaN
23.629056512,2.97286918907295,3.19831008473352,NaN
23.630056512,2.89001530488077,3.18968957989843,NaN
23.631056512,2.76103496804811,3.17863211080742,NaN
23.632056512,2.84764266592303,3.16593978681648,NaN
23.633056512,2.82540289308554,3.15030750607132,NaN
23.634056512,2.7705425478532,3.13225845773488,NaN
23.635056512,2.6783932261122,3.1117544220816,NaN
23.636056512,2.66220231720019,3.08926890833953,NaN
23.637056512,2.54586690121871,3.06407366227387,NaN
23.638056512,2.5108369021456,3.03673872522231,NaN
23.639056512,2.48482691380497,3.00731610384632,NaN
23.640056512,2.49351104532163,2.97564395793397,NaN
23.641056512,2.45730818302059,2.94175412330073,NaN
23.642056512,2.42243919175158,2.90574626521317,NaN
23.643056512,2.35267712605057,2.86757491552632,NaN
23.644056512,2.38948566923803,2.8279268104371,NaN
23.645056512,2.39230041258184,2.78596033301908,NaN
23.646056512,2.38405167098496,2.74226365954192,NaN
23.647056512,2.2607891717978,2.69613247538164,NaN
23.648056512,2.22287446593102,2.64857629449219,NaN
23.649056512,2.19663157523559,2.59937959980648,NaN
23.650056512,2.22249446836598,2.54863228497301,NaN
23.651056512,2.16029068150859,2.49631749089049,NaN
23.652056512,2.11717642469291,2.44211560876363,NaN
23.653056512,2.06761412617129,2.38656839393027,NaN
23.654056512,2.03720012928316,2.32944467183708,NaN
23.655056512,1.98706375539809,2.2713249693352,NaN
23.656056512,1.89852135239254,2.21171806070058,NaN
23.657056512,1.91747078795364,2.1514809243505,NaN
23.658056512,1.87132033496909,2.0898665257582,NaN
23.659056512,1.85018869497994,2.02736667142984,NaN
23.660056512,1.78129747570397,1.96380940212609,NaN
23.661056512,1.81966009848828,1.89993287890838,NaN
23.662056512,1.72281147447519,1.8348510834236,NaN
23.663056512,1.69760582324205,1.76938838972427,NaN
23.664056512,1.61496691579622,1.70327285821006,NaN
23.665056512,1.61904667694618,1.6372714960627,NaN
23.666056512,1.58407613061084,1.57023629658912,NaN
23.667056512,1.62629998677568,1.50343582033872,NaN
23.668056512,1.52330516547936,1.43605300500309,NaN
23.669056512,1.47906404668326,1.36870044357804,NaN
23.670056512,1.47788830551655,1.30163175072853,NaN
23.671056512,1.3828428206217,1.23417121956033,NaN
23.672056512,1.2670278457583,1.16697802475981,NaN
23.673056512,1.1961070476714,1.0999235720544,NaN
23.674056512,1.04673985279099,1.0331118595922,NaN
23.675056512,0.986981631411491,0.966876231524591,NaN
23.676056512,0.88276735730082,0.901230457398795,NaN
23.677056512,0.86636996405978,0.836437065819127,NaN
23.678056512,0.724116783702594,0.771765792766035,NaN
23.679056512,0.690401950651314,0.708353468690221,NaN
23.680056512,0.620753757174219,0.645674000700962,NaN
23.681056512,0.583608958594351,0.58391894669464,NaN
23.682056512,0.60846001281335,0.523533978477768,NaN
23.683056512,0.561537784970217,0.463819990342989,NaN
23.684056512,0.496473773193246,0.40531503718791,NaN
23.685056512,0.488659208991649,0.348148913340122,NaN
23.686056512,0.380371826099293,0.291939679535346,NaN
23.687056512,0.319324391974697,0.23702028871242,NaN
23.688056512,0.354008662374077,0.184158393437474,NaN
23.689056512,0.352846860696202,0.132571083070205,NaN
23.690056512,0.358464632505278,0.0822327031728471,NaN
23.691056512,0.31131022245901,0.0334074548892901,NaN
23.692056512,0.281407455698305,-0.0137706724200804,NaN
23.693056512,0.125244277592994,-0.0596841297877796,NaN
23.694056512,0.110190593357693,-0.103333806612031,NaN
23.695056512,0.0689759928042257,-0.14548255807147,NaN
23.696056512,0.017732694951649,-0.186052735547058,NaN
23.697056512,-0.081108498515461,-0.224503768686556,NaN
23.698056512,-0.107677984395705,-0.261194136260043,NaN
23.699056512,-0.128758529067185,-0.295684489239765,NaN
23.700056512,-0.178035995380998,-0.328368391339426,NaN
23.701056512,-0.160194793107766,-0.359239596885976,NaN
23.702056512,-0.175987702253026,-0.387748148402548,NaN
23.703056512,-0.239577766444655,-0.414641439756089,NaN
23.704056512,-0.328484101513565,-0.439669708962446,NaN
23.705056512,-0.33948598771819,-0.462477259129239,NaN
23.706056512,-0.296382500982814,-0.482894194136875,NaN
23.707056512,-0.351612623688656,-0.501935735735982,NaN
23.708056512,-0.347500916151722,-0.518595976678067,NaN
23.709056512,-0.339806226134876,-0.533134064393099,NaN
23.710056512,-0.32271648270654,-0.545594552302317,NaN
23.711056512,-0.357983805861004,-0.556289986958706,NaN
23.712056512,-0.382188822953883,-0.564780947444007,NaN
23.713056512,-0.437168891858665,-0.571548688083797,NaN
23.714056512,-0.42056841266604,-0.576102152058154,NaN
23.715056512,-0.425024504103622,-0.578727285466503,NaN
23.716056512,-0.360909933473039,-0.579223606511185,NaN
23.717056512,-0.370264737290358,-0.577872365210361,NaN
23.718056512,-0.322306269613192,-0.574650194602568,NaN
23.719056512,-0.418660750856725,-0.570014613527315,NaN
23.720056512,-0.386222541042898,-0.563057629593807,NaN
23.721056512,-0.386922751010034,-0.554511648944607,NaN
23.722056512,-0.408417123845856,-0.543876502728989,NaN
23.723056512,-0.406838358012812,-0.531705294897151,NaN
23.724056512,-0.296135893152322,-0.517654293696433,NaN
23.725056512,-0.331699393271584,-0.502278329495448,NaN
23.726056512,-0.291126775352403,-0.48496890970285,NaN
23.727056512,-0.25706505664786,-0.466385103600253,NaN
23.728056512,-0.243442293223597,-0.445801845825454,NaN
23.729056512,-0.241406488642049,-0.424151595291583,NaN
23.730056512,-0.22920008595565,-0.40131933950379,NaN
23.731056512,-0.251314033082426,-0.376975694111671,NaN
23.732056512,-0.248374651453518,-0.351234029800367,NaN
23.733056512,-0.202654554864283,-0.32428587220014,NaN
23.734056512,-0.137353946910705,-0.296249174233434,NaN
23.735056512,-0.0817181481750754,-0.267072078968139,NaN
23.736056512,-0.115316276125943,-0.23675092365596,NaN
23.737056512,-0.120698597103706,-0.205173725792597,NaN
23.738056512,-0.100128622691279,-0.172714690791715,NaN
23.739056512,-0.120407734160673,-0.139627525721769,NaN
23.740056512,-0.0490300524994833,-0.105465122712598,NaN
23.741056512,0.0459261815045082,-0.0704202530481543,NaN
23.742056512,0.0718789357240179,-0.0348206055601176,NaN
23.743056512,0.0773867995047695,0.00144038536188134,NaN
23.744056512,0.0225126491564904,0.0381437121939281,NaN
23.745056512,-0.013826977572879,0.0754946724809366,NaN
23.746056512,0.0565746772160385,0.113651585187205,NaN
23.747056512,0.0342392811483505,0.15179518954241,NaN
23.748056512,0.0465732433599551,0.190228428558922,NaN
23.749056512,0.0989461866755204,0.229183036586778,NaN
23.750056512,0.078525590044888,0.267917656261812,NaN
23.751056512,0.113087709678658,0.307260777256427,NaN
23.752056512,0.170582251912312,0.346746655103259,NaN
23.753056512,0.229336436027383,0.386141978205752,NaN
23.754056512,0.36147844619113,0.426034875788809,NaN
23.755056512,0.318517676994627,0.464814718279532,NaN
23.756056512,0.391849470607779,0.504257278886543,NaN
23.757056512,0.42965801451416,0.543003564595605,NaN
23.758056512,0.504305245064824,0.581437680612845,NaN
23.759056512,0.528835088600653,0.619820118767014,NaN
23.760056512,0.479503375436386,0.657748666870121,NaN
23.761056512,0.52907891347943,0.695476990561371,NaN
23.762056512,0.642489155513404,0.732781156246244,NaN
23.763056512,0.631970022227587,0.769075882359998,NaN
23.764056512,0.728740818353411,0.805433397940898,NaN
23.765056512,0.746110813360924,0.840759785978498,NaN
23.766056512,0.79651659468083,0.875611106662998,NaN
23.767056512,0.783184181367973,0.90973144277462,NaN
23.768056512,0.793682870173763,0.942769379361992,NaN
23.769056512,0.71662217488103,0.974805935261003,NaN
23.770056512,0.864894956403332,1.00677715327937,NaN
23.771056512,0.863414926646193,1.03723737580647,NaN
23.772056512,0.898645875134605,1.06715146063858,NaN
23.773056512,0.965262256505978,1.09618607891565,NaN
23.774056512,1.0000778301221,1.12425687773441,NaN
23.775056512,0.944747428196769,1.15089316577797,NaN
23.776056512,1.00477093741156,1.17666854786894,NaN
23.777056512,1.0024065929591,1.20111973460747,NaN
23.778056512,1.06005088278181,1.22437772918962,NaN
23.779056512,1.07792088450802,1.24676082599345,NaN
23.780056512,1.09852312026549,1.26808829556304,NaN
23.781056512,1.20916876476623,1.28859983559209,NaN
23.782056512,1.24235881721722,1.30750264166772,NaN
23.783056512,1.27025429700428,1.32490317757873,NaN
23.784056512,1.29552522875411,1.34091124938102,NaN
23.785056512,1.30997172248551,1.35597298789627,NaN
23.786056512,1.31566374902624,1.3698128200594,NaN
23.787056512,1.32858173245237,1.38231471064605,NaN
23.788056512,1.48434582691722,1.39419476281462,NaN
23.789056512,1.48369692694856,1.40422168998536,NaN
23.790056512,1.51761627695074,1.41323264281578,NaN
23.791056512,1.50478282693372,1.42041281100272,NaN
23.792056512,1.46108476244777,1.42657566724939,NaN
23.793056512,1.47623290689333,1.43167749468912,NaN
23.794056512,1.55337546597819,1.43580894212979,NaN
23.795056512,1.51683673567776,1.43816575388099,NaN
23.796056512,1.45420749107921,1.43913065817832,NaN
23.797056512,1.35683891088766,1.43875835934991,NaN
23.798056512,1.37308195414803,1.43766072412648,NaN
23.799056512,1.40278392223519,1.43535515895698,NaN
23.800056512,1.40142459849359,1.43145863154204,NaN
23.801056512,1.40194001618511,1.42644894228812,NaN
23.802056512,1.37631675131744,1.42036340637722,NaN
23.803056512,1.3464039646625,1.41313327185611,NaN
23.804056512,1.18153881561353,1.40449625969326,NaN
23.805056512,1.24939659103416,1.39505915430458,NaN
23.806056512,1.367084417725,1.38475311396483,NaN
23.807056512,1.41153703295605,1.37333010929753,NaN
23.808056512,1.43669031289466,1.36083375072864,NaN
23.809056512,1.4171815299121,1.34734379424827,NaN
23.810056512,1.40185092530978,1.33249521474392,NaN
23.811056512,1.3739737446749,1.31682025531792,NaN
23.812056512,1.37127315582787,1.3005212819028,NaN
23.813056512,1.36568162641391,1.28401183553876,NaN
23.814056512,1.30731639233167,1.26781348391004,NaN
23.815056512,1.32609632313313,1.24961173902859,NaN
23.816056512,1.31969017080907,1.2293117038952,NaN
23.817056512,1.29522252757156,1.2079748426765,NaN
23.818056512,1.13488274540504,1.18614413817915,NaN
23.819056512,1.1288405641004,1.1646074670165,NaN
23.820056512,1.08449079729123,1.14249711346864,NaN
23.821056512,1.05970575478232,1.11907363894111,NaN
23.822056512,1.066455347216,1.09492634059414,NaN
23.823056512,1.07244276554915,1.0696651244524,NaN
23.824056512,1.04605753361918,1.0441102170422,NaN
23.825056512,1.04796419828209,1.0181284868109,NaN
23.826056512,1.09057688789167,0.992198192223664,NaN
23.827056512,1.07565624011219,0.965130926542486,NaN
23.828056512,1.0881131014545,0.93724247753928,NaN
23.829056512,1.02983034920584,0.908633065680058,NaN
23.830056512,1.04104680627438,0.879804768510598,NaN
23.831056512,1.07695344515725,0.851017269244833,NaN
23.832056512,0.994292739370651,0.821915798190343,NaN
23.833056512,0.962440613494368,0.792629127668474,NaN
23.834056512,0.975937129551283,0.763225115015495,NaN
23.835056512,0.949307695036466,0.73307652581303,NaN
23.836056512,0.884143543560546,0.702747708773873,NaN
23.837056512,0.880857195381975,0.672560255311665,NaN
23.838056512,0.7735152866126,0.642110999564132,NaN
23.839056512,0.707961386009269,0.611760718147346,NaN
23.840056512,0.629410077248349,0.581125887867756,NaN
23.841056512,0.60833507070426,0.551051502717927,NaN
23.842056512,0.597758792000025,0.52041021038607,NaN
23.843056512,0.597762783987436,0.489720277548876,NaN
23.844056512,0.486422032855868,0.458922580504342,NaN
23.845056512,0.427272469509325,0.428044320642217,NaN
23.846056512,0.351123267901995,0.397302370162784,NaN
23.847056512,0.370387824181757,0.367227633879036,NaN
23.848056512,0.400536901962233,0.336883923934095,NaN
23.849056512,0.362453251424579,0.306599881581069,NaN
23.850056512,0.354840586369737,0.276321777921623,NaN
23.851056512,0.316996953725254,0.246171501118228,NaN
23.852056512,0.248156832105426,0.216434312323509,NaN
23.853056512,0.25770200024564,0.187099868034665,NaN
23.854056512,0.249625231358156,0.15808383738194,NaN
23.855056512,0.171427479791929,0.12884339832322,NaN
23.856056512,0.172434941226541,0.100536598072296,NaN
23.857056512,0.212023296485757,0.0726909547319698,NaN
23.858056512,0.0752682060751944,0.0447337588797992,NaN
23.859056512,0.0435466661040795,0.0177054646205909,NaN
23.860056512,-0.0214549044943539,-0.00911786991679886,NaN
23.861056512,0.0514794563030465,-0.0349512710881792,NaN
23.862056512,-0.0112078279911432,-0.0610036885055227,NaN
23.863056512,-0.0205203455494471,-0.0863884866316241,NaN
23.864056512,-0.174065002836538,-0.112053244881201,NaN
23.865056512,-0.251849258094518,-0.136810784082701,NaN
23.866056512,-0.302806288147015,-0.161034900626636,NaN
23.867056512,-0.286514358799203,-0.184679162804736,NaN
23.868056512,-0.285172582650581,-0.208008796151843,NaN
23.869056512,-0.322604031195645,-0.231238712508401,NaN
23.870056512,-0.415162340780551,-0.254072422784432,NaN
23.871056512,-0.377842941275686,-0.276269880566722,NaN
23.872056512,-0.354873757381999,-0.297663291943867,NaN
23.873056512,-0.307447356742024,-0.31854306926309,NaN
23.874056512,-0.324129097441226,-0.339131211418754,NaN
23.875056512,-0.315745073746899,-0.359034999099795,NaN
23.876056512,-0.274456786765181,-0.378199261964634,NaN
23.877056512,-0.353417043679229,-0.397221828065907,NaN
23.878056512,-0.456075892215149,-0.415677855932178,NaN
23.879056512,-0.425031580577543,-0.4330501860595,NaN
23.880056512,-0.479304267563924,-0.449904182540278,NaN
23.881056512,-0.495301756804582,-0.466157507152244,NaN
23.882056512,-0.493386127070274,-0.481509980269334,NaN
23.883056512,-0.531774861101681,-0.496772492414098,NaN
23.884056512,-0.512860069974151,-0.510891793871621,NaN
23.885056512,-0.523442830166617,-0.524773331802082,NaN
23.886056512,-0.507820505188244,-0.537802631342711,NaN
23.887056512,-0.545276162391344,-0.550626798744978,NaN
23.888056512,-0.603001839541937,-0.563105269131136,NaN
23.889056512,-0.678526613348434,-0.574963472130276,NaN
23.890056512,-0.652661017064063,-0.585938201552915,NaN
23.891056512,-0.726514791438646,-0.596596227722027,NaN
23.892056512,-0.664095655756579,-0.60567535378822,NaN
23.893056512,-0.715010945646427,-0.614897881042086,NaN
23.894056512,-0.659995923857551,-0.624083346400593,NaN
23.895056512,-0.624585538710611,-0.63395450404417,NaN
23.896056512,-0.698160602324909,-0.643366382152003,NaN
23.897056512,-0.713470665823861,-0.651296650482588,NaN
23.898056512,-0.786077398996418,-0.658113168441387,NaN
23.899056512,-0.698537188571217,-0.664033922499222,NaN
23.900056512,-0.730692285642556,-0.670218693735692,NaN
23.901056512,-0.820259310337497,-0.67652836679332,NaN
23.902056512,-0.766187223258203,-0.681553195913454,NaN
23.903056512,-0.858921582853026,-0.686278603547042,NaN
23.904056512,-0.825281996020917,-0.689915072151506,NaN
23.905056512,-0.836475591241877,-0.69316292010396,NaN
23.906056512,-0.7703362017446,-0.695956103657179,NaN
23.907056512,-0.766794415781323,-0.698653213377537,NaN
23.908056512,-0.722771715940494,-0.701011777197376,NaN
23.909056512,-0.805374737379742,-0.703481478446684,NaN
23.910056512,-0.799304474967159,-0.705177411926992,NaN
23.911056512,-0.734571601589462,-0.706128055059464,NaN
23.912056512,-0.816414321143202,-0.707508902914493,NaN
23.913056512,-0.789793934196178,-0.708340779586618,NaN
23.914056512,-0.746751456744324,-0.70890623020269,NaN
23.915056512,-0.806841410484753,-0.709555788726025,NaN
23.916056512,-0.80433752948663,-0.709754965892491,NaN
23.917056512,-0.835026770634118,-0.709989906412285,NaN
23.918056512,-0.931735356436206,-0.710235059130541,NaN
23.919056512,-0.927744467223884,-0.710382322778956,NaN
23.920056512,-0.878718329421281,-0.70986092905323,NaN
23.921056512,-0.88003466181621,-0.709424878159618,NaN
23.922056512,-0.849769742192041,-0.708661460266594,NaN
23.923056512,-0.845621240704328,-0.707820707801171,NaN
23.924056512,-0.857314753165979,-0.70710478228181,NaN
23.925056512,-0.861409439365177,-0.706248880123819,NaN
23.926056512,-0.774719070783954,-0.704988630011225,NaN
23.927056512,-0.878088631806666,-0.704012990994509,NaN
23.928056512,-0.853459502812815,-0.702536333219516,NaN
23.929056512,-0.782541574757888,-0.700645302501223,NaN
23.930056512,-0.813178750319116,-0.699098184419627,NaN
23.931056512,-0.740096055369963,-0.697712142953407,NaN
23.932056512,-0.731853189805562,-0.695844108296894,NaN
23.933056512,-0.607114913683442,-0.693823781864689,NaN
23.934056512,-0.549875767921397,-0.69183019146684,NaN
23.935056512,-0.576136265622601,-0.690086119710278,NaN
23.936056512,-0.598120001492158,-0.688420679461274,NaN
23.937056512,-0.564843620066317,-0.686774458637647,NaN
23.938056512,-0.617717050552749,-0.685530964652808,NaN
23.939056512,-0.573599257073331,-0.684264541171486,NaN
23.940056512,-0.669227821289342,-0.683707149718304,NaN
23.941056512,-0.664091763500365,-0.68277771781619,NaN
23.942056512,-0.640016858844437,-0.682104138566008,NaN
23.943056512,-0.665227831610594,-0.682132300351399,NaN
23.944056512,-0.697670443778502,-0.68251003619897,NaN
23.945056512,-0.675037530604681,-0.682867127999351,NaN
23.946056512,-0.635639338225456,-0.683500244477052,NaN
23.947056512,-0.648637257277645,-0.684097463448601,NaN
23.948056512,-0.598644151470085,-0.685195782244056,NaN
23.949056512,-0.62783780193171,-0.686684885180547,NaN
23.950056512,-0.683896839249361,-0.688988729030663,NaN
23.951056512,-0.645798973581797,-0.691302505501623,NaN
23.952056512,-0.653880931890263,-0.693737870425868,NaN
23.953056512,-0.547387788714079,-0.696376097278209,NaN
23.954056512,-0.52355222594382,-0.699551706629072,NaN
23.955056512,-0.51021112129435,-0.702949755392291,NaN
23.956056512,-0.519029412608825,-0.707211417231152,NaN
23.957056512,-0.580914482962692,-0.712310232362614,NaN
23.958056512,-0.654709988909756,-0.717729829523171,NaN
23.959056512,-0.597705998892919,-0.723274578179759,NaN
23.960056512,-0.558420624066823,-0.729270064577892,NaN
23.961056512,-0.621630754362995,-0.736146541136218,NaN
23.962056512,-0.604247055433395,-0.743507157472921,NaN
23.963056512,-0.638123045104862,-0.751563742433042,NaN
23.964056512,-0.74747085608618,-0.760532212791044,NaN
23.965056512,-0.661343820627784,-0.769400834320265,NaN
23.966056512,-0.784204373918618,-0.779559014451707,NaN
23.967056512,-0.775822342546222,-0.789877007694302,NaN
23.968056512,-0.804456206201067,-0.801109168457325,NaN
23.969056512,-0.827569171037903,-0.812712424647851,NaN
23.970056512,-0.774782989380736,-0.824932710770333,NaN
23.971056512,-0.794157324598916,-0.838009320484602,NaN
23.972056512,-0.822448805535159,-0.851792604551763,NaN
23.973056512,-0.828821956362905,-0.86604011110547,NaN
23.974056512,-0.765273946575564,-0.880667428135315,NaN
23.975056512,-0.807339164118483,-0.896401938388575,NaN
23.976056512,-0.883681443636385,-0.913167308175698,NaN
23.977056512,-0.868305889110676,-0.930014074061866,NaN
23.978056512,-0.898173076317215,-0.947914250849859,NaN
23.979056512,-0.896305178225256,-0.96622341321804,NaN
23.980056512,-0.912503594920333,-0.985332964637009,NaN
23.981056512,-0.979029572383559,-1.00522108917427,NaN
23.982056512,-0.94138430555307,-1.02559787968768,NaN
23.983056512,-1.06460904260999,-1.04732918607242,NaN
23.984056512,-1.15818962564644,-1.06970699346634,NaN
23.985056512,-1.20190550370544,-1.09267570777031,NaN
23.986056512,-1.15887190173924,-1.11605797775275,NaN
23.987056512,-1.16873460063487,-1.14030614793063,NaN
23.988056512,-1.20265340828358,-1.16556228366041,NaN
23.989056512,-1.2143832287462,-1.19142520493741,NaN
23.990056512,-1.23539510768435,-1.21817987448433,NaN
23.991056512,-1.3008393009894,-1.24568906159444,NaN
23.992056512,-1.31319549629774,-1.27363370798243,NaN
23.993056512,-1.34182484267506,-1.30246520859808,NaN
23.994056512,-1.34314879229227,-1.33184467854493,NaN
23.995056512,-1.42803027321985,-1.36235892783059,NaN
23.996056512,-1.51275764724892,-1.39360884953388,NaN
23.997056512,-1.55095230048131,-1.42530682273603,NaN
23.998056512,-1.58029979304546,-1.45762510032687,NaN
23.999056512,-1.57397131314228,-1.49043579490552,NaN
24.000056512,-1.62770713794167,-1.52418594783815,NaN
24.001056512,-1.71513584619269,-1.55862034012405,NaN
24.002056512,-1.81207104301586,-1.59370427836092,NaN
24.003056512,-1.82094919876844,-1.62917154865734,NaN
24.004056512,-1.9613654276984,-1.66602165035654,NaN
24.005056512,-1.92934661969634,-1.70257256035018,NaN
24.006056512,-1.96365425171118,-1.74017767939861,NaN
24.007056512,-1.97624108841415,-1.77783998090794,NaN
24.008056512,-1.93911280306689,-1.81610591080534,NaN
24.009056512,-1.95246506201379,-1.85552803863349,NaN
24.010056512,-2.02256790836619,-1.8952516161345,NaN
24.011056512,-2.06636395630012,-1.93583271952331,NaN
24.012056512,-2.12519107293147,-1.97673751239439,NaN
24.013056512,-2.10985556499349,-2.01799181490456,NaN
24.014056512,-2.10579280352773,-2.0594834078603,NaN
24.015056512,-2.16711226854652,-2.10193024192858,NaN
24.016056512,-2.19657023143907,-2.14452541819868,NaN
24.017056512,-2.30893145091387,-2.1879865741679,NaN
24.018056512,-2.33358302533732,-2.23137874867219,NaN
24.019056512,-2.41672581119052,-2.27555699441438,NaN
24.020056512,-2.39749986737509,-2.3192971799754,NaN
24.021056512,-2.46064366880059,-2.3639399055151,NaN
24.022056512,-2.49405391075379,-2.40890392328451,NaN
24.023056512,-2.53458258485413,-2.454267218175,NaN
24.024056512,-2.56732334019286,-2.49967704371603,NaN
24.025056512,-2.57787791956022,-2.54544365999539,NaN
24.026056512,-2.63297316200754,-2.59149186641649,NaN
24.027056512,-2.59625831234395,-2.63731868802358,NaN
24.028056512,-2.66127727075429,-2.68382123152171,NaN
24.029056512,-2.71931823544348,-2.73050289032326,NaN
24.030056512,-2.78234970655626,-2.77758876992251,NaN
24.031056512,-2.83564482187286,-2.82444269790241,NaN
24.032056512,-2.90689948140824,-2.87162660220166,NaN
24.033056512,-2.93147155239306,-2.91846429694559,NaN
24.034056512,-2.86988707825197,-2.96500595047061,NaN
24.035056512,-2.88254475462847,-3.01181696038517,NaN
24.036056512,-3.09210953406717,-3.05960750255459,NaN
24.037056512,-3.11235286258959,-3.10652834924865,NaN
24.038056512,-3.15975866085957,-3.15367590095252,NaN
24.039056512,-3.22219850204007,-3.20068120991936,NaN
24.040056512,-3.26497355216822,-3.24748376075175,NaN
24.041056512,-3.28759821421305,-3.29396021224045,NaN
24.042056512,-3.3095956810532,-3.34058254850707,NaN
24.043056512,-3.38432775286571,-3.38696817625481,NaN
24.044056512,-3.46049615206329,-3.43327980497989,NaN
24.045056512,-3.49113313440479,-3.47946513601874,NaN
24.046056512,-3.61840983071873,-3.52531873706073,NaN
24.047056512,-3.67240289704761,-3.57063920956005,NaN
24.048056512,-3.69079052659995,-3.61591999081394,NaN
24.049056512,-3.73218932424434,-3.66068182698262,NaN
24.050056512,-3.69689829451625,-3.70501876396904,NaN
24.051056512,-3.71976804726654,-3.74912560909462,NaN
24.052056512,-3.82072875543924,-3.79306218101182,NaN
24.053056512,-3.80967060166477,-3.83592600188295,NaN
24.054056512,-3.78251579464243,-3.87852558949206,NaN
24.055056512,-3.85924376234101,-3.9209500784593,NaN
24.056056512,-3.86790196377225,-3.96258442388698,NaN
24.057056512,-4.08002273277065,-4.00469492433417,NaN
24.058056512,-4.08101076359785,-4.04540957279253,NaN
24.059056512,-4.19593117790194,-4.08595574000186,NaN
24.060056512,-4.26725310151521,-4.12572718974036,NaN
24.061056512,-4.34415131257806,-4.16522147753189,NaN
24.062056512,-4.3424987852591,-4.20337487673043,NaN
24.063056512,-4.35873341006117,-4.24133477240858,NaN
24.064056512,-4.37894071000408,-4.27864237982334,NaN
24.065056512,-4.46543369182767,-4.31554204851818,NaN
24.066056512,-4.50423333028222,-4.35168671282486,NaN
24.067056512,-4.52354112129873,-4.38656255943837,NaN
24.068056512,-4.48677278539384,-4.42123593846956,NaN
24.069056512,-4.56176005825558,-4.45519710454491,NaN
24.070056512,-4.54616473315498,-4.48815575914343,NaN
24.071056512,-4.56159393976753,-4.52064466142421,NaN
24.072056512,-4.5608254704727,-4.55215010335932,NaN
24.073056512,-4.58765589549988,-4.58283911102979,NaN
24.074056512,-4.55149848174842,-4.61258005205497,NaN
24.075056512,-4.61684607465665,-4.6418880870738,NaN
24.076056512,-4.67948448996163,-4.67033005607482,NaN
24.077056512,-4.66376221141383,-4.69800105039832,NaN
24.078056512,-4.75040929974732,-4.72473077189369,NaN
24.079056512,-4.75182738342937,-4.75073125787864,NaN
24.080056512,-4.72929741259252,-4.7756367934528,NaN
24.081056512,-4.79498881141773,-4.80010960435034,NaN
24.082056512,-4.82281950136588,-4.82377661140685,NaN
24.083056512,-4.84293146523035,-4.84640668614223,NaN
24.084056512,-4.9268424231148,-4.8684035085077,NaN
24.085056512,-4.95635441203476,-4.88944550267557,NaN
24.086056512,-4.93915396262924,-4.90964373767669,NaN
24.087056512,-4.97621386180983,-4.92922140227815,NaN
24.088056512,-4.96195518922792,-4.94785089741265,NaN
24.089056512,-5.02277038429568,-4.96559094079325,NaN
24.090056512,-4.96584798391946,-4.98218481665043,NaN
24.091056512,-4.97405060983694,-4.99815389723354,NaN
24.092056512,-5.03002182205134,-5.01351231857913,NaN
24.093056512,-4.91597096474357,-5.02762296445605,NaN
24.094056512,-4.82124664147822,-5.04076616089155,NaN
24.095056512,-4.89914050679616,-5.05358474041201,NaN
24.096056512,-4.9303663371515,-5.0656171619492,NaN
24.097056512,-4.99398283137318,-5.07714933290474,NaN
24.098056512,-5.00873037885699,-5.08750770578514,NaN
24.099056512,-5.02090706351985,-5.09712405989405,NaN
24.100056512,-4.99353306746814,-5.10592837925694,NaN
24.101056512,-5.03728870362032,-5.11393375833526,NaN
24.102056512,-5.02249891361285,-5.1214236323062,NaN
24.103056512,-5.04275696933444,-5.12805039811836,NaN
24.104056512,-5.09167883883455,-5.13458212145471,NaN
24.105056512,-5.10932650263474,-5.14004379196499,NaN
24.106056512,-5.06877364468088,-5.14479381658899,NaN
24.107056512,-4.98846343186785,-5.14870996879483,NaN
24.108056512,-5.0360415559219,-5.15233164075389,NaN
24.109056512,-5.07347334299063,-5.15558327534557,NaN
24.110056512,-5.06170378491134,-5.15750034978436,NaN
24.111056512,-5.03802940162242,-5.15908605531613,NaN
24.112056512,-5.07192064698438,-5.16021756648858,NaN
24.113056512,-4.96791147169618,-5.16057982125245,NaN
24.114056512,-4.94436742105948,-5.16057717498918,NaN
24.115056512,-4.90862956368645,-5.15988848527479,NaN
24.116056512,-4.99318865023523,-5.15907456431632,NaN
24.117056512,-4.95876429427348,-5.15777474198165,NaN
24.118056512,-5.05778805311139,-5.15599073626705,NaN
24.119056512,-4.97605051846876,-5.15341008880096,NaN
24.120056512,-5.00645079168546,-5.15076731433674,NaN
24.121056512,-5.04654832392277,-5.14771081878166,NaN
24.122056512,-5.10879987737626,-5.14457163022478,NaN
24.123056512,-5.21234076056167,-5.14116976060168,NaN
24.124056512,-5.20696187839201,-5.13735957502176,NaN
24.125056512,-5.19535382663334,-5.13314485509782,NaN
24.126056512,-5.24934713598754,-5.12891858807576,NaN
24.127056512,-5.29236884413808,-5.12460887231188,NaN
24.128056512,-5.17695222880771,-5.11914856915901,NaN
24.129056512,-5.18844011185803,-5.11418899527476,NaN
24.130056512,-5.16639638422999,-5.10885877456221,NaN
24.131056512,-5.18601883720328,-5.10389754175593,NaN
24.132056512,-5.10051609724239,-5.09832788450522,NaN
24.133056512,-5.05272812653196,-5.09265661309448,NaN
24.134056512,-5.02659371787583,-5.08717518398124,NaN
24.135056512,-5.01776498589409,-5.08159031938787,NaN
24.136056512,-5.04558056877267,-5.07592586164181,NaN
24.137056512,-5.08657916676581,-5.0705904893985,NaN
24.138056512,-5.12252365569163,-5.0651360177143,NaN
24.139056512,-5.08946662702947,-5.05962960287001,NaN
24.140056512,-5.06193471571265,-5.05400287788082,NaN
24.141056512,-5.10710247256359,-5.0488979066462,NaN
24.142056512,-5.09304623889342,-5.04368165384155,NaN
24.143056512,-5.19966939460284,-5.03886607691098,NaN
24.144056512,-5.24108909991967,-5.03383100906594,NaN
24.145056512,-5.23996704488163,-5.02921222167984,NaN
24.146056512,-5.21763573410417,-5.02465839911088,NaN
24.147056512,-5.0962859229836,-5.01981569147237,NaN
24.148056512,-5.06859248950067,-5.01561534282514,NaN
24.149056512,-5.06011421725277,-5.0110761590446,NaN
24.150056512,-5.0449135032529,-5.0077372622935,NaN
24.151056512,-5.1128396039986,-5.00465166244694,NaN
24.152056512,-5.08502473771862,-5.00180579780882,NaN
24.153056512,-5.0039912433773,-4.99860242070826,NaN
24.154056512,-5.01960935117642,-4.99580622898211,NaN
24.155056512,-5.0122219662862,-4.99341369699246,NaN
24.156056512,-5.03977367728024,-4.99187165973088,NaN
24.157056512,-5.01148128543681,-4.99057910362011,NaN
24.158056512,-5.08648855262112,-4.98977142767963,NaN
24.159056512,-5.04121100311703,-4.98879694985648,NaN
24.160056512,-5.03294580728881,-4.98796090653241,NaN
24.161056512,-5.1029205983578,-4.98838492915241,NaN
24.162056512,-5.02645472556817,-4.9883867296241,NaN
24.163056512,-5.07958982950172,-4.98934310185281,NaN
24.164056512,-5.10472785002549,-4.99052029597191,NaN
24.165056512,-5.11802065189696,-4.99214825740514,NaN
24.166056512,-5.07874101060351,-4.99374312918811,NaN
24.167056512,-5.03573156069998,-4.99576202992279,NaN
24.168056512,-5.11921931866231,-4.99888999170497,NaN
24.169056512,-5.12175148746263,-5.00196576294053,NaN
24.170056512,-5.0698672178419,-5.00559034553406,NaN
24.171056512,-5.15073537482273,-5.00969913530451,NaN
24.172056512,-5.09844253878271,-5.01349043758282,NaN
24.173056512,-5.03593616468543,-5.01776426610254,NaN
24.174056512,-5.05557628157994,-5.02292298150319,NaN
24.175056512,-5.07753777218132,-5.02854940594929,NaN
24.176056512,-5.09440256082058,-5.03435553630047,NaN
24.177056512,-5.14453052099499,-5.04064025715746,NaN
24.178056512,-5.04083742612388,-5.0465172912821,NaN
24.179056512,-5.14135718580652,-5.05367753912487,NaN
24.180056512,-5.14173942082024,-5.06059473254588,NaN
24.181056512,-5.1588567167426,-5.06814076754738,NaN
24.182056512,-5.12300592214544,-5.07573582045263,NaN
24.183056512,-5.19959536310396,-5.08403170523424,NaN
24.184056512,-5.27072253947562,-5.0924632907339,NaN
24.185056512,-5.24889139211108,-5.1009823970515,NaN
24.186056512,-5.18384895188733,-5.10952297711356,NaN
24.187056512,-5.20426266114265,-5.11867683606811,NaN
24.188056512,-5.14048172998501,-5.12769585596018,NaN
24.189056512,-5.09443865030683,-5.13705814989506,NaN
24.190056512,-5.1658604935425,-5.14689086211091,NaN
24.191056512,-5.11021823647215,-5.1565157998512,NaN
24.192056512,-5.12761904718231,-5.1664971082526,NaN
24.193056512,-5.17667823307065,-5.17672089386846,NaN
24.194056512,-5.12428949885498,-5.18674616873913,NaN
24.195056512,-5.13451548547195,-5.19694846666576,NaN
24.196056512,-5.10957107502806,-5.20720432823979,NaN
24.197056512,-5.19369133497087,-5.21794143335023,NaN
24.198056512,-5.18500521623411,-5.22839797375744,NaN
24.199056512,-5.21381979392679,-5.23888883732836,NaN
24.200056512,-5.24008551518,-5.24928250393736,NaN
