idx_id_wdw_csv,idx_interp_spl_csv,K_med_err_csv
100,200,0.2599402
103,200,0.3424712
106,200,0.3565598
109,200,0.3910532
112,200,0.3829878
115,200,0.3504069
118,200,0.3102928
121,200,0.2718889
124,200,0.2725356
127,200,0.304211
130,200,0.2843317
133,200,0.2949442
136,200,0.2993217
139,200,0.2764126
142,200,0.2454153
145,200,0.2304317
148,200,0.2524102
151,200,0.2553411
154,200,0.250609
157,200,0.2382395
160,200,0.2350514
163,200,0.2268325
166,200,0.2368656
169,200,0.2200761
172,200,0.2218317
175,200,0.2097274
178,200,0.2249744
181,200,0.2261357
184,200,0.2312341
187,200,0.2278975
190,200,0.2260301
193,200,0.2215692
196,200,0.2248837
199,200,0.2185997
202,200,0.2185308
205,200,0.2185308
208,200,0.2185308
211,200,0.2185308
214,200,0.2185308
217,200,0.2185308
220,200,0.2185308
223,200,0.2185308
226,200,0.2185308
229,200,0.2185308
232,200,0.2185308
235,200,0.2185308
238,200,0.2185308
241,200,0.2185308
244,200,0.2185308
247,200,0.2185308
250,200,0.2185308
253,200,0.2185308
256,200,0.2185308
259,200,0.2185308
262,200,0.2185308
265,200,0.2185308
268,200,0.2185308
271,200,0.2185308
274,200,0.2185308
277,200,0.2185308
280,200,0.2185308
283,200,0.2185308
286,200,0.2185308
289,200,0.2185308
292,200,0.2185308
295,200,0.2185308
298,200,0.2185308
100,203,0.333792
103,203,0.3396636
106,203,0.3413156
109,203,0.3232549
112,203,0.2879977
115,203,0.2667017
118,203,0.2748724
121,203,0.2836051
124,203,0.310439
127,203,0.2715977
130,203,0.2410495
133,203,0.2806125
136,203,0.2402315
139,203,0.2004505
142,203,0.2083852
145,203,0.1956541
148,203,0.215442
151,203,0.2005826
154,203,0.1964896
157,203,0.1943468
160,203,0.1989819
163,203,0.2067266
166,203,0.1953839
169,203,0.2037378
172,203,0.205266
175,203,0.1862365
178,203,0.2085769
181,203,0.1789813
184,203,0.1811829
187,203,0.2042353
190,203,0.2030823
193,203,0.2030441
196,203,0.2058973
199,203,0.2036734
202,203,0.2034921
205,203,0.2031276
208,203,0.2031276
211,203,0.2031276
214,203,0.2031276
217,203,0.2031276
220,203,0.2031276
223,203,0.2031276
226,203,0.2031276
229,203,0.2031276
232,203,0.2031276
235,203,0.2031276
238,203,0.2031276
241,203,0.2031276
244,203,0.2031276
247,203,0.2031276
250,203,0.2031276
253,203,0.2031276
256,203,0.2031276
259,203,0.2031276
262,203,0.2031276
265,203,0.2031276
268,203,0.2031276
271,203,0.2031276
274,203,0.2031276
277,203,0.2031276
280,203,0.2031276
283,203,0.2031276
286,203,0.2031276
289,203,0.2031276
292,203,0.2031276
295,203,0.2031276
298,203,0.2031276
100,206,0.1860417
103,206,0.2922467
106,206,0.2497677
109,206,0.3149955
112,206,0.2876201
115,206,0.242281
118,206,0.2327411
121,206,0.2665772
124,206,0.2273294
127,206,0.2154265
130,206,0.1949452
133,206,0.2240101
136,206,0.2266301
139,206,0.2132642
142,206,0.1696321
145,206,0.1450185
148,206,0.1406854
151,206,0.1963514
154,206,0.1693214
157,206,0.1450821
160,206,0.1705888
163,206,0.1655985
166,206,0.1522374
169,206,0.1587959
172,206,0.1660671
175,206,0.1311405
178,206,0.1430319
181,206,0.1371496
184,206,0.1475376
187,206,0.145313
190,206,0.1496604
193,206,0.1421933
196,206,0.1543999
199,206,0.1269952
202,206,0.1380487
205,206,0.117745
208,206,0.1176165
211,206,0.1176165
214,206,0.1176165
217,206,0.1176165
220,206,0.1176165
223,206,0.1176165
226,206,0.1176165
229,206,0.1176165
232,206,0.1176165
235,206,0.1176165
238,206,0.1176165
241,206,0.1176165
244,206,0.1176165
247,206,0.1176165
250,206,0.1176165
253,206,0.1176165
256,206,0.1176165
259,206,0.1176165
262,206,0.1176165
265,206,0.1176165
268,206,0.1176165
271,206,0.1176165
274,206,0.1176165
277,206,0.1176165
280,206,0.1176165
283,206,0.1176165
286,206,0.1176165
289,206,0.1176165
292,206,0.1176165
295,206,0.1176165
298,206,0.1176165
100,209,0.2422344
103,209,0.2212794
106,209,0.2513603
109,209,0.2453513
112,209,0.2040703
115,209,0.1897391
118,209,0.1970704
121,209,0.1760361
124,209,0.1547741
127,209,0.1371107
130,209,0.1318174
133,209,0.1519514
136,209,0.1516096
139,209,0.1287542
142,209,0.1030822
145,209,0.08145872
148,209,0.1004426
151,209,0.1036475
154,209,0.1051794
157,209,0.1259956
160,209,0.1263531
163,209,0.1098412
166,209,0.09427349
169,209,0.09663184
172,209,0.09514629
175,209,0.09581757
178,209,0.1037472
181,209,0.06888275
184,209,0.07964445
187,209,0.06862499
190,209,0.09708459
193,209,0.09485615
196,209,0.1036591
199,209,0.1497449
202,209,0.14872
205,209,0.1141875
208,209,0.1094567
211,209,0.1081432
214,209,0.1081432
217,209,0.1081432
220,209,0.1081432
223,209,0.1081432
226,209,0.1081432
229,209,0.1081432
232,209,0.1081432
235,209,0.1081432
238,209,0.1081432
241,209,0.1081432
244,209,0.1081432
247,209,0.1081432
250,209,0.1081432
253,209,0.1081432
256,209,0.1081432
259,209,0.1081432
262,209,0.1081432
265,209,0.1081432
268,209,0.1081432
271,209,0.1081432
274,209,0.1081432
277,209,0.1081432
280,209,0.1081432
283,209,0.1081432
286,209,0.1081432
289,209,0.1081432
292,209,0.1081432
295,209,0.1081432
298,209,0.1081432
100,212,0.1904381
103,212,0.2156747
106,212,0.187015
109,212,0.2086328
112,212,0.1832813
115,212,0.1535683
118,212,0.137374
121,212,0.1383726
124,212,0.1263273
127,212,0.1225355
130,212,0.1131363
133,212,0.1186104
136,212,0.1008803
139,212,0.07363543
142,212,0.05466112
145,212,0.03099333
148,212,0.03520508
151,212,0.06911894
154,212,0.05907211
157,212,0.07259881
160,212,0.07438038
163,212,0.04607522
166,212,0.07760718
169,212,0.0854321
172,212,0.08624366
175,212,0.06799872
178,212,0.0790657
181,212,0.05374494
184,212,0.05448608
187,212,0.04891096
190,212,0.05934514
193,212,0.04320068
196,212,0.08643854
199,212,0.1146524
202,212,0.1151919
205,212,0.1136147
208,212,0.1116284
211,212,0.1082174
214,212,0.1043785
217,212,0.1043785
220,212,0.1043785
223,212,0.1043785
226,212,0.1043785
229,212,0.1043785
232,212,0.1043785
235,212,0.1043785
238,212,0.1043785
241,212,0.1043785
244,212,0.1043785
247,212,0.1043785
250,212,0.1043785
253,212,0.1043785
256,212,0.1043785
259,212,0.1043785
262,212,0.1043785
265,212,0.1043785
268,212,0.1043785
271,212,0.1043785
274,212,0.1043785
277,212,0.1043785
280,212,0.1043785
283,212,0.1043785
286,212,0.1043785
289,212,0.1043785
292,212,0.1043785
295,212,0.1043785
298,212,0.1043785
100,215,0.1040091
103,215,0.262562
106,215,0.2194663
109,215,0.2596079
112,215,0.2877292
115,215,0.1982761
118,215,0.1598601
121,215,0.1731781
124,215,0.1393435
127,215,0.1380747
130,215,0.1232257
133,215,0.1354852
136,215,0.1484352
139,215,0.08320814
142,215,0.08176444
145,215,0.04367294
148,215,0.08085185
151,215,0.1453169
154,215,0.1223336
157,215,0.09981984
160,215,0.1097983
163,215,0.1451482
166,215,0.1491887
169,215,0.1398967
172,215,0.1486009
175,215,0.1330863
178,215,0.1679462
181,215,0.1517332
184,215,0.1361867
187,215,0.1338151
190,215,0.1258234
193,215,0.1495732
196,215,0.1496076
199,215,0.1752313
202,215,0.1729222
205,215,0.1729331
208,215,0.1466412
211,215,0.1375836
214,215,0.1361355
217,215,0.1360736
220,215,0.1360736
223,215,0.1360736
226,215,0.1360736
229,215,0.1360736
232,215,0.1360736
235,215,0.1360736
238,215,0.1360736
241,215,0.1360736
244,215,0.1360736
247,215,0.1360736
250,215,0.1360736
253,215,0.1360736
256,215,0.1360736
259,215,0.1360736
262,215,0.1360736
265,215,0.1360736
268,215,0.1360736
271,215,0.1360736
274,215,0.1360736
277,215,0.1360736
280,215,0.1360736
283,215,0.1360736
286,215,0.1360736
289,215,0.1360736
292,215,0.1360736
295,215,0.1360736
298,215,0.1360736
100,218,0.1104839
103,218,0.2779702
106,218,0.2816871
109,218,0.2641936
112,218,0.257984
115,218,0.1960718
118,218,0.1582
121,218,0.1573087
124,218,0.0935258
127,218,0.1120176
130,218,0.1181467
133,218,0.1321297
136,218,0.1034225
139,218,0.08844735
142,218,0.09964371
145,218,0.08689521
148,218,0.1077509
151,218,0.1082663
154,218,0.1011439
157,218,0.1104938
160,218,0.1258458
163,218,0.1199677
166,218,0.1264371
169,218,0.1179216
172,218,0.09979945
175,218,0.08337522
178,218,0.09980316
181,218,0.1010692
184,218,0.1072059
187,218,0.1117141
190,218,0.1165436
193,218,0.105634
196,218,0.1004123
199,218,0.1335987
202,218,0.133814
205,218,0.1594887
208,218,0.1548606
211,218,0.1482484
214,218,0.1197831
217,218,0.1198455
220,218,0.1197231
223,218,0.1197231
226,218,0.1197231
229,218,0.1197231
232,218,0.1197231
235,218,0.1197231
238,218,0.1197231
241,218,0.1197231
244,218,0.1197231
247,218,0.1197231
250,218,0.1197231
253,218,0.1197231
256,218,0.1197231
259,218,0.1197231
262,218,0.1197231
265,218,0.1197231
268,218,0.1197231
271,218,0.1197231
274,218,0.1197231
277,218,0.1197231
280,218,0.1197231
283,218,0.1197231
286,218,0.1197231
289,218,0.1197231
292,218,0.1197231
295,218,0.1197231
298,218,0.1197231
100,221,0.06983795
103,221,0.2215621
106,221,0.2240099
109,221,0.1946431
112,221,0.2248498
115,221,0.1822425
118,221,0.1231822
121,221,0.1289671
124,221,0.08932724
127,221,0.08729139
130,221,0.1291094
133,221,0.1581346
136,221,0.09846006
139,221,0.0933864
142,221,0.03085872
145,221,0.02246562
148,221,0.04642737
151,221,0.0864648
154,221,0.07930276
157,221,0.06871577
160,221,0.1265244
163,221,0.04524874
166,221,0.06657595
169,221,0.06514315
172,221,0.07010585
175,221,0.07499739
178,221,0.08931318
181,221,0.04288973
184,221,0.08866141
187,221,0.04051045
190,221,0.02945524
193,221,0.01247973
196,221,0.01069587
199,221,0.1235869
202,221,0.1321871
205,221,0.1116067
208,221,0.1345088
211,221,0.1479776
214,221,0.1385612
217,221,0.1336712
220,221,0.1008304
223,221,0.1006598
226,221,0.1006598
229,221,0.1006598
232,221,0.1006598
235,221,0.1006598
238,221,0.1006598
241,221,0.1006598
244,221,0.1006598
247,221,0.1006598
250,221,0.1006598
253,221,0.1006598
256,221,0.1006598
259,221,0.1006598
262,221,0.1006598
265,221,0.1006598
268,221,0.1006598
271,221,0.1006598
274,221,0.1006598
277,221,0.1006598
280,221,0.1006598
283,221,0.1006598
286,221,0.1006598
289,221,0.1006598
292,221,0.1006598
295,221,0.1006598
298,221,0.1006598
100,224,0.02503706
103,224,0.1058888
106,224,0.0924141
109,224,0.1580778
112,224,0.1034599
115,224,0.03965825
118,224,0.03436955
121,224,0.03324552
124,224,0.07851486
127,224,0.05247203
130,224,0.07142933
133,224,0.06784984
136,224,0.05739114
139,224,0.004678563
142,224,0.04337976
145,224,0.05010986
148,224,0.04802192
151,224,0.005178942
154,224,0.00276522
157,224,0.02417766
160,224,0.04997439
163,224,0.0333943
166,224,0.01488113
169,224,0.00599823
172,224,0.02492807
175,224,0.02993251
178,224,0.03223376
181,224,0.02753961
184,224,0.02643008
187,224,0.02863061
190,224,0.0329131
193,224,0.03743068
196,224,0.03532748
199,224,0.01483383
202,224,0.01481988
205,224,0.0110648
208,224,0.03860506
211,224,0.04198303
214,224,0.07151653
217,224,0.04399054
220,224,0.04182162
223,224,0.02332458
226,224,0.01608854
229,224,0.01608854
232,224,0.01608854
235,224,0.01608854
238,224,0.01608854
241,224,0.01608854
244,224,0.01608854
247,224,0.01608854
250,224,0.01608854
253,224,0.01608854
256,224,0.01608854
259,224,0.01608854
262,224,0.01608854
265,224,0.01608854
268,224,0.01608854
271,224,0.01608854
274,224,0.01608854
277,224,0.01608854
280,224,0.01608854
283,224,0.01608854
286,224,0.01608854
289,224,0.01608854
292,224,0.01608854
295,224,0.01608854
298,224,0.01608854
100,227,0.003646524
103,227,0.03455331
106,227,0.04126489
109,227,0.06398076
112,227,0.07781677
115,227,0.01570162
118,227,0.01827992
121,227,0.04787543
124,227,0.03154765
127,227,0.007585798
130,227,0.008179801
133,227,0.009795053
136,227,0.0275092
139,227,0.07204045
142,227,0.08257315
145,227,0.1106832
148,227,0.09806617
151,227,0.0440482
154,227,0.055587
157,227,0.03602894
160,227,0.04909744
163,227,0.0565021
166,227,0.06274044
169,227,0.0846756
172,227,0.07486921
175,227,0.09066287
178,227,0.08196814
181,227,0.07697155
184,227,0.07600643
187,227,0.04666214
190,227,0.06708298
193,227,0.07205102
196,227,0.07253505
199,227,0.03746687
202,227,0.03680267
205,227,0.03283931
208,227,0.02013201
211,227,0.03487255
214,227,0.05395704
217,227,0.02625362
220,227,0.02400524
223,227,0.01932635
226,227,0.01582707
229,227,0.01547721
232,227,0.01547721
235,227,0.01547721
238,227,0.01547721
241,227,0.01547721
244,227,0.01547721
247,227,0.01547721
250,227,0.01547721
253,227,0.01547721
256,227,0.01547721
259,227,0.01547721
262,227,0.01547721
265,227,0.01547721
268,227,0.01547721
271,227,0.01547721
274,227,0.01547721
277,227,0.01547721
280,227,0.01547721
283,227,0.01547721
286,227,0.01547721
289,227,0.01547721
292,227,0.01547721
295,227,0.01547721
298,227,0.01547721
100,230,0.01350621
103,230,0.02321581
106,230,0.0519807
109,230,0.06380419
112,230,0.03232672
115,230,0.03767744
118,230,0.07539945
121,230,0.04467283
124,230,0.0454943
127,230,0.03495952
130,230,0.05005253
133,230,0.0556985
136,230,0.09755903
139,230,0.08542655
142,230,0.07763094
145,230,0.1058261
148,230,0.06747415
151,230,0.05510058
154,230,0.1025439
157,230,0.06648777
160,230,0.06160921
163,230,0.06755415
166,230,0.04276363
169,230,0.07693776
172,230,0.09370858
175,230,0.07229429
178,230,0.06892711
181,230,0.1091704
184,230,0.09366608
187,230,0.09239774
190,230,0.08154897
193,230,0.07469276
196,230,0.07412458
199,230,0.01220681
202,230,0.05714079
205,230,0.04248134
208,230,0.01176714
211,230,0.03947645
214,230,0.07307924
217,230,0.03651385
220,230,0.04087437
223,230,0.05951854
226,230,0.002778081
229,230,0.0007947649
232,230,0.0008674621
235,230,0.0008674621
238,230,0.0008674621
241,230,0.0008674621
244,230,0.0008674621
247,230,0.0008674621
250,230,0.0008674621
253,230,0.0008674621
256,230,0.0008674621
259,230,0.0008674621
262,230,0.0008674621
265,230,0.0008674621
268,230,0.0008674621
271,230,0.0008674621
274,230,0.0008674621
277,230,0.0008674621
280,230,0.0008674621
283,230,0.0008674621
286,230,0.0008674621
289,230,0.0008674621
292,230,0.0008674621
295,230,0.0008674621
298,230,0.0008674621
100,233,0.07574234
103,233,0.04317987
106,233,0.00346102
109,233,0.04290771
112,233,0.03230591
115,233,0.01067843
118,233,0.03744801
121,233,0.08558579
124,233,0.09323186
127,233,0.0866527
130,233,0.0941427
133,233,0.099337
136,233,0.1147432
139,233,0.1259542
142,233,0.1232913
145,233,0.1234438
148,233,0.1394935
151,233,0.09985106
154,233,0.1005469
157,233,0.09931668
160,233,0.09266859
163,233,0.09198783
166,233,0.06513694
169,233,0.1026724
172,233,0.1328766
175,233,0.1320786
178,233,0.1057726
181,233,0.1218768
184,233,0.1305461
187,233,0.09670039
190,233,0.09717266
193,233,0.1024355
196,233,0.08087082
199,233,0.06207232
202,233,0.05184675
205,233,0.05381916
208,233,0.04209867
211,233,0.03900702
214,233,0.04682399
217,233,0.05025471
220,233,0.05180032
223,233,0.04201791
226,233,0.0427536
229,233,0.06149673
232,233,0.08164368
235,233,0.08607516
238,233,0.08607516
241,233,0.08607516
244,233,0.08607516
247,233,0.08607516
250,233,0.08607516
253,233,0.08607516
256,233,0.08607516
259,233,0.08607516
262,233,0.08607516
265,233,0.08607516
268,233,0.08607516
271,233,0.08607516
274,233,0.08607516
277,233,0.08607516
280,233,0.08607516
283,233,0.08607516
286,233,0.08607516
289,233,0.08607516
292,233,0.08607516
295,233,0.08607516
298,233,0.08607516
100,236,0.04770148
103,236,0.0343095
106,236,0.00921075
109,236,0.009329006
112,236,0.02675247
115,236,0.02667171
118,236,0.08432791
121,236,0.1137087
124,236,0.09781636
127,236,0.1029445
130,236,0.112127
133,236,0.119382
136,236,0.1498609
139,236,0.1522281
142,236,0.1325494
145,236,0.1183325
148,236,0.1468572
151,236,0.1237558
154,236,0.137635
157,236,0.1369421
160,236,0.1207084
163,236,0.1076412
166,236,0.09035791
169,236,0.1165395
172,236,0.1384077
175,236,0.1500736
178,236,0.1209667
181,236,0.1195217
184,236,0.1323942
187,236,0.1301183
190,236,0.133782
193,236,0.1503735
196,236,0.1348354
199,236,0.09689064
202,236,0.08316226
205,236,0.110997
208,236,0.1004312
211,236,0.07255151
214,236,0.0708895
217,236,0.121144
220,236,0.08787657
223,236,0.08812866
226,236,0.08817308
229,236,0.09446062
232,236,0.1046591
235,236,0.1068026
238,236,0.117121
241,236,0.117121
244,236,0.117121
247,236,0.117121
250,236,0.117121
253,236,0.117121
256,236,0.117121
259,236,0.117121
262,236,0.117121
265,236,0.117121
268,236,0.117121
271,236,0.117121
274,236,0.117121
277,236,0.117121
280,236,0.117121
283,236,0.117121
286,236,0.117121
289,236,0.117121
292,236,0.117121
295,236,0.117121
298,236,0.117121
100,239,0.08852533
103,239,0.03545162
106,239,0.005628749
109,239,0.0180736
112,239,0.02875421
115,239,0.01973583
118,239,0.1047491
121,239,0.1050556
124,239,0.07458605
127,239,0.1099162
130,239,0.106645
133,239,0.09125639
136,239,0.1045319
139,239,0.09097824
142,239,0.1308515
145,239,0.1345876
148,239,0.1394038
151,239,0.1306404
154,239,0.1419951
157,239,0.1431044
160,239,0.1034276
163,239,0.099023
166,239,0.08432356
169,239,0.1124938
172,239,0.111975
175,239,0.1324579
178,239,0.1327266
181,239,0.129087
184,239,0.1407961
187,239,0.1402748
190,239,0.1536783
193,239,0.1618837
196,239,0.1311454
199,239,0.09980251
202,239,0.103263
205,239,0.09577501
208,239,0.1070039
211,239,0.09241764
214,239,0.09209894
217,239,0.1070321
220,239,0.09293012
223,239,0.09008936
226,239,0.08979672
229,239,0.09361327
232,239,0.09074996
235,239,0.09515315
238,239,0.09564198
241,239,0.09630274
244,239,0.09630274
247,239,0.09630274
250,239,0.09630274
253,239,0.09630274
256,239,0.09630274
259,239,0.09630274
262,239,0.09630274
265,239,0.09630274
268,239,0.09630274
271,239,0.09630274
274,239,0.09630274
277,239,0.09630274
280,239,0.09630274
283,239,0.09630274
286,239,0.09630274
289,239,0.09630274
292,239,0.09630274
295,239,0.09630274
298,239,0.09630274
100,242,0.09364847
103,242,0.05921119
106,242,0.07386137
109,242,0.0214823
112,242,0.04190957
115,242,0.04061323
118,242,0.09561179
121,242,0.1437242
124,242,0.116361
127,242,0.09405098
130,242,0.09962442
133,242,0.09679462
136,242,0.1099783
139,242,0.1399002
142,242,0.1296489
145,242,0.1507448
148,242,0.1326018
151,242,0.09127878
154,242,0.1112494
157,242,0.1142374
160,242,0.09826311
163,242,0.1202951
166,242,0.09640764
169,242,0.1223749
172,242,0.1562421
175,242,0.1404332
178,242,0.1614095
181,242,0.1545535
184,242,0.1492275
187,242,0.1415757
190,242,0.1582483
193,242,0.1683218
196,242,0.1149764
199,242,0.06078884
202,242,0.09189426
205,242,0.09073552
208,242,0.09425441
211,242,0.07675084
214,242,0.05611376
217,242,0.1041439
220,242,0.06640483
223,242,0.09048021
226,242,0.05261786
229,242,0.07740511
232,242,0.06654391
235,242,0.07968848
238,242,0.07814985
241,242,0.08199703
244,242,0.08682343
247,242,0.08682343
250,242,0.08682343
253,242,0.08682343
256,242,0.08682343
259,242,0.08682343
262,242,0.08682343
265,242,0.08682343
268,242,0.08682343
271,242,0.08682343
274,242,0.08682343
277,242,0.08682343
280,242,0.08682343
283,242,0.08682343
286,242,0.08682343
289,242,0.08682343
292,242,0.08682343
295,242,0.08682343
298,242,0.08682343
100,245,0.09990016
103,245,0.02186497
106,245,0.03278133
109,245,0.03442198
112,245,0.06865812
115,245,0.01156638
118,245,0.07121811
121,245,0.08289523
124,245,0.06591884
127,245,0.08188226
130,245,0.08828681
133,245,0.08175125
136,245,0.1084887
139,245,0.1115583
142,245,0.1479434
145,245,0.1571253
148,245,0.1351653
151,245,0.1162814
154,245,0.1369414
157,245,0.1785111
160,245,0.0949622
163,245,0.1174987
166,245,0.1261574
169,245,0.1426207
172,245,0.1407418
175,245,0.1470705
178,245,0.1549343
181,245,0.1590043
184,245,0.1558878
187,245,0.15266
190,245,0.1663702
193,245,0.1562788
196,245,0.1404122
199,245,0.1130018
202,245,0.1110734
205,245,0.1226959
208,245,0.1403107
211,245,0.08349282
214,245,0.08103202
217,245,0.1277737
220,245,0.07612577
223,245,0.06766739
226,245,0.06121325
229,245,0.05484881
232,245,0.06508484
235,245,0.0700289
238,245,0.07070029
241,245,0.07253102
244,245,0.07236492
247,245,0.0729393
250,245,0.0729393
253,245,0.0729393
256,245,0.0729393
259,245,0.0729393
262,245,0.0729393
265,245,0.0729393
268,245,0.0729393
271,245,0.0729393
274,245,0.0729393
277,245,0.0729393
280,245,0.0729393
283,245,0.0729393
286,245,0.0729393
289,245,0.0729393
292,245,0.0729393
295,245,0.0729393
298,245,0.0729393
100,248,0.08576518
103,248,0.01792788
106,248,0.03753858
109,248,0.02345897
112,248,0.05461589
115,248,0.0579495
118,248,0.09793162
121,248,0.05874427
124,248,0.07783116
127,248,0.08405707
130,248,0.1075745
133,248,0.06305106
136,248,0.0800596
139,248,0.06990193
142,248,0.1078863
145,248,0.1360074
148,248,0.1094355
151,248,0.1050056
154,248,0.08542372
157,248,0.09813123
160,248,0.09749413
163,248,0.1108896
166,248,0.09901423
169,248,0.09864731
172,248,0.113779
175,248,0.1131311
178,248,0.1253385
181,248,0.1349984
184,248,0.1414072
187,248,0.1369406
190,248,0.1445745
193,248,0.115313
196,248,0.08928669
199,248,0.07967693
202,248,0.08000957
205,248,0.09280264
208,248,0.1045713
211,248,0.09187126
214,248,0.06744112
217,248,0.08835602
220,248,0.07299347
223,248,0.0669972
226,248,0.04755652
229,248,0.04435828
232,248,0.06847817
235,248,0.06832123
238,248,0.07177255
241,248,0.07190443
244,248,0.07087468
247,248,0.07127195
250,248,0.07188514
253,248,0.07188514
256,248,0.07188514
259,248,0.07188514
262,248,0.07188514
265,248,0.07188514
268,248,0.07188514
271,248,0.07188514
274,248,0.07188514
277,248,0.07188514
280,248,0.07188514
283,248,0.07188514
286,248,0.07188514
289,248,0.07188514
292,248,0.07188514
295,248,0.07188514
298,248,0.07188514
100,251,0.06627012
103,251,0.01848918
106,251,0.02438671
109,251,0.01030393
112,251,0.03882686
115,251,0.05697752
118,251,0.08660453
121,251,0.07415576
124,251,0.08276356
127,251,0.1085855
130,251,0.1014696
133,251,0.07637841
136,251,0.1106516
139,251,0.1320593
142,251,0.1489985
145,251,0.1615709
148,251,0.1460406
151,251,0.1341167
154,251,0.1196793
157,251,0.1164666
160,251,0.1206243
163,251,0.1336177
166,251,0.1157295
169,251,0.1252617
172,251,0.14937
175,251,0.142792
178,251,0.1500804
181,251,0.1358395
184,251,0.1327988
187,251,0.1377858
190,251,0.1502234
193,251,0.1584182
196,251,0.1533101
199,251,0.1272845
202,251,0.1216646
205,251,0.1225187
208,251,0.1241191
211,251,0.1114482
214,251,0.1105989
217,251,0.1135679
220,251,0.1041798
223,251,0.09517507
226,251,0.08927732
229,251,0.08673592
232,251,0.08463299
235,251,0.09854551
238,251,0.09702988
241,251,0.08033011
244,251,0.08065099
247,251,0.08915155
250,251,0.09323665
253,251,0.09404314
256,251,0.09404314
259,251,0.09404314
262,251,0.09404314
265,251,0.09404314
268,251,0.09404314
271,251,0.09404314
274,251,0.09404314
277,251,0.09404314
280,251,0.09404314
283,251,0.09404314
286,251,0.09404314
289,251,0.09404314
292,251,0.09404314
295,251,0.09404314
298,251,0.09404314
100,254,0.06644102
103,254,0.01931828
106,254,0.02521177
109,254,0.06890139
112,254,0.07375761
115,254,0.02708631
118,254,0.01791949
121,254,0.05926732
124,254,0.07765623
127,254,0.09664432
130,254,0.06747611
133,254,0.08303136
136,254,0.1039786
139,254,0.1327669
142,254,0.1535629
145,254,0.1719082
148,254,0.146408
151,254,0.1344519
154,254,0.1318993
157,254,0.1263057
160,254,0.1312929
163,254,0.1496849
166,254,0.1279963
169,254,0.1279615
172,254,0.1446386
175,254,0.1349008
178,254,0.149279
181,254,0.1371558
184,254,0.1519042
187,254,0.1522805
190,254,0.1453297
193,254,0.1390986
196,254,0.1178094
199,254,0.1127699
202,254,0.1077881
205,254,0.1280467
208,254,0.1281583
211,254,0.09676192
214,254,0.08143256
217,254,0.08873569
220,254,0.07921862
223,254,0.08484791
226,254,0.09563632
229,254,0.06472909
232,254,0.086092
235,254,0.08684191
238,254,0.05615027
241,254,0.05159934
244,254,0.05293492
247,254,0.05327868
250,254,0.05332391
253,254,0.05333764
256,254,0.05334451
259,254,0.05334451
262,254,0.05334451
265,254,0.05334451
268,254,0.05334451
271,254,0.05334451
274,254,0.05334451
277,254,0.05334451
280,254,0.05334451
283,254,0.05334451
286,254,0.05334451
289,254,0.05334451
292,254,0.05334451
295,254,0.05334451
298,254,0.05334451
100,257,0.1214526
103,257,0.1089777
106,257,0.00694155
109,257,0.06137663
112,257,0.07211609
115,257,0.01698151
118,257,0.08864561
121,257,0.071041
124,257,0.08232792
127,257,0.1158454
130,257,0.128813
133,257,0.08956975
136,257,0.09174494
139,257,0.1184651
142,257,0.1376526
145,257,0.1448202
148,257,0.1358047
151,257,0.09623304
154,257,0.1056596
157,257,0.1050297
160,257,0.08979138
163,257,0.1240064
166,257,0.1315201
169,257,0.1425682
172,257,0.1508808
175,257,0.1139847
178,257,0.1560843
181,257,0.1490948
184,257,0.1528294
187,257,0.1532538
190,257,0.1543371
193,257,0.1444747
196,257,0.1293079
199,257,0.1108185
202,257,0.1144112
205,257,0.122276
208,257,0.09671075
211,257,0.09281196
214,257,0.0681888
217,257,0.1216772
220,257,0.1281335
223,257,0.1066307
226,257,0.08761373
229,257,0.07964139
232,257,0.1128174
235,257,0.1124967
238,257,0.1084784
241,257,0.06540636
244,257,0.06693148
247,257,0.06030633
250,257,0.06096769
253,257,0.06748068
256,257,0.09502416
259,257,0.1056059
262,257,0.1056059
265,257,0.1056059
268,257,0.1056059
271,257,0.1056059
274,257,0.1056059
277,257,0.1056059
280,257,0.1056059
283,257,0.1056059
286,257,0.1056059
289,257,0.1056059
292,257,0.1056059
295,257,0.1056059
298,257,0.1056059
100,260,0.06630358
103,260,0.01707982
106,260,0.01205466
109,260,0.05902318
112,260,0.06268103
115,260,0.0128067
118,260,0.06009183
121,260,0.06040214
124,260,0.09926633
127,260,0.1142174
130,260,0.110451
133,260,0.1040738
136,260,0.1086741
139,260,0.1253221
142,260,0.1548072
145,260,0.1743104
148,260,0.1484395
151,260,0.10415
154,260,0.1138621
157,260,0.1089759
160,260,0.09484122
163,260,0.1120289
166,260,0.1089029
169,260,0.1536428
172,260,0.1594409
175,260,0.1532246
178,260,0.1699029
181,260,0.1747656
184,260,0.1710341
187,260,0.1658386
190,260,0.1672165
193,260,0.158296
196,260,0.1541047
199,260,0.162092
202,260,0.1656445
205,260,0.163972
208,260,0.1483076
211,260,0.1689208
214,260,0.1588132
217,260,0.1698312
220,260,0.1523504
223,260,0.1653797
226,260,0.1482075
229,260,0.1468225
232,260,0.1427127
235,260,0.151944
238,260,0.1251487
241,260,0.1003168
244,260,0.1057299
247,260,0.1227887
250,260,0.1008078
253,260,0.1225322
256,260,0.1200259
259,260,0.1227305
262,260,0.1322486
265,260,0.1322486
268,260,0.1322486
271,260,0.1322486
274,260,0.1322486
277,260,0.1322486
280,260,0.1322486
283,260,0.1322486
286,260,0.1322486
289,260,0.1322486
292,260,0.1322486
295,260,0.1322486
298,260,0.1322486
100,263,0.03418045
103,263,0.04237279
106,263,0.03351048
109,263,0.01480996
112,263,0.0807227
115,263,0.00948083
118,263,0.0311942
121,263,0.03084041
124,263,0.08014439
127,263,0.104973
130,263,0.1101533
133,263,0.08602022
136,263,0.1073759
139,263,0.150618
142,263,0.1849829
145,263,0.1922194
148,263,0.2055795
151,263,0.1272051
154,263,0.1267508
157,263,0.1355754
160,263,0.1457437
163,263,0.16558
166,263,0.1855093
169,263,0.1819755
172,263,0.1856855
175,263,0.1844952
178,263,0.1911292
181,263,0.1920513
184,263,0.2061157
187,263,0.1993825
190,263,0.2029768
193,263,0.1690201
196,263,0.180671
199,263,0.1907064
202,263,0.1991053
205,263,0.1988735
208,263,0.1533161
211,263,0.1439275
214,263,0.1107484
217,263,0.1301389
220,263,0.1130223
223,263,0.1295985
226,263,0.1141756
229,263,0.1149645
232,263,0.1167303
235,263,0.1303104
238,263,0.1110688
241,263,0.1139723
244,263,0.1161389
247,263,0.1169238
250,263,0.05868225
253,263,0.08212847
256,263,0.1171688
259,263,0.1173366
262,263,0.1175207
265,263,0.1175905
268,263,0.1175905
271,263,0.1175905
274,263,0.1175905
277,263,0.1175905
280,263,0.1175905
283,263,0.1175905
286,263,0.1175905
289,263,0.1175905
292,263,0.1175905
295,263,0.1175905
298,263,0.1175905
100,266,0.05327225
103,266,0.01450947
106,266,0.09362607
109,266,0.1436911
112,266,0.1250292
115,266,0.03655232
118,266,0.006144169
121,266,0.01973942
124,266,0.03837749
127,266,0.0828246
130,266,0.08831318
133,266,0.07437951
136,266,0.1165579
139,266,0.1337124
142,266,0.1550896
145,266,0.190394
148,266,0.1650001
151,266,0.1278448
154,266,0.1376394
157,266,0.1101306
160,266,0.1084503
163,266,0.1338229
166,266,0.1362903
169,266,0.1252631
172,266,0.1266498
175,266,0.1625319
178,266,0.1801829
181,266,0.1829557
184,266,0.1767958
187,266,0.1626046
190,266,0.1927869
193,266,0.1790264
196,266,0.1901628
199,266,0.164551
202,266,0.1354052
205,266,0.1258153
208,266,0.1284085
211,266,0.09546204
214,266,0.07322867
217,266,0.1042324
220,266,0.09341621
223,266,0.0847605
226,266,0.07656708
229,266,0.07415532
232,266,0.08152618
235,266,0.08018919
238,266,0.07712293
241,266,0.07195619
244,266,0.06924199
247,266,0.04720296
250,266,0.03676692
253,266,0.03700093
256,266,0.05329328
259,266,0.04586247
262,266,0.04918256
265,266,0.05381786
268,266,0.05543355
271,266,0.05543355
274,266,0.05543355
277,266,0.05543355
280,266,0.05543355
283,266,0.05543355
286,266,0.05543355
289,266,0.05543355
292,266,0.05543355
295,266,0.05543355
298,266,0.05543355
100,269,0.08506001
103,269,0.02899322
106,269,0.03250394
109,269,0.1431976
112,269,0.09957471
115,269,0.02678844
118,269,0.01145194
121,269,0.02372437
124,269,0.02083119
127,269,0.04533702
130,269,0.06230142
133,269,0.06247962
136,269,0.04040364
139,269,0.1073992
142,269,0.1721545
145,269,0.1556584
148,269,0.1667268
151,269,0.1249773
154,269,0.1459896
157,269,0.1040345
160,269,0.03444454
163,269,0.129426
166,269,0.08404574
169,269,0.1317855
172,269,0.1144951
175,269,0.1484826
178,269,0.1647023
181,269,0.1550756
184,269,0.1701688
187,269,0.1875934
190,269,0.1773973
193,269,0.1579349
196,269,0.1488981
199,269,0.1496807
202,269,0.1324207
205,269,0.1020729
208,269,0.09437747
211,269,0.08919302
214,269,0.07039457
217,269,0.09100418
220,269,0.09207486
223,269,0.07911279
226,269,0.07073419
229,269,0.07012057
232,269,0.07572828
235,269,0.09404656
238,269,0.09119208
241,269,0.08846305
244,269,0.04964621
247,269,0.04108483
250,269,0.01424005
253,269,0.01363373
256,269,0.04717887
259,269,0.03260029
262,269,0.04116789
265,269,0.06666728
268,269,0.06702772
271,269,0.06704494
274,269,0.06704494
277,269,0.06704494
280,269,0.06704494
283,269,0.06704494
286,269,0.06704494
289,269,0.06704494
292,269,0.06704494
295,269,0.06704494
298,269,0.06704494
100,272,0.08901645
103,272,0.08550818
106,272,0.001858521
109,272,0.03827449
112,272,0.07599454
115,272,0.03383811
118,272,0.01714347
121,272,0.04327687
124,272,0.06280812
127,272,0.06314403
130,272,0.09014048
133,272,0.08911122
136,272,0.1250725
139,272,0.169643
142,272,0.1810743
145,272,0.1570657
148,272,0.2001549
151,272,0.1585687
154,272,0.1547075
157,272,0.1489686
160,272,0.04791293
163,272,0.1392317
166,272,0.09654994
169,272,0.1791005
172,272,0.1574787
175,272,0.177778
178,272,0.1970815
181,272,0.1809112
184,272,0.1927931
187,272,0.2065885
190,272,0.2129893
193,272,0.153457
196,272,0.1559608
199,272,0.1197445
202,272,0.1141507
205,272,0.1317174
208,272,0.0741915
211,272,0.0736133
214,272,0.04100996
217,272,0.08532976
220,272,0.05784029
223,272,0.07893034
226,272,0.1102283
229,272,0.1117186
232,272,0.1157042
235,272,0.1124229
238,272,0.1067212
241,272,0.105037
244,272,0.05448598
247,272,0.07783563
250,272,0.06829681
253,272,0.08569227
256,272,0.08050657
259,272,0.07121027
262,272,0.0650396
265,272,0.0649947
268,272,0.06835818
271,272,0.06984133
274,272,0.06985179
277,272,0.06985179
280,272,0.06985179
283,272,0.06985179
286,272,0.06985179
289,272,0.06985179
292,272,0.06985179
295,272,0.06985179
298,272,0.06985179
100,275,0.04637953
103,275,0.03694262
106,275,0.01775349
109,275,0.03326307
112,275,0.009712764
115,275,0.003770665
118,275,0.06792657
121,275,0.06193924
124,275,0.08181316
127,275,0.07232219
130,275,0.09404673
133,275,0.1173109
136,275,0.1238223
139,275,0.1364606
142,275,0.1566725
145,275,0.1780366
148,275,0.1876489
151,275,0.1577659
154,275,0.1498134
157,275,0.1556189
160,275,0.06755142
163,275,0.1219906
166,275,0.1262299
169,275,0.1529396
172,275,0.1514227
175,275,0.1709244
178,275,0.1861652
181,275,0.1675852
184,275,0.1845858
187,275,0.1881867
190,275,0.1816601
193,275,0.1467812
196,275,0.1432919
199,275,0.1321729
202,275,0.1668828
205,275,0.1686209
208,275,0.1306694
211,275,0.1655012
214,275,0.1005233
217,275,0.1233366
220,275,0.1129013
223,275,0.1429274
226,275,0.1553335
229,275,0.1709557
232,275,0.1746701
235,275,0.173241
238,275,0.1505085
241,275,0.1226318
244,275,0.1158476
247,275,0.1220473
250,275,0.1101281
253,275,0.1214284
256,275,0.1202622
259,275,0.1488954
262,275,0.1479042
265,275,0.1195877
268,275,0.1184098
271,275,0.1142845
274,275,0.1162305
277,275,0.1142908
280,275,0.1142908
283,275,0.1142908
286,275,0.1142908
289,275,0.1142908
292,275,0.1142908
295,275,0.1142908
298,275,0.1142908
100,278,0.1311096
103,278,0.07366028
106,278,0.02298715
109,278,0.04441899
112,278,0.003893062
115,278,0.07367434
118,278,0.131231
121,278,0.114054
124,278,0.1251825
127,278,0.1005245
130,278,0.1256803
133,278,0.1279287
136,278,0.1314329
139,278,0.1340226
142,278,0.1568625
145,278,0.1576406
148,278,0.1407876
151,278,0.1318924
154,278,0.1466546
157,278,0.1417945
160,278,0.1226513
163,278,0.1288787
166,278,0.1321116
169,278,0.1712501
172,278,0.1220316
175,278,0.1014547
178,278,0.1397661
181,278,0.1300474
184,278,0.1410863
187,278,0.1344586
190,278,0.1266879
193,278,0.1173609
196,278,0.1243128
199,278,0.1167694
202,278,0.1209647
205,278,0.1243757
208,278,0.1015384
211,278,0.1050119
214,278,0.06156998
217,278,0.09012206
220,278,0.08088695
223,278,0.08189185
226,278,0.0791347
229,278,0.08390601
232,278,0.1040793
235,278,0.09003274
238,278,0.09264646
241,278,0.1130589
244,278,0.09129906
247,278,0.08832768
250,278,0.08479156
253,278,0.08620425
256,278,0.08624502
259,278,0.1014487
262,278,0.1000668
265,278,0.07442137
268,278,0.08965067
271,278,0.07486975
274,278,0.07555869
277,278,0.07591618
280,278,0.07595225
283,278,0.07595225
286,278,0.07595225
289,278,0.07595225
292,278,0.07595225
295,278,0.07595225
298,278,0.07595225
100,281,0.05953031
103,281,0.03691221
106,281,0.04479719
109,281,0.06178949
112,281,0.02203489
115,281,0.03190961
118,281,0.09196319
121,281,0.07746179
124,281,0.11537
127,281,0.08718158
130,281,0.1127329
133,281,0.1087436
136,281,0.0958453
139,281,0.106764
142,281,0.1226342
145,281,0.1324499
148,281,0.1236147
151,281,0.1010433
154,281,0.1016193
157,281,0.1091043
160,281,0.09231333
163,281,0.1119977
166,281,0.1326793
169,281,0.1395654
172,281,0.1155956
175,281,0.1160115
178,281,0.1364594
181,281,0.1375773
184,281,0.1364208
187,281,0.1395342
190,281,0.1330255
193,281,0.128997
196,281,0.1129568
199,281,0.1179884
202,281,0.1192638
205,281,0.1165543
208,281,0.128608
211,281,0.1196855
214,281,0.07844827
217,281,0.05720389
220,281,0.08332465
223,281,0.06824722
226,281,0.05962982
229,281,0.05413731
232,281,0.06873823
235,281,0.05893348
238,281,0.06444124
241,281,0.06532266
244,281,0.06489193
247,281,0.06585497
250,281,0.04990943
253,281,0.05078223
256,281,0.05070354
259,281,0.05334255
262,281,0.04950496
265,281,0.03876048
268,281,0.03924942
271,281,0.0188094
274,281,0.03871623
277,281,0.04892295
280,281,0.04985373
283,281,0.04995477
286,281,0.04995477
289,281,0.04995477
292,281,0.04995477
295,281,0.04995477
298,281,0.04995477
100,284,0.03208585
103,284,0.003106907
106,284,0.05652313
109,284,0.08952659
112,284,0.03804703
115,284,0.01961081
118,284,0.09380957
121,284,0.07100056
124,284,0.1143235
127,284,0.08684714
130,284,0.1108519
133,284,0.112301
136,284,0.1081165
139,284,0.1229422
142,284,0.1270097
145,284,0.1390129
148,284,0.1199415
151,284,0.06559198
154,284,0.1179228
157,284,0.1432895
160,284,0.08500007
163,284,0.1259223
166,284,0.1147575
169,284,0.1516799
172,284,0.1767247
175,284,0.1515096
178,284,0.1761339
181,284,0.1839864
184,284,0.1451841
187,284,0.1860915
190,284,0.185874
193,284,0.1759335
196,284,0.1566584
199,284,0.07778059
202,284,0.1458381
205,284,0.1325548
208,284,0.09111623
211,284,0.06711491
214,284,0.03888114
217,284,0.05758482
220,284,0.07585973
223,284,0.07305112
226,284,0.06813572
229,284,0.07660402
232,284,0.1122779
235,284,0.137795
238,284,0.1399121
241,284,0.1429632
244,284,0.1350594
247,284,0.1342361
250,284,0.07177364
253,284,0.1330866
256,284,0.1380354
259,284,0.1391199
262,284,0.1332867
265,284,0.04455381
268,284,0.03481293
271,284,0.03012728
274,284,0.0315676
277,284,0.06643622
280,284,0.0664432
283,284,0.0772498
286,284,0.06645017
289,284,0.06645017
292,284,0.06645017
295,284,0.06645017
298,284,0.06645017
100,287,0.004901777
103,287,0.02770135
106,287,0.04456744
109,287,0.06702597
112,287,0.03507592
115,287,0.0414893
118,287,0.1068835
121,287,0.08116335
124,287,0.105454
127,287,0.1117568
130,287,0.1021912
133,287,0.08888686
136,287,0.08771384
139,287,0.09695255
142,287,0.1206884
145,287,0.1318195
148,287,0.1453033
151,287,0.03942086
154,287,0.09218767
157,287,0.1269578
160,287,0.1034756
163,287,0.1444505
166,287,0.1144701
169,287,0.150578
172,287,0.1358851
175,287,0.1305574
178,287,0.1647878
181,287,0.1775501
184,287,0.1431762
187,287,0.1652706
190,287,0.1508477
193,287,0.1424066
196,287,0.1319554
199,287,0.08666763
202,287,0.1342008
205,287,0.1567661
208,287,0.1265689
211,287,0.06824134
214,287,0.06587165
217,287,0.06862706
220,287,0.07290562
223,287,0.0895758
226,287,0.07659105
229,287,0.1302792
232,287,0.1343748
235,287,0.12175
238,287,0.07167915
241,287,0.07155827
244,287,0.05663169
247,287,0.07204404
250,287,0.07193168
253,287,0.112364
256,287,0.07109091
259,287,0.06856635
262,287,0.05986731
265,287,0.0450616
268,287,0.02983671
271,287,0.03558252
274,287,0.01484604
277,287,0.121931
280,287,0.04943226
283,287,0.05969511
286,287,0.0597059
289,287,0.05970895
292,287,0.05970895
295,287,0.05970895
298,287,0.05970895
100,290,0.04105094
103,290,0.03820604
106,290,0.004140908
109,290,0.02993654
112,290,0.04268744
115,290,0.09692448
118,290,0.1059885
121,290,0.09090892
124,290,0.1376309
127,290,0.126478
130,290,0.09555075
133,290,0.1219024
136,290,0.1388296
139,290,0.1787588
142,290,0.1618473
145,290,0.1641469
148,290,0.1720223
151,290,0.1295447
154,290,0.1564577
157,290,0.1778641
160,290,0.1713763
163,290,0.1712679
166,290,0.1477301
169,290,0.1633761
172,290,0.1724532
175,290,0.1941935
178,290,0.1978178
181,290,0.2066808
184,290,0.2034758
187,290,0.1892217
190,290,0.1852956
193,290,0.141745
196,290,0.1564479
199,290,0.1416289
202,290,0.1437536
205,290,0.1443975
208,290,0.09546395
211,290,0.09032233
214,290,0.05199073
217,290,0.08125327
220,290,0.08342198
223,290,0.1307854
226,290,0.09963281
229,290,0.09303104
232,290,0.1229602
235,290,0.1267952
238,290,0.1257955
241,290,0.132613
244,290,0.1207033
247,290,0.1202577
250,290,0.1199963
253,290,0.1159457
256,290,0.08031496
259,290,0.1148692
262,290,0.1114087
265,290,0.08393238
268,290,0.0903862
271,290,0.04562705
274,290,0.04580111
277,290,0.06317095
280,290,0.05031738
283,290,0.06353389
286,290,0.06857496
289,290,0.07940358
292,290,0.06357215
295,290,0.06357215
298,290,0.06357215
100,293,0.01392659
103,293,0.1286025
106,293,0.03244313
109,293,0.002673231
112,293,0.03340923
115,293,0.06750172
118,293,0.1235159
121,293,0.09166658
124,293,0.0998921
127,293,0.09169949
130,293,0.1019436
133,293,0.1081791
136,293,0.1221124
139,293,0.1228293
142,293,0.1620423
145,293,0.155886
148,293,0.1551675
151,293,0.11272
154,293,0.1700099
157,293,0.1915686
160,293,0.1519491
163,293,0.1820387
166,293,0.1661089
169,293,0.1748866
172,293,0.1621294
175,293,0.1930786
178,293,0.182729
181,293,0.1826384
184,293,0.1791168
187,293,0.1821952
190,293,0.1967035
193,293,0.1820804
196,293,0.1831239
199,293,0.1850387
202,293,0.1712762
205,293,0.1602223
208,293,0.1797752
211,293,0.1840423
214,293,0.183209
217,293,0.189181
220,293,0.1855351
223,293,0.1900653
226,293,0.1906874
229,293,0.1836237
232,293,0.1842794
235,293,0.1881711
238,293,0.182705
241,293,0.1901399
244,293,0.1764803
247,293,0.1640819
250,293,0.07935093
253,293,0.07525613
256,293,0.1472669
259,293,0.1716678
262,293,0.1636377
265,293,0.1356365
268,293,0.1528225
271,293,0.03710687
274,293,0.03722436
277,293,0.07954527
280,293,0.07943431
283,293,0.0782292
286,293,0.07661591
289,293,0.07663792
292,293,0.08747406
295,293,0.09018663
298,293,0.09018663
100,296,0.01881256
103,296,0.08669755
106,296,0.007416207
109,296,0.01581944
112,296,0.05738373
115,296,0.06664407
118,296,0.1035862
121,296,0.1071502
124,296,0.1255255
127,296,0.1296649
130,296,0.1323505
133,296,0.1435133
136,296,0.1330975
139,296,0.151351
142,296,0.1677504
145,296,0.1687277
148,296,0.1717234
151,296,0.1932289
154,296,0.1934979
157,296,0.1987865
160,296,0.1468954
163,296,0.1541955
166,296,0.1824729
169,296,0.1981288
172,296,0.2120466
175,296,0.2184109
178,296,0.2212968
181,296,0.2008418
184,296,0.1695168
187,296,0.1738234
190,296,0.2197134
193,296,0.2112355
196,296,0.1759623
199,296,0.1967613
202,296,0.1697043
205,296,0.1734231
208,296,0.1739258
211,296,0.1753924
214,296,0.1424041
217,296,0.1769352
220,296,0.1567285
223,296,0.1723846
226,296,0.1676903
229,296,0.1665909
232,296,0.1700417
235,296,0.1779187
238,296,0.1779789
241,296,0.1779894
244,296,0.1779661
247,296,0.159865
250,296,0.145165
253,296,0.1443165
256,296,0.1439838
259,296,0.145684
262,296,0.1463239
265,296,0.1358176
268,296,0.1437231
271,296,0.1164902
274,296,0.1161376
277,296,0.1244318
280,296,0.1268519
283,296,0.1236482
286,296,0.1244682
289,296,0.121874
292,296,0.1292617
295,296,0.1297015
298,296,0.1299259
100,299,0.1188851
103,299,0.05030321
106,299,0.02291783
109,299,0.02778048
112,299,0.05785675
115,299,0.05883495
118,299,0.107032
121,299,0.09082914
124,299,0.1378822
127,299,0.1488063
130,299,0.1556786
133,299,0.1822354
136,299,0.1879852
139,299,0.1850626
142,299,0.1644229
145,299,0.2005451
148,299,0.1907954
151,299,0.1858248
154,299,0.1890128
157,299,0.212113
160,299,0.1453326
163,299,0.194688
166,299,0.187289
169,299,0.205591
172,299,0.1999748
175,299,0.2006161
178,299,0.2009387
181,299,0.2048367
184,299,0.2024771
187,299,0.2063679
190,299,0.2080553
193,299,0.1977674
196,299,0.1896368
199,299,0.1913742
202,299,0.1934589
205,299,0.1959356
208,299,0.1981472
211,299,0.1997432
214,299,0.1740115
217,299,0.209499
220,299,0.1956803
223,299,0.1715931
226,299,0.1705853
229,299,0.1831087
232,299,0.2038282
235,299,0.2038697
238,299,0.2038746
241,299,0.2038768
244,299,0.1947669
247,299,0.1988644
250,299,0.1771215
253,299,0.1880626
256,299,0.2020893
259,299,0.1984555
262,299,0.1811232
265,299,0.1593969
268,299,0.1769362
271,299,0.1633511
274,299,0.1304043
277,299,0.1581863
280,299,0.1658757
283,299,0.1635392
286,299,0.1586329
289,299,0.1574797
292,299,0.1621004
295,299,0.1625683
298,299,0.1626216
100,302,0.09846753
103,302,0.02256579
106,302,0.01476299
109,302,0.007436153
112,302,0.05999342
115,302,0.01501868
118,302,0.07798571
121,302,0.05521208
124,302,0.1076035
127,302,0.1285881
130,302,0.1095591
133,302,0.1624846
136,302,0.1336205
139,302,0.1807975
142,302,0.1880265
145,302,0.2184157
148,302,0.2165239
151,302,0.1892719
154,302,0.1495086
157,302,0.1431139
160,302,0.109764
163,302,0.1430991
166,302,0.1504015
169,302,0.1982943
172,302,0.170896
175,302,0.1988374
178,302,0.214434
181,302,0.2233383
184,302,0.225975
187,302,0.2260459
190,302,0.215061
193,302,0.2218078
196,302,0.2017918
199,302,0.1954557
202,302,0.1668279
205,302,0.1814663
208,302,0.1820384
211,302,0.1817825
214,302,0.1989911
217,302,0.1946477
220,302,0.1878533
223,302,0.1786318
226,302,0.1879675
229,302,0.2060047
232,302,0.2004309
235,302,0.2074559
238,302,0.209338
241,302,0.2013858
244,302,0.1961143
247,302,0.1903181
250,302,0.1815056
253,302,0.1735059
256,302,0.1744138
259,302,0.1779077
262,302,0.1753231
265,302,0.1739368
268,302,0.1755228
271,302,0.166564
274,302,0.1144995
277,302,0.1631788
280,302,0.1624811
283,302,0.1395538
286,302,0.1161903
289,302,0.1238922
292,302,0.07727301
295,302,0.1037159
298,302,0.07874636
