interp_window,qrtl_R2_1_1,qrtl_R2_1_2,qrtl_R2_1_3,qrtl_R2_2_1,qrtl_R2_2_2,qrtl_R2_2_3
200,0.957251399566475,0.984056081520643,0.993855959952502,0.915440061923597,0.96318772184911,0.987017171909021
203,0.956341814801746,0.983687351935245,0.994213325525091,0.9140207172902,0.965074411388825,0.987585568397506
206,0.95474765777369,0.984006653727977,0.994416886595664,0.915553303270138,0.966331806322022,0.989041257132031
209,0.958211657905079,0.984241017889685,0.994631406865201,0.918360655026501,0.966847374478603,0.989746189316274
212,0.958239219285206,0.984453636907865,0.994675199882185,0.920058134704223,0.966677439714331,0.990447309121927
215,0.958740733450945,0.984708398083706,0.994901270622438,0.919074099272005,0.965644472347955,0.990688478283649
218,0.957498933931093,0.984732722015803,0.995294437183393,0.91445071950408,0.967058491031425,0.991724169964818
221,0.951278108630406,0.985681129513762,0.995358538187132,0.910728930070408,0.966409898042785,0.991809350724001
224,0.949872667991182,0.985676354834241,0.995841206113315,0.906258389004707,0.964929492633698,0.992104822043247
227,0.949992519570113,0.985516416054529,0.995860148369801,0.886434052297257,0.96585894329736,0.992455187231364
230,0.949185285011573,0.985156757983133,0.995884207825946,0.880850823855909,0.966166958194966,0.992691660133883
233,0.949683536834686,0.984698372845807,0.99591838334409,0.877558971348665,0.966485028896917,0.992826338596854
236,0.94858552643027,0.984694499619269,0.996032120527109,0.878193168241251,0.966716013036933,0.992743098352536
239,0.948230691850895,0.984317184606349,0.996137390740221,0.879771760462384,0.966935696761732,0.99247273389354
242,0.948327171714155,0.984458972306211,0.996243271330306,0.880230223563567,0.967421793372475,0.992186159778722
245,0.948312980767112,0.984574214567706,0.996037095011058,0.874673026891009,0.966433875487812,0.992202547783855
248,0.946432830149231,0.983937080265788,0.995841205499729,0.871067376121522,0.967807215090633,0.991809016819031
251,0.946196855499838,0.983171674489203,0.995721275206705,0.871323479818321,0.967563950210177,0.991821730022175
254,0.938075250944628,0.983960986557951,0.995675743377112,0.869615376458004,0.968721455523129,0.992165399644123
257,0.936332567385165,0.984462949697064,0.995351054698534,0.867753192798334,0.96848349763721,0.991273149710008
260,0.933549845352176,0.983779040094458,0.994938309923242,0.865476946781019,0.968298625814118,0.991243059842874
263,0.933757273155294,0.983856589047468,0.99481978476474,0.859951121723253,0.967555350335137,0.991116594691374
266,0.930904355137614,0.983400678068879,0.995107615101087,0.855745691887107,0.96744539122732,0.991050934991502
269,0.929481785447978,0.984250323858173,0.99508861901046,0.846425647350843,0.967118595208795,0.990912610556215
272,0.92276053978002,0.983396795656907,0.995318339955187,0.838836448919401,0.964696683374347,0.99079306320465
275,0.912312794250209,0.983759314189346,0.995266111727586,0.835398048583437,0.964087646891114,0.991380752110741
278,0.91187333808064,0.982753079934055,0.995020947129909,0.826115182172375,0.962972054489124,0.991152062234562
281,0.912554950540674,0.982746164925524,0.994527871561158,0.815125015248429,0.961503382509347,0.991243006487324
284,0.912608978202094,0.981382215477993,0.994651291930005,0.808900710466887,0.961651004733195,0.991376950698766
287,0.911600182838584,0.980718254534456,0.994830716209029,0.79955894931447,0.9616636471539,0.991578619636322
290,0.907821992865888,0.981150354035333,0.995554270898244,0.791774992293193,0.957489001928327,0.992128073541687
293,0.879039315493365,0.980415965193426,0.995406600299692,0.792354883996474,0.960390547918268,0.992033412524844
296,0.892329876927379,0.979016760314422,0.99489500743071,0.794066032709358,0.959190946579313,0.991859512001333
299,0.89709895523889,0.978803544060584,0.994678586606828,0.781821428520447,0.95847858547767,0.991705241686559
302,0.895897881950505,0.978819524783529,0.994236926263504,0.701094854841661,0.957480383217021,0.991463012163956
305,0.873230855959626,0.978713202064978,0.994168986302406,0.679490051098786,0.954797072188794,0.991611034191407
308,0.862466344245662,0.978755642669351,0.993956260508293,0.667557596760243,0.95193470364162,0.991020370377906
311,0.854109047172785,0.977759675469025,0.993694136148501,0.653422971480432,0.950438761586138,0.991223056739606
314,0.857654831185661,0.976522657997477,0.993362711501206,0.615246576285577,0.951476168821598,0.991227862885556
317,0.8517299448796,0.97582819062608,0.993515170472495,0.622993153823301,0.949691137212149,0.991161057871535
320,0.82185721134366,0.97655034107577,0.992732149154906,0.522915710021716,0.948956764903885,0.991286650427948
323,0.794115773953366,0.976559833506657,0.993314468646127,0.320033247635211,0.947630169344689,0.99153759464274
326,0.772177068995731,0.976927339470635,0.993262594070722,0.34657094333216,0.943923351963539,0.991383230597211
329,0.729431611132663,0.975224208841212,0.993537980253741,0.323230571553093,0.942445747298178,0.991346194745352
332,0.672350287284618,0.973937316317635,0.993280670747668,0.291138575514738,0.941947755696357,0.991161003148304
335,0.613394817743802,0.972919948029309,0.99282508730463,0.0982433232010582,0.940031189325745,0.990309332535662
338,0.529738543292064,0.972472285581383,0.992935459389575,0.0840890910467471,0.939434120307108,0.990422672812608
341,0.506567509657142,0.970619880468769,0.992284579615934,-0.132467026335911,0.939234602575064,0.989930236999227
344,0.453175962933981,0.971131455179386,0.991520963485492,-0.33269422338527,0.93920162065577,0.990761417409684
347,0.385036388470203,0.970591856828694,0.991391995168324,-0.799066008172983,0.940396763588187,0.990303634804593
350,0.281622309205335,0.966417431911967,0.991210999372146,-0.880496992549462,0.94431735289717,0.989485300118796
353,0.213222339952559,0.963789209557152,0.991207978913172,-1.08226549885237,0.94134202760847,0.988752095866956
356,0.0230434702966834,0.958497012005424,0.990713341698988,-1.2932316308011,0.943848267694949,0.988104276931093
359,-0.0986087644623168,0.955497710706362,0.990109464834037,-1.48706066914394,0.939666140612962,0.987846564808862
362,-0.137080758769706,0.95392226362836,0.989804074372214,-1.87408036227183,0.93939644385298,0.987854238865824
365,-0.0611424219567497,0.950800855413731,0.989462818310793,-2.03751037436545,0.938646125965698,0.987688002260748
368,-0.0964468108648106,0.948989188510451,0.989612151829774,-2.05967983172425,0.938707225188308,0.987596739521382
371,-0.186894898847801,0.944933008155201,0.989587376966032,-2.28858131878871,0.938442685196716,0.987255760597326
374,-0.252576018422931,0.943468759909891,0.989440391191486,-2.30105852307617,0.938064230106503,0.987578546482516
377,-0.371417375468431,0.944399881889854,0.98840802008217,-2.16341952679455,0.934994271314772,0.987108170259757
380,-0.403894113641263,0.943629945007515,0.988321166416168,-2.23796462274049,0.935697686105811,0.987681742359815
383,-0.339614247166963,0.939002765815485,0.988692905052021,-2.57610742378358,0.928881301670869,0.987062512152205
386,-0.532889979976724,0.937147792232447,0.988654432472828,-2.60735492424709,0.926632170346794,0.984275816365167
389,-0.686136656852215,0.936919630412563,0.988156690838701,-3.03882594245627,0.924902299672167,0.9838329415232
392,-0.714369838995959,0.933605775313042,0.989271283200697,-3.03499911854379,0.920887364826914,0.983643714560324
395,-0.752153724989382,0.932303945085959,0.989159798319596,-2.98431874909449,0.909970366797291,0.983515605909489
398,-0.956901981777016,0.932529675471886,0.989031501598727,-2.79180529180317,0.898728404338467,0.983637841271795
401,-0.888606507511888,0.93287156304924,0.988892918714049,-2.75301533317802,0.897862144265789,0.983897067338084
404,-0.883402477015386,0.933544556714421,0.98895770858773,-2.56576673196241,0.897007367339523,0.982494525843741
407,-0.972767553237231,0.935691377624197,0.988982266926296,-2.60228187909163,0.896863488890119,0.981769858616826
410,-1.01236315390536,0.933603593062185,0.989332046915571,-2.56887379950929,0.904395018679206,0.981359497479451
413,-0.99387819953142,0.93082198301528,0.989416754739188,-2.5199409032263,0.904329060788482,0.980922706340439
416,-0.989635371750528,0.926412683046249,0.988893478367612,-2.55478785051779,0.903836027751932,0.980725174360234
419,-1.06939781022587,0.919039041121279,0.988701135046684,-2.51712125035673,0.903366889467292,0.980429779523994
422,-1.12651673799869,0.91403895917586,0.988588240707294,-2.55292606406193,0.895025297995023,0.980952502757344
425,-1.2450590273778,0.911343994112595,0.989004813517994,-2.59738328346213,0.897709985469955,0.982377818377389
428,-1.35472881498367,0.909245350633927,0.988978219893051,-2.56217716935397,0.897911370643745,0.981542863241263
431,-1.45728887919487,0.909244556513732,0.988836619064396,-2.52119563080674,0.898118750997876,0.981035625976237
434,-1.48831193307427,0.913036431653153,0.989063338830651,-2.46736247171094,0.896602213045419,0.981517431346957
437,-1.42195217063779,0.906786036341479,0.989071282099126,-2.46846130537872,0.892704675649376,0.983613963784303
440,-1.68347689108091,0.902462363344199,0.988609975721257,-2.5282828334666,0.894880221938851,0.983256962088408
443,-1.82241282876856,0.902589578354307,0.988865319330849,-2.62544613254721,0.897151680873537,0.98313360958138
446,-1.76816504917542,0.901233683043604,0.988847089195655,-2.74628747781503,0.899397193891456,0.982370245585102
449,-1.88309517256455,0.902364713883963,0.98844220792759,-2.80850699064179,0.899776315562701,0.981911232529178
452,-1.93764211984679,0.896827083985792,0.988163652420644,-2.87129747817758,0.899373133379171,0.981337763610631
455,-1.65335888980551,0.878190961191076,0.98664582182403,-2.84306016097739,0.899504268347223,0.980999072037717
458,-1.70702680177234,0.857101132404758,0.987112390655989,-2.83313084167146,0.898749062147614,0.980452919601255
461,-1.99958707988406,0.869306784947965,0.987800411914649,-2.76631739234225,0.897240724385151,0.980362269115063
464,-1.97515554330276,0.866057121601167,0.987528966420849,-2.67924499731516,0.896674896407492,0.979999017982263
467,-2.08066915815516,0.860569523989445,0.987591992055343,-2.74810418574867,0.896150547936892,0.980911068978085
470,-2.15490182792859,0.844275281422033,0.9876277274738,-2.75877423240801,0.894974815141709,0.982072318719995
473,-2.32122212827416,0.827868159691772,0.98711483725547,-2.73612649181921,0.893505006222788,0.980200735860753
476,-2.22849318750301,0.857985605540235,0.987866565386288,-2.68382886367446,0.891212189944937,0.980869905062736
479,-2.1437181579043,0.822419718493986,0.987489232273286,-2.71367046010141,0.882889996067187,0.980439110940639
482,-1.77354223628904,0.863972522705736,0.987449652463723,-2.67420964635372,0.88286382548067,0.980682226019906
485,-1.7172441712577,0.866084369946613,0.987757165388118,-2.67790246462944,0.874851297839219,0.980368572225414
488,-1.66744329617233,0.856002977550617,0.987920049829782,-2.70544812156422,0.87476509741635,0.980027481114669
491,-1.81083139172327,0.836380542086356,0.988025490515729,-2.65656836862772,0.87468813692783,0.979689044545218
494,-1.95267710152325,0.834645675694205,0.987976012166723,-2.61930124094412,0.882378023250071,0.9791156366858
497,-2.01044837159378,0.8346164730809,0.988147012749789,-2.56912824476523,0.881574956325262,0.978807578299985
500,-2.05271454023244,0.819488943248968,0.988055376268806,-2.6139615265421,0.874521092193475,0.978622912836274
