t,x,x0,f,f0
94.6,0.288834788064511,NaN,-2.67864291221439,NaN
94.601,0.288790479819026,NaN,-2.7135178662253,NaN
94.602,0.28874677405438,NaN,-2.74914999639253,NaN
94.603,0.288703660649448,NaN,-2.78488322030415,NaN
94.604,0.288661136252154,NaN,-2.81998868334578,NaN
94.605,0.288619205381928,NaN,-2.85378449994279,NaN
94.606,0.288577881173027,NaN,-2.88569833769877,NaN
94.607,0.288537185750877,NaN,-2.91519577886377,NaN
94.608,0.288497150233289,NaN,-2.94184338000301,NaN
94.609,0.288457814353121,NaN,-2.9656654487666,NaN
94.61,0.288419225716649,NaN,-2.98742518590155,NaN
94.611,0.28838143870199,NaN,-3.00842397659307,NaN
94.612,0.2883445129538,NaN,-3.02999685804094,NaN
94.613,0.288308511405358,NaN,-3.05316200258018,NaN
94.614,0.288273497773699,NaN,-3.07856176805999,NaN
94.615,0.288239533487223,NaN,-3.1065015694227,NaN
94.616,0.288206674007597,NaN,-3.13697924137012,NaN
94.617,0.288174964891953,NaN,-3.16984594522824,NaN
94.618,0.288144438920544,NaN,-3.20504660282669,NaN
94.619,0.288115115658765,NaN,-3.24262903237348,NaN
94.62,0.288087003089017,NaN,-3.2824882295135,NaN
94.621,0.288060099731593,NaN,-3.32417191792205,NaN
94.622,0.288034396235622,NaN,-3.36703468324082,NaN
94.623,0.288009876230187,NaN,-3.41058954814892,NaN
94.624,0.287986516441099,NaN,-3.45465633586796,NaN
94.625,0.28796428625304,NaN,-3.49928276689946,NaN
94.626,0.287943147423043,NaN,-3.54465242159733,NaN
94.627,0.287923054851034,NaN,-3.59099110700622,NaN
94.628,0.287903958456231,NaN,-3.63841673318753,NaN
94.629,0.287885805312488,NaN,-3.68679548374605,NaN
94.63,0.287868541355517,NaN,-3.73572769217145,NaN
94.631,0.287852112511471,NaN,-3.78469506243286,NaN
94.632,0.287836465279735,NaN,-3.83322732286071,NaN
94.633,0.287821546802933,NaN,-3.88091555643101,NaN
94.634,0.287807304520328,NaN,-3.92729221517628,NaN
94.635,0.287793685772692,NaN,-3.97182536446279,NaN
94.636,0.287780637954078,NaN,-4.01418998117548,NaN
94.637,0.287768109406938,NaN,-4.05458632261644,NaN
94.638,0.287756050611635,NaN,-4.09373330053548,NaN
94.639,0.287744415202,NaN,-4.13247412115044,NaN
94.64,0.28773316069159,NaN,-4.17131582239681,NaN
94.641,0.287722248938858,NaN,-4.21022529837539,NaN
94.642,0.287711646382897,NaN,-4.24870734647113,NaN
94.643,0.287701324143783,NaN,-4.28606762760539,NaN
94.644,0.28769125818027,NaN,-4.32164786199465,NaN
94.645,0.287681429618329,NaN,-4.35487836875622,NaN
94.646,0.287671825140874,NaN,-4.38533699109306,NaN
94.647,0.28766243728366,NaN,-4.41285355820997,NaN
94.648,0.287653264591843,NaN,-4.43748304512528,NaN
94.649,0.287644311641723,NaN,-4.45944146796273,NaN
94.65,0.287635588928568,NaN,-4.47910073920489,NaN
94.651,0.287627112623996,NaN,-4.49695894962788,NaN
94.652,0.287618904215909,NaN,-4.5135641912765,NaN
94.653,0.287610990035412,NaN,-4.52940461647889,NaN
94.654,0.287603400646301,NaN,-4.54483077150457,NaN
94.655,0.28759617006123,NaN,-4.56011185251752,NaN
94.656,0.287589334758029,NaN,-4.57557080416908,NaN
94.657,0.287582932475025,NaN,-4.59159089896174,NaN
94.658,0.287577000763345,NaN,-4.60841856138064,NaN
94.659,0.287571575450442,NaN,-4.62600077882002,NaN
94.66,0.287566689588303,NaN,-4.64405523550009,NaN
94.661,0.287562373414132,NaN,-4.66221638891215,NaN
94.662,0.287558655079636,NaN,-4.68003773387075,NaN
94.663,0.287555561468925,NaN,-4.69697095872522,NaN
94.664,0.287553118715015,NaN,-4.71254645758405,NaN
94.665,0.287551352333087,NaN,-4.72657085909114,NaN
94.666,0.287550286954429,NaN,-4.73907037344582,NaN
94.667,0.287549945766166,NaN,-4.75008686252728,NaN
94.668,0.287550350102972,NaN,-4.75953835657571,NaN
94.669,0.287551519715415,NaN,-4.76723368479163,NaN
94.67,0.287553473658645,NaN,-4.77303793286017,NaN
94.671,0.287556231228746,NaN,-4.7770319783397,NaN
94.672,0.287559812516694,NaN,-4.77947749257113,NaN
94.673,0.287564238468802,NaN,-4.78067123804646,NaN
94.674,0.287569530441286,NaN,-4.78092792022836,NaN
94.675,0.287575709355165,NaN,-4.78068350222092,NaN
94.676,0.287582794967229,NaN,-4.78055551267959,NaN
94.677,0.287590805997528,NaN,-4.78129889307786,NaN
94.678,0.287599761206852,NaN,-4.78364065757231,NaN
94.679,0.287609680712055,NaN,-4.78804899459355,NaN
94.68,0.287620586893155,NaN,-4.79457420750163,NaN
94.681,0.287632504707837,NaN,-4.80286751880633,NaN
94.682,0.287645461399525,NaN,-4.81236916616748,NaN
94.683,0.287659485677364,NaN,-4.82249722113994,NaN
94.684,0.287674606865692,NaN,-4.83271996800973,NaN
94.685,0.287690854892731,NaN,-4.84255047368854,NaN
94.686,0.287708261380006,NaN,-4.85150663686477,NaN
94.687,0.287726861066414,NaN,-4.85909871923537,NaN
94.688,0.287746692753577,NaN,-4.86490392132762,NaN
94.689,0.287767799517534,NaN,-4.86867384700934,NaN
94.69,0.2877902281629,NaN,-4.87043101090571,NaN
94.691,0.287814027893216,NaN,-4.87055548228099,NaN
94.692,0.287839248213188,NaN,-4.86971932443319,NaN
94.693,0.287865936600462,NaN,-4.86860141840138,NaN
94.694,0.287894137310694,NaN,-4.86763140570675,NaN
94.695,0.28792389206934,NaN,-4.86698245826762,NaN
94.696,0.287955241620474,NaN,-4.86676245619565,NaN
94.697,0.287988226757123,NaN,-4.86722992154178,NaN
94.698,0.288022888372678,NaN,-4.86882920351166,NaN
94.699,0.288059266508326,NaN,-4.87194961686274,NaN
94.7,0.288097398371682,NaN,-4.87664101684727,NaN
94.701,0.288137315700991,NaN,-4.88257765678191,NaN
94.702,0.288179042709272,NaN,-4.889230049104,NaN
94.703,0.2882225955704,NaN,-4.89605490849774,NaN
94.704,0.288267982758595,NaN,-4.90262341477201,NaN
94.705,0.288315204913463,NaN,-4.90864767597419,NaN
94.706,0.288364253642907,NaN,-4.91388590034127,NaN
94.707,0.288415109202474,NaN,-4.91805043218512,NaN
94.708,0.288467737056996,NaN,-4.9208536330463,NaN
94.709,0.288522083998381,NaN,-4.92214781196239,NaN
94.71,0.288578076094257,NaN,-4.92203650799508,NaN
94.711,0.288635620632988,NaN,-4.92090457018427,NaN
94.712,0.2886946113291,NaN,-4.91938444658074,NaN
94.713,0.288754934321807,NaN,-4.91822077482764,NaN
94.714,0.288816473558486,NaN,-4.91801830283941,NaN
94.715,0.288879115361033,NaN,-4.91904879290376,NaN
94.716,0.288942752244938,NaN,-4.92125258552552,NaN
94.717,0.289007286061314,NaN,-4.92435583304104,NaN
94.718,0.289072630533032,NaN,-4.92801550803073,NaN
94.719,0.289138713251462,NaN,-4.93194798245213,NaN
94.72,0.289205477185411,NaN,-4.93595436816819,NaN
94.721,0.289272881738854,NaN,-4.93982464280776,NaN
94.722,0.289340903386733,NaN,-4.94328318693189,NaN
94.723,0.289409535912286,NaN,-4.94612297323437,NaN
94.724,0.289478790260289,NaN,-4.94838318608662,NaN
94.725,0.289548694036597,NaN,-4.95033733901408,NaN
94.726,0.289619290764284,NaN,-4.95229422619882,NaN
94.727,0.289690639044449,NaN,-4.95435535336203,NaN
94.728,0.289762811616627,NaN,-4.95631428077993,NaN
94.729,0.289835894129031,NaN,-4.9578241704809,NaN
94.73,0.289909983436105,NaN,-4.95868087641158,NaN
94.731,0.289985185334098,NaN,-4.95893943134302,NaN
94.732,0.290061611675902,NaN,-4.95881773643289,NaN
94.733,0.29013937691539,NaN,-4.95858635312817,NaN
94.734,0.290218594668347,NaN,-4.95855130418479,NaN
94.735,0.290299375384929,NaN,-4.95902001039531,NaN
94.736,0.290381825459774,NaN,-4.96025312847392,NaN
94.737,0.29046604674568,NaN,-4.96254412810855,NaN
94.738,0.290552135355856,NaN,-4.96631507892908,NaN
94.739,0.29064017938072,NaN,-4.97200972149833,NaN
94.74,0.290730255460976,NaN,-4.97985020992277,NaN
94.741,0.290822424163925,NaN,-4.98964048402942,NaN
94.742,0.290916724129844,NaN,-5.00074275226055,NaN
94.743,0.29101316633123,NaN,-5.01227859337436,NaN
94.744,0.291111732470393,NaN,-5.02339269792239,NaN
94.745,0.291212380165961,NaN,-5.03340750177759,NaN
94.746,0.291315052218917,NaN,-5.04187729572539,NaN
94.747,0.291419685946329,NaN,-5.04857710457756,NaN
94.748,0.291526221274181,NaN,-5.05349138503535,NaN
94.749,0.291634607625286,NaN,-5.05682592684476,NaN
94.75,0.29174480963705,NaN,-5.05896558327504,NaN
94.751,0.291856811463726,NaN,-5.06041827174579,NaN
94.752,0.291970618798317,NaN,-5.06175318418383,NaN
94.753,0.292086257890142,NaN,-5.06342304214366,NaN
94.754,0.292203771981619,NaN,-5.06557257944909,NaN
94.755,0.292323216095749,NaN,-5.06805240435538,NaN
94.756,0.292444650607808,NaN,-5.07067606761515,NaN
94.757,0.292568133630711,NaN,-5.07348727285476,NaN
94.758,0.292693712179324,NaN,-5.07678439987792,NaN
94.759,0.292821413077895,NaN,-5.08097438424744,NaN
94.76,0.292951236957361,NaN,-5.0863830005436,NaN
94.761,0.293083158466509,NaN,-5.09306736682837,NaN
94.762,0.293217131465201,NaN,-5.10078679743856,NaN
94.763,0.293353095459361,NaN,-5.10915984533426,NaN
94.764,0.293490981162575,NaN,-5.11782532797811,NaN
94.765,0.293630714838275,NaN,-5.12647923593525,NaN
94.766,0.293772221463722,NaN,-5.13483598563442,NaN
94.767,0.293915426819133,NaN,-5.14262798883341,NaN
94.768,0.294060258772214,NaN,-5.14966161771687,NaN
94.769,0.294206648064032,NaN,-5.1559144974569,NaN
94.77,0.294354528617215,NaN,-5.16158086762148,NaN
94.771,0.294503837136508,NaN,-5.16692813093261,NaN
94.772,0.294654511840666,NaN,-5.17211134097831,NaN
94.773,0.294806490317368,NaN,-5.17713145259708,NaN
94.774,0.29495970653973,NaN,-5.18183107584575,NaN
94.775,0.295114087453937,NaN,-5.18590227105964,NaN
94.776,0.295269550879021,NaN,-5.18907121990519,NaN
94.777,0.295426007270757,NaN,-5.19138284478946,NaN
94.778,0.295583365836292,NaN,-5.19324121272334,NaN
94.779,0.295741542764481,NaN,-5.19514464370683,NaN
94.78,0.295900469488955,NaN,-5.19745007953007,NaN
94.781,0.296060100444171,NaN,-5.20031066582321,NaN
94.782,0.29622042035418,NaN,-5.20371230019891,NaN
94.783,0.296381450881144,NaN,-5.20759864922234,NaN
94.784,0.296543255396829,NaN,-5.2119391150742,NaN
94.785,0.296705939520561,NaN,-5.21666543886779,NaN
94.786,0.296869646485668,NaN,-5.22162931379734,NaN
94.787,0.297034549163263,NaN,-5.22659072751995,NaN
94.788,0.297200840800964,NaN,-5.23122360530517,NaN
94.789,0.297368725021404,NaN,-5.23519922376859,NaN
94.79,0.297538404964996,NaN,-5.23824326056657,NaN
94.791,0.297710071455283,NaN,-5.24009919405105,NaN
94.792,0.297883890245889,NaN,-5.24055980156364,NaN
94.793,0.298059990260423,NaN,-5.23965411323448,NaN
94.794,0.298238457540409,NaN,-5.23776013431654,NaN
94.795,0.298419337432538,NaN,-5.23547883497531,NaN
94.796,0.298602641452847,NaN,-5.23350254279732,NaN
94.797,0.298788354164729,NaN,-5.23263687368358,NaN
94.798,0.298976438577242,NaN,-5.23379770343446,NaN
94.799,0.299166840071531,NaN,-5.23786640601655,NaN
94.8,0.29935948887687,NaN,-5.24545918293004,NaN
94.801,0.299554301509549,NaN,-5.25667314129568,NaN
94.802,0.299751182386197,NaN,-5.27095819636096,NaN
94.803,0.299950026506676,NaN,-5.28729002694593,NaN
94.804,0.300150722559117,NaN,-5.30450202366036,NaN
94.805,0.300353155313552,NaN,-5.32148898314724,NaN
94.806,0.300557206907831,NaN,-5.33733298301785,NaN
94.807,0.300762757068316,NaN,-5.35149511981035,NaN
94.808,0.300969682337649,NaN,-5.3639286720077,NaN
94.809,0.30117785470372,NaN,-5.37496973189572,NaN
94.81,0.301387140768371,NaN,-5.3851205563706,NaN
94.811,0.301597402481108,NaN,-5.39495887959049,NaN
94.812,0.30180849908355,NaN,-5.40525160772759,NaN
94.813,0.302020289184302,NaN,-5.41704076109002,NaN
94.814,0.302232632423661,NaN,-5.43148245810075,NaN
94.815,0.302445390712323,NaN,-5.44951863308603,NaN
94.816,0.302658429129863,NaN,-5.47154564745033,NaN
94.817,0.302871616686782,NaN,-5.49720020793622,NaN
94.818,0.303084827463826,NaN,-5.52533387646798,NaN
94.819,0.303297942666833,NaN,-5.55420013573459,NaN
94.82,0.303510853581586,NaN,-5.58187300207669,NaN
94.821,0.303723464996348,NaN,-5.60678514608025,NaN
94.822,0.303935698818861,NaN,-5.62815340003315,NaN
94.823,0.304147497871922,NaN,-5.64608006745475,NaN
94.824,0.304358829914313,NaN,-5.66122797397365,NaN
94.825,0.304569691575141,NaN,-5.67431868191289,NaN
94.826,0.304780110784259,NaN,-5.68589917050586,NaN
94.827,0.304990145813072,NaN,-5.69639109371203,NaN
94.828,0.305199880803601,NaN,-5.70611768378319,NaN
94.829,0.305409419585743,NaN,-5.7152791556352,NaN
94.83,0.305618879274211,NaN,-5.7239396970774,NaN
94.831,0.305828383981815,NaN,-5.73192839871061,NaN
94.832,0.306038058579166,NaN,-5.73876567606497,NaN
94.833,0.306248022426489,NaN,-5.74390084861253,NaN
94.834,0.306458383203348,NaN,-5.74715158913919,NaN
94.835,0.306669231784768,NaN,-5.74887645077719,NaN
94.836,0.30688063975563,NaN,-5.74975428320994,NaN
94.837,0.307092659944286,NaN,-5.75046788827327,NaN
94.838,0.307305328492935,NaN,-5.7514576032396,NaN
94.839,0.307518666975789,NaN,-5.75272993624227,NaN
94.84,0.307732684123742,NaN,-5.75376734826017,NaN
94.841,0.307947377141764,NaN,-5.75361748203192,NaN
94.842,0.308162732640472,NaN,-5.75115233336694,NaN
94.843,0.308378727449669,NaN,-5.74536960594314,NaN
94.844,0.308595329930204,NaN,-5.73558136269862,NaN
94.845,0.30881250211286,NaN,-5.7214318215144,NaN
94.846,0.309030202232024,NaN,-5.70284307358436,NaN
94.847,0.309248387095488,NaN,-5.67998788208418,NaN
94.848,0.309467014130621,NaN,-5.65319643289571,NaN
94.849,0.30968604313282,NaN,-5.62278155079627,NaN
94.85,0.30990543774181,NaN,-5.58901924952681,NaN
94.851,0.310125166567567,NaN,-5.55229559444898,NaN
94.852,0.310345203672103,NaN,-5.51316219996519,NaN
94.853,0.310565528196287,NaN,-5.47232109536467,NaN
94.854,0.310786123335995,NaN,-5.43065886674721,NaN
94.855,0.311006975004773,NaN,-5.38916247954999,NaN
94.856,0.311228070321231,NaN,-5.34868135784185,NaN
94.857,0.311449395938589,NaN,-5.30980216650392,NaN
94.858,0.311670936224827,NaN,-5.27285240524444,NaN
94.859,0.31189267140419,NaN,-5.23782082553165,NaN
94.86,0.312114576013238,NaN,-5.20425987138737,NaN
94.861,0.312336617998814,NaN,-5.17132553424065,NaN
94.862,0.312558758343613,NaN,-5.13799180347875,NaN
94.863,0.312780950859213,NaN,-5.10347531593262,NaN
94.864,0.313003141957847,NaN,-5.0676211535655,NaN
94.865,0.313225270394418,NaN,-5.0309059335226,NaN
94.866,0.313447267011737,NaN,-4.99417563366053,NaN
94.867,0.313669054710038,NaN,-4.95836529896727,NaN
94.868,0.31389054935689,NaN,-4.92424102660133,NaN
94.869,0.314111662421767,NaN,-4.8922023921673,NaN
94.87,0.314332305266291,NaN,-4.8622304550081,NaN
94.871,0.314552394346051,NaN,-4.83404394024342,NaN
94.872,0.314771856822967,NaN,-4.807365436228,NaN
94.873,0.314990636514274,NaN,-4.78204262819326,NaN
94.874,0.315208700221026,NaN,-4.75795573891193,NaN
94.875,0.315426043987317,NaN,-4.73486938171852,NaN
94.876,0.315642697226994,NaN,-4.71237673144724,NaN
94.877,0.315858721843096,NaN,-4.68997119157654,NaN
94.878,0.316074206009405,NaN,-4.66716195577221,NaN
94.879,0.316289255297457,NaN,-4.6435788633062,NaN
94.88,0.316503983492212,NaN,-4.61900397598405,NaN
94.881,0.31671850367213,NaN,-4.59330289605659,NaN
94.882,0.316932919486563,NaN,-4.56645641426467,NaN
94.883,0.317147316563721,NaN,-4.53868031704706,NaN
94.884,0.317361754202662,NaN,-4.51036818531751,NaN
94.885,0.317576258639622,NaN,-4.48193875297028,NaN
94.886,0.317790820374339,NaN,-4.45375265908385,NaN
94.887,0.318005396506315,NaN,-4.42606530617728,NaN
94.888,0.318219916048758,NaN,-4.39908752137987,NaN
94.889,0.318434285939343,NaN,-4.37305159919658,NaN
94.89,0.318648397092494,NaN,-4.34801526203162,NaN
94.891,0.318862130548433,NaN,-4.32361741115102,NaN
94.892,0.319075363758299,NaN,-4.29907313084257,NaN
94.893,0.319287976623153,NaN,-4.27327611953223,NaN
94.894,0.319499856180839,NaN,-4.24497297602252,NaN
94.895,0.319710899312683,NaN,-4.21302404989181,NaN
94.896,0.31992101436774,NaN,-4.17652994051022,NaN
94.897,0.320130122921007,NaN,-4.13477861804189,NaN
94.898,0.320338162097233,NaN,-4.08716769927779,NaN
94.899,0.320545087507779,NaN,-4.03316511158428,NaN
94.9,0.3207508768382,NaN,-3.9723336379452,NaN
94.901,0.320955533480937,NaN,-3.90438199247188,NaN
94.902,0.321159088236183,NaN,-3.82921885679943,NaN
94.903,0.321361597532075,NaN,-3.74703847213987,NaN
94.904,0.32156313922095,NaN,-3.65832280584124,NaN
94.905,0.321763808002048,NaN,-3.56372043901601,NaN
94.906,0.321963711338756,NaN,-3.46395130663533,NaN
94.907,0.322162965907738,NaN,-3.35979461822212,NaN
94.908,0.322361694515084,NaN,-3.25210007324669,NaN
94.909,0.322560023368747,NaN,-3.14173937714681,NaN
94.91,0.322758079496943,NaN,-3.02946197934785,NaN
94.911,0.322955988108793,NaN,-2.91569219996789,NaN
94.912,0.323153869868884,NaN,-2.80034701858239,NaN
94.913,0.323351838161149,NaN,-2.68284981700547,NaN
94.914,0.323549996355829,NaN,-2.56242523728585,NaN
94.915,0.32374843502639,NaN,-2.43846587407949,NaN
94.916,0.3239472290538,NaN,-2.31075813785484,NaN
94.917,0.324146434801237,NaN,-2.17954893681653,NaN
94.918,0.324346088278344,NaN,-2.04541219178153,NaN
94.919,0.324546205489284,NaN,-1.90896643241416,NaN
94.92,0.324746784968641,NaN,-1.77078870323361,NaN
94.921,0.324947811279454,NaN,-1.63159154207573,NaN
94.922,0.325149258482699,NaN,-1.49233293485307,NaN
94.923,0.325351093335716,NaN,-1.35424992828006,NaN
94.924,0.325553278234528,NaN,-1.21896664951826,NaN
94.925,0.325755773824666,NaN,-1.08850233965853,NaN
94.926,0.32595854087151,NaN,-0.964993643099665,NaN
94.927,0.326161540784197,NaN,-0.850325372367162,NaN
94.928,0.326364734713634,NaN,-0.74608221283889,NaN
94.929,0.326568081826413,NaN,-0.653883014847675,NaN
94.93,0.326771537313661,NaN,-0.575641010780089,NaN
94.931,0.326975050307086,NaN,-0.513300865997009,NaN
94.932,0.327178561730352,NaN,-0.468121968024844,NaN
94.933,0.327382002124064,NaN,-0.440004187662367,NaN
94.934,0.327585289519228,NaN,-0.427311929547551,NaN
94.935,0.327788327471708,NaN,-0.427270066578232,NaN
94.936,0.327991003333473,NaN,-0.436586718028193,NaN
94.937,0.328193186763591,NaN,-0.45194777887258,NaN
94.938,0.328394728485738,NaN,-0.470301095804651,NaN
94.939,0.328595459353773,NaN,-0.488924164183187,NaN
94.94,0.328795189817308,NaN,-0.505332721993397,NaN
94.941,0.328993709891261,NaN,-0.517246012624422,NaN
94.942,0.329190789750413,NaN,-0.522720970283624,NaN
94.943,0.329386181142976,NaN,-0.520299754910863,NaN
94.944,0.329579619926951,NaN,-0.509050394865912,NaN
94.945,0.329770829974066,NaN,-0.488643942097925,NaN
94.946,0.329959528485681,NaN,-0.459572299251038,NaN
94.947,0.330145432730045,NaN,-0.423306186372482,NaN
94.948,0.330328268321163,NaN,-0.382185021800798,NaN
94.949,0.330507779210266,NaN,-0.338972434799148,NaN
94.95,0.330683739555262,NaN,-0.296075802744418,NaN
94.951,0.330855966057797,NaN,-0.254815121748838,NaN
94.952,0.331024326028265,NaN,-0.215346817521886,NaN
94.953,0.331188737612313,NaN,-0.177169443921106,NaN
94.954,0.331349165022152,NaN,-0.139531639151444,NaN
94.955,0.331505613881798,NaN,-0.101429904552782,NaN
94.956,0.331658128822258,NaN,-0.0613337329825267,NaN
94.957,0.331806793506844,NaN,-0.0167329566561743,NaN
94.958,0.331951733059227,NaN,0.0363462423570913,NaN
94.959,0.332093117907675,NaN,0.103452194709642,NaN
94.96,0.332231165824223,NaN,0.191135533094907,NaN
94.961,0.332366139164901,NaN,0.305853901253506,NaN
94.962,0.332498338367237,NaN,0.452604336964339,NaN
94.963,0.33262809502919,NaN,0.633349316456263,NaN
94.964,0.332755766341411,NaN,0.845639073298179,NaN
94.965,0.332881731010929,NaN,1.08221837078825,NaN
94.966,0.333006386458265,NaN,1.33210322174376,NaN
94.967,0.333130146691439,NaN,1.58282315535812,NaN
94.968,0.33325343922939,NaN,1.82277578743854,NaN
94.969,0.333376699223372,NaN,2.04263128045978,NaN
94.97,0.333500360666633,NaN,2.23559654583,NaN
94.971,0.333624846101655,NaN,2.39731373986613,NaN
94.972,0.33375055579503,NaN,2.52624198747157,NaN
94.973,0.333877856413384,NaN,2.62432313200176,NaN
94.974,0.334007068958147,NaN,2.69682980669208,NaN
94.975,0.334138456564895,NaN,2.75085499585854,NaN
94.976,0.334272215713735,NaN,2.79341973089763,NaN
94.977,0.334408476121468,NaN,2.83074500990271,NaN
94.978,0.334547310057661,NaN,2.8689420155351,NaN
94.979,0.33468874600396,NaN,2.91477999626002,NaN
94.98,0.334832782005597,NaN,2.97502407912313,NaN
94.981,0.334979397435096,NaN,3.05427235933038,NaN
94.982,0.335128563165731,NaN,3.153061078168,NaN
94.983,0.335280250084418,NaN,3.26807311673278,NaN
94.984,0.335434435495978,NaN,3.39427183579774,NaN
94.985,0.335591106603922,NaN,3.52697674128006,NaN
94.986,0.33575026079308,NaN,3.66211037049473,NaN
94.987,0.335911903408814,NaN,3.79490290101606,NaN
94.988,0.336076043785966,NaN,3.91898767271744,NaN
94.989,0.336242689749137,NaN,4.02711101182807,NaN
94.99,0.336411840580264,NaN,4.1128402568552,NaN
94.991,0.336583478450833,NaN,4.17181244262989,NaN
94.992,0.3367575584227,NaN,4.2018472270386,NaN
94.993,0.336933998578321,NaN,4.20254917699024,NaN
94.994,0.337112674245316,NaN,4.17512649543236,NaN
94.995,0.337293418654005,NaN,4.1224661707507,NaN
94.996,0.33747602731327,NaN,4.04920469164648,NaN
94.997,0.33766026237234,NaN,3.96140399840342,NaN
94.998,0.337845855848497,NaN,3.8656427098131,NaN
94.999,0.338032511865721,NaN,3.76806196743398,NaN
95,0.338219908068073,NaN,3.67400916275074,NaN
95.001,0.338407696916722,NaN,3.58807685376156,NaN
95.002,0.338595508728098,NaN,3.51386787776713,NaN
95.003,0.338782957951476,NaN,3.45338655783673,NaN
95.004,0.338969652009201,NaN,3.40673330201976,NaN
95.005,0.339155201196642,NaN,3.3726021692855,NaN
95.006,0.339339229121641,NaN,3.34916542095817,NaN
95.007,0.339521383842603,NaN,3.33464851160593,NaN
95.008,0.33970134993287,NaN,3.32743668637809,NaN
95.009,0.339878860416576,NaN,3.3260308504684,NaN
95.01,0.340053704429931,NaN,3.32914112477412,NaN
95.011,0.340225726631354,NaN,3.3358247654084,NaN
95.012,0.340394819955012,NaN,3.3454068806245,NaN
95.013,0.340560916676002,NaN,3.35723873594487,NaN
95.014,0.340723980726609,NaN,3.37064091143019,NaN
95.015,0.340884001842236,NaN,3.38508634746737,NaN
95.016,0.341040991560911,NaN,3.40028766974426,NaN
95.017,0.341194980704542,NaN,3.41605605129999,NaN
95.018,0.34134601687379,NaN,3.43211098236285,NaN
95.019,0.34149416020851,NaN,3.44800274591132,NaN
95.02,0.341639477497169,NaN,3.46323975673184,NaN
95.021,0.341782036385677,NaN,3.47757938626685,NaN
95.022,0.341921900996914,NaN,3.49114258117768,NaN
95.023,0.3420591292445,NaN,3.50402330466975,NaN
95.024,0.34219377180227,NaN,3.51562776503925,NaN
95.025,0.342325872519284,NaN,3.52440717971412,NaN
95.026,0.342455469422754,NaN,3.52829483789867,NaN
95.027,0.342582595026921,NaN,3.52542552198353,NaN
95.028,0.342707275671075,NaN,3.51455724855342,NaN
95.029,0.342829530994967,NaN,3.49510961714057,NaN
95.03,0.34294937461542,NaN,3.46704975393608,NaN
95.031,0.343066816293497,NaN,3.43077456084846,NaN
95.032,0.343181865583197,NaN,3.38710680357224,NaN
95.033,0.34329453667047,NaN,3.33740607782223,NaN
95.034,0.343404852703955,NaN,3.28354001993186,NaN
95.035,0.343512846522308,NaN,3.22764132931281,NaN
95.036,0.343618556653994,NaN,3.17188734693024,NaN
95.037,0.343722021100817,NaN,3.11842365169428,NaN
95.038,0.343823271684421,NaN,3.069346440119,NaN
95.039,0.343922329773127,NaN,3.02653979457774,NaN
95.04,0.3440192033709,NaN,2.99126594724943,NaN
95.041,0.344113885556199,NaN,2.96381601913683,NaN
95.042,0.344206354239368,NaN,2.94361824661352,NaN
95.043,0.344296572910759,NaN,2.92970861022726,NaN
95.044,0.344384491584938,NaN,2.92105704308849,NaN
95.045,0.344470047514213,NaN,2.91655003430592,NaN
95.046,0.344553166285461,NaN,2.91493555251245,NaN
95.047,0.34463376411945,NaN,2.9148818945327,NaN
95.048,0.344711751669019,NaN,2.91502276692435,NaN
95.049,0.344787039366354,NaN,2.91402519595354,NaN
95.05,0.344859544372583,NaN,2.91084685736536,NaN
95.051,0.34492919810417,NaN,2.90509489621208,NaN
95.052,0.344995951053648,NaN,2.89713416383599,NaN
95.053,0.345059772500684,NaN,2.88784523213311,NaN
95.054,0.345120647108676,NaN,2.87833452353344,NaN
95.055,0.345178571853801,NaN,2.86984985629676,NaN
95.056,0.345233554663113,NaN,2.86383560904558,NaN
95.057,0.345285614859975,NaN,2.86185271567117,NaN
95.058,0.3453347854118,NaN,2.86521937295024,NaN
95.059,0.345381116218906,NaN,2.87459467677739,NaN
95.06,0.345424675902418,NaN,2.88982549311402,NaN
95.061,0.345465549738144,NaN,2.9100933104517,NaN
95.062,0.345503834642518,NaN,2.93415387913011,NaN
95.063,0.3455396339555,NaN,2.96053297905984,NaN
95.064,0.345573053535767,NaN,2.98775300775839,NaN
95.065,0.345604199380838,NaN,3.01461819033156,NaN
95.066,0.345633176707881,NaN,3.04035639676494,NaN
95.067,0.345660090165794,NaN,3.06448121139112,NaN
95.068,0.345685044069498,NaN,3.08656487473223,NaN
95.069,0.345708141311176,NaN,3.10616714208062,NaN
95.07,0.345729480912895,NaN,3.12290474602273,NaN
95.071,0.345749155453188,NaN,3.13654859772427,NaN
95.072,0.345767249323915,NaN,3.14708506148862,NaN
95.073,0.345783838011684,NaN,3.15469797188371,NaN
95.074,0.345798988352251,NaN,3.15972680086599,NaN
95.075,0.345812759602547,NaN,3.16272523605807,NaN
95.076,0.345825204761708,NaN,3.16458204102521,NaN
95.077,0.345836371285086,NaN,3.16649220261053,NaN
95.078,0.345846300975449,NaN,3.16974733416382,NaN
95.079,0.345855029749997,NaN,3.17550971391341,NaN
95.08,0.345862587967915,NaN,3.1846382206145,NaN
95.081,0.345869001496779,NaN,3.19757342259384,NaN
95.082,0.34587429349885,NaN,3.2143248571812,NaN
95.083,0.345878486846725,NaN,3.23455163375965,NaN
95.084,0.345881606540088,NaN,3.25763788625459,NaN
95.085,0.345883680787547,NaN,3.28274497625864,NaN
95.086,0.345884740104064,NaN,3.30890651704063,NaN
95.087,0.345884815411273,NaN,3.33511699581156,NaN
95.088,0.345883936369637,NaN,3.36042156729459,NaN
95.089,0.345882130315007,NaN,3.3841469932768,NaN
95.09,0.345879421781679,NaN,3.40617285255473,NaN
95.091,0.345875832595339,NaN,3.42698216032078,NaN
95.092,0.345871382520792,NaN,3.44743688923041,NaN
95.093,0.345866090194676,NaN,3.46839663103649,NaN
95.094,0.34585997355353,NaN,3.49036748764284,NaN
95.095,0.345853049207453,NaN,3.51334567734878,NaN
95.096,0.345845331243799,NaN,3.53691586842033,NaN
95.097,0.345836830236854,NaN,3.56050350694658,NaN
95.098,0.345827552737149,NaN,3.58357365377361,NaN
95.099,0.345817501242657,NaN,3.60570390846099,NaN
95.1,0.345806674647849,NaN,3.62655441471215,NaN
95.101,0.345795069063744,NaN,3.64577962750013,NaN
95.102,0.34578267866305,NaN,3.6629907897118,NaN
95.103,0.345769496250109,NaN,3.67782932153235,NaN
95.104,0.345755513708138,NaN,3.69012590267409,NaN
95.105,0.345740722705011,NaN,3.69997737339051,NaN
95.106,0.345725115859595,NaN,3.70758027170113,NaN
95.107,0.345708688404021,NaN,3.71300636240333,NaN
95.108,0.345691440345948,NaN,3.71621519024104,NaN
95.109,0.345673378843996,NaN,3.71724935803864,NaN
95.11,0.34565451975228,NaN,3.71634555776952,NaN
95.111,0.345634887222594,NaN,3.7138788482555,NaN
95.112,0.345614511580443,NaN,3.71024245775083,NaN
95.113,0.345593426680259,NaN,3.70577753544773,NaN
95.114,0.345571667539509,NaN,3.70080629702388,NaN
95.115,0.34554926840781,NaN,3.69568810713303,NaN
95.116,0.345526261250135,NaN,3.69085392386807,NaN
95.117,0.345502674637711,NaN,3.68690500250062,NaN
95.118,0.345478533086801,NaN,3.684674771968,NaN
95.119,0.345453856907325,NaN,3.68506221463495,NaN
95.12,0.345428662552015,NaN,3.6887398476406,NaN
95.121,0.345402963377088,NaN,3.69597725967686,NaN
95.122,0.345376770738915,NaN,3.70667425399854,NaN
95.123,0.345350095401188,NaN,3.72049157394319,NaN
95.124,0.345322949245158,NaN,3.73688614175716,NaN
95.125,0.345295347189438,NaN,3.75507217036491,NaN
95.126,0.345267308805727,NaN,3.77408721090346,NaN
95.127,0.345238858708172,NaN,3.79296321248273,NaN
95.128,0.345210025383744,NaN,3.81090193350521,NaN
95.129,0.345180839201276,NaN,3.82737614944394,NaN
95.13,0.345151330408528,NaN,3.84204297839709,NaN
95.131,0.345121527345888,NaN,3.85458295643545,NaN
95.132,0.345091454858671,NaN,3.86476278836983,NaN
95.133,0.345061132901251,NaN,3.87266442420735,NaN
95.134,0.345030575457168,NaN,3.87874452805087,NaN
95.135,0.34499979010943,NaN,3.88367039775038,NaN
95.136,0.344968778449568,NaN,3.88819384972576,NaN
95.137,0.344937537073062,NaN,3.89319694954608,NaN
95.138,0.344906058823827,NaN,3.89973850515255,NaN
95.139,0.344874334180869,NaN,3.90889849984078,NaN
95.14,0.34484235279106,NaN,3.92142014358824,NaN
95.141,0.344810105153402,NaN,3.93734970122671,NaN
95.142,0.344777584460634,NaN,3.95595821776123,NaN
95.143,0.344744788406952,NaN,3.97603510464609,NaN
95.144,0.344711720361402,NaN,3.99626832767688,NaN
95.145,0.344678389471295,NaN,4.01539440990156,NaN
95.146,0.344644810057318,NaN,4.03213850137927,NaN
95.147,0.344611000913579,NaN,4.04513122741296,NaN
95.148,0.344576984744233,NaN,4.05298276603774,NaN
95.149,0.344542787739923,NaN,4.05461675186604,NaN
95.15,0.34450843928023,NaN,4.04967314463307,NaN
95.151,0.344473971673836,NaN,4.03864313233592,NaN
95.152,0.344439419678283,NaN,4.02259445587323,NaN
95.153,0.344404819565202,NaN,4.00262050153378,NaN
95.154,0.344370207808019,NaN,3.97945023068366,NaN
95.155,0.344335619633748,NaN,3.9535560701894,NaN
95.156,0.344301087559022,NaN,3.92547554654867,NaN
95.157,0.344266639912492,NaN,3.89591461571238,NaN
95.158,0.344232299324074,NaN,3.86566432334801,NaN
95.159,0.344198081237029,NaN,3.83553572923992,NaN
95.16,0.344163992697918,NaN,3.80633647923863,NaN
95.161,0.344130031710372,NaN,3.77881552984806,NaN
95.162,0.344096187102191,NaN,3.75350070274141,NaN
95.163,0.344062438588843,NaN,3.73047886067494,NaN
95.164,0.344028756818066,NaN,3.70930210425465,NaN
95.165,0.343995103358263,NaN,3.68909415767039,NaN
95.166,0.34396143064872,NaN,3.66880713697421,NaN
95.167,0.343927682014065,NaN,3.64747781260828,NaN
95.168,0.343893792125218,NaN,3.62430994025748,NaN
95.169,0.343859688448907,NaN,3.59866358528634,NaN
95.17,0.343825293800947,NaN,3.57011302857303,NaN
95.171,0.343790529577372,NaN,3.53860218294664,NaN
95.172,0.343755319281203,NaN,3.50463013676515,NaN
95.173,0.343719592275423,NaN,3.46925186276331,NaN
95.174,0.343683287807957,NaN,3.43386083056528,NaN
95.175,0.343646359230955,NaN,3.39998945131948,NaN
95.176,0.343608777580223,NaN,3.36915452955117,NaN
95.177,0.343570532770747,NaN,3.34267801344491,NaN
95.178,0.343531631644094,NaN,3.32154757612985,NaN
95.179,0.343492094255263,NaN,3.30630436483793,NaN
95.18,0.343451950047705,NaN,3.29698935111474,NaN
95.181,0.343411234416004,NaN,3.29323630499562,NaN
95.182,0.343369985639212,NaN,3.29437620617799,NaN
95.183,0.34332824216405,NaN,3.29942894883461,NaN
95.184,0.343286040237439,NaN,3.30709573766227,NaN
95.185,0.343243411932198,NaN,3.31585988756706,NaN
95.186,0.343200383589365,NaN,3.32412253160549,NaN
95.187,0.343156974614255,NaN,3.3303025749664,NaN
95.188,0.343113196543468,NaN,3.33298551581732,NaN
95.189,0.343069052348242,NaN,3.33112249319569,NaN
95.19,0.343024535966982,NaN,3.32412800404542,NaN
95.191,0.34297963206531,NaN,3.31186582375992,NaN
95.192,0.342934316025575,NaN,3.29461451916384,NaN
95.193,0.342888554169332,NaN,3.2729741107506,NaN
95.194,0.342842304222837,NaN,3.24773530272686,NaN
95.195,0.342795516048859,NaN,3.21982730361797,NaN
95.196,0.342748132676899,NaN,3.19027788077224,NaN
95.197,0.342700091665433,NaN,3.16013250491594,NaN
95.198,0.342651326831183,NaN,3.1304677699994,NaN
95.199,0.342601770383205,NaN,3.1024893691183,NaN
95.2,0.342551355501767,NaN,3.07745673339909,NaN
95.201,0.342500019243319,NaN,3.05634018994625,NaN
95.202,0.342447705240879,NaN,3.03954328317913,NaN
95.203,0.342394365641747,NaN,3.02703504073749,NaN
95.204,0.342339962451038,NaN,3.01872371521988,NaN
95.205,0.342284468973075,0.342284468973075,3.01467125565747,3.04488570077576
95.206,0.342227871809889,0.342227871809889,3.01510676807418,3.03164187420289
95.207,0.342170173524873,0.342170173524873,3.02039911633649,3.01826846596684
95.208,0.342111395979002,0.342111851343763,3.03107390081336,3.00475761622473
95.209,0.342051584088734,0.342052907621757,3.04794422946714,2.99110276283727
95.21,0.341990808886713,0.341993344714054,3.07225493813862,2.9772986647082
95.211,0.341929168281843,0.341933164975852,3.10563011791325,2.96334142113794
95.212,0.341866785252542,0.341872370762349,3.14976282537488,2.9492284871415
95.213,0.341803804877424,0.341810964428744,3.20594923598697,2.93495868468621
95.214,0.341740391455441,0.341748948330236,3.2746818056149,2.92053220981687
95.215,0.341676725986798,0.341686324822022,3.35543923487733,2.90595063564816
95.216,0.341613003914551,0.341623096259302,3.44668500361404,2.89121691121745
95.217,0.341549433012246,0.341559264997274,3.54605557380753,2.87633535619932
95.218,0.341486231268646,0.341494833391135,3.65061839519162,2.86131165149452
95.219,0.341423624583471,0.341429803796085,3.7570815729263,2.84615282572426
95.22,0.341361844115703,0.341364178567323,3.86198475614365,2.83086723766051
95.221,0.341301123193161,0.341297960060045,3.96197008820512,2.8154645546464
95.222,0.341241693697347,0.341231150629451,4.05410704453656,2.79995572706434
95.223,0.341183781798376,0.341163752630741,4.13614302400217,2.78435295892182
95.224,0.34112760289895,0.34109576841911,4.20669206922975,2.76866967463595
95.225,0.341073355699202,0.341027200349758,4.26537182433591,2.75292048211462
95.226,0.341021216206705,0.340958050777886,4.31272372121366,2.73712113222812
95.227,0.340971334091951,0.340888322058688,4.34984038570995,2.72128847478925
95.228,0.340923832799032,0.340818016547365,4.37795962660983,2.70544041116525
95.229,0.34087881155752,0.340747136599115,4.39837644265687,2.6895958436477
95.23,0.340836346747794,0.340675684569136,4.41266059471729,2.67377462172713
95.231,0.340796491751088,0.340603662812627,4.42281910501887,2.65799748541944
95.232,0.340759275237406,0.340531073684788,4.43103222440098,2.64228600579932
95.233,0.340724697859075,0.340457919540814,4.43903785234708,2.62666252290842
95.234,0.340692728197731,0.340384202735905,4.44768653120686,2.61115008121492
95.235,0.340663300647179,0.340309925625261,4.45684731166631,2.59577236279545
95.236,0.340636317246032,0.340235090564077,4.46545987744633,2.58055361843162
95.237,0.340611651947903,0.340159699907555,4.4716851898842,2.56551859681299
95.238,0.340589154617938,0.340083756010892,4.47300353308642,2.55069247203982
95.239,0.340568653702278,0.340007261229285,4.46606251313812,2.53610076963106
95.24,0.340549957573335,0.339930217917936,4.44656490961946,2.52176929124308
95.241,0.340532854655809,0.339852628432039,4.4095512966858,2.50772403830646
95.242,0.340517112721915,0.339774495126795,4.34998510578673,2.49399113479626
95.243,0.340502478393991,0.339695820357404,4.26345174996401,2.48059674935358
95.244,0.34048867782498,0.339616606479061,4.14696155463201,2.46756701696562
95.245,0.340475418360947,0.339536855846966,3.9997711233204,2.45492796043648
95.246,0.340462390349819,0.339456570816318,3.82391956096817,2.44270541185537
95.247,0.340449268718527,0.339375753742314,3.62424205517662,2.43092493429089
95.248,0.340435714412818,0.339294406980154,3.40790200505773,2.41961174392332
95.249,0.340421375898816,0.339212532885036,3.18360782818892,2.40879063283782
95.25,0.340405890927048,0.339130133812157,2.96066194233849,2.39848589268539
95.251,0.340388888746804,0.339047212116717,2.74806891793212,2.38872123943922
95.252,0.34036999295902,0.338963770153916,2.55390524922218,2.37951973944334
95.253,0.340348825235273,0.338879810278948,2.38488503966043,2.37090373696647
95.254,0.340325010166654,0.338795334847015,2.24591861213827,2.36289478346443
95.255,0.34029818149978,0.338710346213315,2.13957233088596,2.35551356874723
95.256,0.340267989994989,0.338624846733044,2.06569391374136,2.34877985424385
95.257,0.340234113129115,0.338538838761403,2.02165966955835,2.34271240855382
95.258,0.340196266854232,0.338452324653591,2.0032160615944,2.3373289454645
95.259,0.340154218827104,0.338365306764804,2.00537341502893,2.33264606460703
95.26,0.340107799531219,0.338277787450241,2.02290520822825,2.32867919492349
95.261,0.340056905642789,0.338189769065103,2.05047558641622,2.32544254109884
95.262,0.340001494483976,0.338101253964585,2.08272795597369,2.32294903310746
95.263,0.339941574786376,0.338012244503886,2.11460017012954,2.3212102790225
95.264,0.339877198802006,0.337922743038207,2.14191313158957,2.32023652121996
95.265,0.339808457168344,0.337832751922744,2.16190727006086,2.32003659609746
95.266,0.339735476496949,0.337742273512696,2.17329037727651,2.32061789742504
95.267,0.33965841939867,0.337651310163263,2.17590260023132,2.32198634343654
95.268,0.339577485034787,0.337559864229641,2.17045523625763,2.32414634774275
95.269,0.339492906219874,0.337467938067029,2.15847739683942,2.3271007941691
95.27,0.339404941145818,0.337375534030627,2.14217969280306,2.33085101557297
95.271,0.339313862556242,0.337282654475632,2.1240730994335,2.33539677671362
95.272,0.339219947858328,0.337189301757242,2.10655733623858,2.34073626121647
95.273,0.339123471144341,0.337095478230658,2.09161589676708,2.34686606268602
95.274,0.339024696955022,0.337001186251076,2.08069827996561,2.35378117997371
95.275,0.338923875618528,0.336906428173694,2.07490329209223,2.36147501663727
95.276,0.338821240091255,0.336811206353714,2.07526997905077,2.36993938458339
95.277,0.338717004412619,0.33671552314633,2.08285863349459,2.37916451189795
95.278,0.338611363814667,0.336619380906742,2.09851265561105,2.38913905483195
95.279,0.338504496186394,0.336522781990151,2.12244173038302,2.39985011392925
95.28,0.338396564504761,0.336425728751752,2.15399901188721,2.41128325424018
95.281,0.338287720026398,0.336328223546745,2.19186329796324,2.42342252957783
95.282,0.338178106136048,0.336230268730329,2.23439561069325,2.43625051075564
95.283,0.338067862757705,0.336131866657701,2.27990009051065,2.44974831772314
95.284,0.337957130708759,0.336033019684059,2.32672475438647,2.46389565551885
95.285,0.337846054174375,0.335933730164605,2.37324883216891,2.47867085394846
95.286,0.337734779720821,0.335834000454533,2.41789995562225,2.49405091087671
95.287,0.337623452531263,0.335733832909044,2.45923372305452,2.51001153901839
95.288,0.33751221165523,0.335633229883337,2.49599154111105,2.5265272161063
95.289,0.337401185147865,0.335532193732607,2.5272139225982,2.54357123829593
95.29,0.337290485159553,0.335430726812056,2.5523952341667,2.56111577666826
95.291,0.337180202898865,0.335328831476882,2.5714851653534,2.57913193667626
95.292,0.337070403732563,0.335226510082281,2.58480543920307,2.5975898203702
95.293,0.336961123564281,0.335123764983454,2.59307780667242,2.61645859124195
95.294,0.336852367723563,0.335020598535599,2.59745753495519,2.63570654150523
95.295,0.336744112087121,0.334917013093913,2.59939322612089,2.65530116164047
95.296,0.33663630502979,0.334813011013595,2.60046157928665,2.67520921199778
95.297,0.336528869279732,0.334708594649845,2.60234078366754,2.69539679628737
95.298,0.336421703506169,0.334603766357859,2.60672893297285,2.71582943673325
95.299,0.336314683686587,0.334498528492837,2.61510313026129,2.73647215071083
95.3,0.336207664498135,0.334392883409979,2.62855799994003,2.75728952864213
95.301,0.336100481554474,0.334286833464479,2.64779580948052,2.77824581294921
95.302,0.335992955532594,0.334180381011539,2.67310293071865,2.79930497783867
95.303,0.335884898316728,0.334073528406357,2.70429448692747,2.82043080972269
95.304,0.335776120325309,0.33396627800413,2.74068062746378,2.84158698803068
95.305,0.335666438361132,0.333858632160057,2.7810954625793,2.86273716621413
95.306,0.335555683901976,0.333750593229339,2.82405780305177,2.88384505271699
95.307,0.335443711941607,0.33364216356717,2.86797496829455,2.90487449168992
95.308,0.335330410481872,0.333533345528751,2.91124764971687,2.92578954323365
95.309,0.335215710319155,0.333424141469281,2.95233360027256,2.94655456295454
95.31,0.33509959270807,0.333314553743956,2.98989153055096,2.96713428060889
95.311,0.334982090593873,0.333204584707977,3.02295065361154,2.98749387763
95.312,0.334863282001712,0.333094236716542,3.05100252699044,3.00759906333281
95.313,0.334743279201729,0.332983512124848,3.07404793216976,3.02741614957781
95.314,0.334622217511254,0.332872413288093,3.09252942293538,3.04691212369706
95.315,0.334500244822961,0.33276094256148,3.10711404254547,3.06605471949185
95.316,0.334377511779124,0.332649102300201,3.11857716227814,3.08481248610031
95.317,0.334254162589754,0.332536894859458,3.127812597929,3.1031548545538
95.318,0.334130327222028,0.332424322594451,3.13574329727524,3.12105220184422
95.319,0.334006116727333,0.332311387860375,3.1431778762293,3.1384759123288
95.32,0.33388162257741,0.33219809301243,3.15079371877775,3.1553984362978
95.321,0.333756918564127,0.332084440405815,3.15919665287872,3.1717933455725
95.322,0.33363206343925,0.331970432395727,3.16888181071452,3.18763538595055
95.323,0.333507103687643,0.331856071337365,3.18011053401212,3.20290052638706
95.324,0.333382076396991,0.331741359585929,3.19282432092728,3.2175660047633
95.325,0.333257012194627,0.331626299496615,3.20664384580976,3.23161037013517
95.326,0.333131938097134,0.331510893424622,3.22094820383032,3.24501352132967
95.327,0.333006879858335,0.331395143725151,3.23495616616182,3.25775674181222
95.328,0.332881863528904,0.331279052753397,3.24784046261732,3.26982273070425
95.329,0.332756916467234,0.331162622864559,3.25896805914049,3.28119562990216
95.33,0.332632068182666,0.331045856413839,3.26813203063914,3.29186104720038
95.331,0.332507351132845,0.33092875575643,3.27562273777369,3.30180607537653
95.332,0.332382801459524,0.330811323247534,3.28213701147207,3.3110193071762
95.333,0.332258459642691,0.33069356124235,3.28854713056471,3.31949084618475
95.334,0.332134370973398,0.330575472096074,3.29558428749681,3.32721231352752
95.335,0.332010585569541,0.330457058163904,3.30358488089553,3.3341768504146
95.336,0.331887157695194,0.330338321801043,3.31247916206263,3.34037911651362
95.337,0.331764144469309,0.330219265362684,3.32200501187457,3.34581528415977
95.338,0.331641604200659,0.330099891204028,3.33184448135392,3.35048302843173
95.339,0.331519594448846,0.329980201680275,3.34153727307155,3.35438151312065
95.34,0.331398169795242,0.32986019914662,3.35044184143195,3.35751137263093
95.341,0.331277379289183,0.329739885958263,3.35792550349774,3.35987468987698
95.342,0.331157263704858,0.329619264470404,3.36359950861832,3.36147497024373
95.343,0.331037853171511,0.329498337038238,3.3673776335286,3.36231711167515
95.344,0.330919165751595,0.329377106016966,3.36931217644263,3.3624073709888
95.345,0.330801206787669,0.329255573761788,3.36939313615139,3.36175332651363
95.346,0.330683968327699,0.329133742627898,3.3676607261937,3.36036383715524
95.347,0.330567428194841,0.329011614970497,3.36456741043181,3.35824899801046
95.348,0.330451548619342,0.328889193144785,3.36102259550022,3.35542009265779
95.349,0.330336274446578,0.328766479505957,3.35797189261255,3.35188954226153
95.35,0.33022153121724,0.328643476409212,3.35592817193893,3.34767085162868
95.351,0.330107224241864,0.328520186209752,3.35482608240122,3.34277855239256
95.352,0.329993240072999,0.328396611262772,3.35430682425011,3.33722814345304
95.353,0.329879450429963,0.32827275392347,3.35411350917803,3.33103602887521
95.354,0.329765717285956,0.328148616547049,3.35408873920293,3.3242194534013
95.355,0.329651898109677,0.328024201488701,3.35380466961129,3.31679643577472
95.356,0.329537851073641,0.327899511103629,3.35235233389296,3.30878570004945
95.357,0.329423440315094,0.327774547747031,3.34854903083448,3.30020660509813
95.358,0.329308541334956,0.327649313774103,3.34137979872947,3.29107907249387
95.359,0.329193046393712,0.327523811540045,3.3303878547665,3.28142351300326
95.36,0.329076868898485,0.327398043400058,3.31576384352395,3.27126075186728
95.361,0.328959945164311,0.327272011709335,3.2980801203556,3.26061195309979
95.362,0.328842233223809,0.327145718823078,3.27794805862271,3.24949854301224
95.363,0.328723710217261,0.327019167096487,3.25590908391343,3.23794213318183
95.364,0.328604369848602,0.326892358884755,3.23252326718531,3.22596444307908
95.365,0.328484220334178,0.326765296543087,3.20843012290354,3.21358722257701
95.366,0.328363282848758,0.326637982426675,3.18432795152194,3.20083217455824
95.367,0.328241590415936,0.326510418890721,3.16090364022132,3.1877208778356
95.368,0.328119186866541,0.326382608290425,3.13873779213254,3.17427471061722
95.369,0.327996125092115,0.326254552980982,3.11829667861117,3.16051477471188
95.37,0.327872464226116,0.326126255317591,3.10001584883918,3.14646182071123
95.371,0.32774826630376,0.325997717655454,3.08426889698451,3.13213617433399
95.372,0.327623593069901,0.325868942349764,3.07120445493768,3.11755766417252
95.373,0.327498503116664,0.325739931755722,3.06067226711135,3.10274555101713
95.374,0.327373049313798,0.325610688228529,3.05228287681404,3.08771845897372
95.375,0.327247276507457,0.325481214123379,3.04555342976786,3.07249430856463
95.376,0.327121219783832,0.325351511795473,3.04002096783466,3.05709025200428
95.377,0.326994904178904,0.325221583600011,3.03509919901147,3.04152261083011
95.378,0.326868346382141,0.325091431892186,3.02986095430959,3.02580681606728
95.379,0.326741557794564,0.324961059027201,3.02316404254947,3.00995735109833
95.38,0.326614548032601,0.324830467360255,3.01402273655836,2.99398769739212
95.381,0.326487328574157,0.324699659246543,3.00185242648142,2.97791028326086
95.382,0.326359916539871,0.324568637041264,2.98652784054518,2.96173643577776
95.383,0.326232338601358,0.32443740309962,2.96830308121285,2.945476335993
95.384,0.326104634581339,0.324305959776806,2.94764941396033,2.92913897758223
95.385,0.32597685935799,0.32417430942802,2.92519423475128,2.91273212904856
95.386,0.325849081901615,0.324042454408465,2.90171776852266,2.89626229957182
95.387,0.325721382056981,0.323910397073334,2.8779843224859,2.87973470861554
95.388,0.325593846500171,0.323778139777827,2.85451689368093,2.86315325938097
95.389,0.325466564545678,0.323645684877146,2.83161348648213,2.84652051616698
95.39,0.325339623851844,0.323513034726484,2.80955424866184,2.82983768573104
95.391,0.325213105971141,0.323380191681043,2.78871537731316,2.8131046026794
95.392,0.325087081896785,0.323247158096022,2.76956134248252,2.79631971894551
95.393,0.324961608256766,0.323113936326616,2.75256908568689,2.77948009737917
95.394,0.32483672478468,0.322980528728025,2.73800728356948,2.76258140948584
95.395,0.324712452801486,0.32284693765545,2.72571804431256,2.74561793729616
95.396,0.324588793896512,0.322713165464085,2.71513750858894,2.72858257939193
95.397,0.324465728327145,0.322579214509131,2.70550316793755,2.71146686105588
95.398,0.324343213048758,0.322445087145789,2.69608452065602,2.6942609485351
95.399,0.324221179387587,0.322310785729251,2.68627914916148,2.67695366736466
95.4,0.324099530741573,0.32217631261472,2.67554619628074,2.65953252472144
95.401,0.323978141688726,0.322041670157395,2.66336748644063,2.64198373573261
95.402,0.323856860067359,0.321906860712471,2.64930386187118,2.62429225367857
95.403,0.323735511914825,0.321771886635149,2.63305567665349,2.60644180401367
95.404,0.323613907756926,0.321636750280628,2.61450755414557,2.58841492209827
95.405,0.323491849205943,0.321501454004104,2.5937576864146,2.57019299455156
95.406,0.323369135718531,0.321366000160776,2.57108900494284,2.55175630411195
95.407,0.323245571633206,0.321230391105845,2.54692543325825,2.53308407788053
95.408,0.323120973608329,0.321094629194505,2.52183935057386,2.51415453881622
95.409,0.322995178248121,0.320958716781958,2.49650307262641,2.49494496034694
95.41,0.322868048535315,0.320822656223403,2.47160492336474,2.47543172393859
95.411,0.322739477006311,0.320686449874035,2.44784620676726,2.45559037947839
95.412,0.322609385411331,0.320550100089054,2.42579416517526,2.43539570829558
95.413,0.322477722917854,0.320413609223661,2.40552043969506,2.41482178864885
95.414,0.322344464738049,0.32027697963305,2.38645549251844,2.39384206350834
95.415,0.322209611712471,0.320140213672422,2.36768948454627,2.37242941043695
95.416,0.322073190865352,0.320003313696976,2.34841656756784,2.35055621339103
95.417,0.321935256730905,0.319866282061908,2.32816668143331,2.32819443622753
95.418,0.321795892119363,0.319729121122419,2.30677155391472,2.30531569773473
95.419,0.321655205745374,0.319591833233707,2.28419211981633,2.28189134795776
95.42,0.321513325639177,0.319454420750968,2.26038755838622,2.25789254563582
95.421,0.321370390304777,0.319316886029403,2.23536077926186,2.23329033651558
95.422,0.321226539893013,0.319179231424211,2.20926142861395,2.2080557323374
95.423,0.321081908021843,0.319041459290587,2.18232669995735,2.18215979026842
95.424,0.320936614160313,0.318903571983732,2.15475728147279,2.15557369258177
95.425,0.32079075652699,0.318765571858845,2.12676951321787,NaN
95.426,0.320644406314915,0.318627461271123,2.09875703659156,NaN
95.427,0.320497605621281,0.318489242575764,2.07131952178388,NaN
95.428,0.320350370561805,0.318350918127969,2.04509984096437,NaN
95.429,0.320202697867811,0.318212490282933,2.02061515456413,NaN
95.43,0.320054572547832,0.318073961395856,1.9982491140508,NaN
95.431,0.319905975821434,0.317935333821939,1.97835457148156,NaN
95.432,0.31975689333204,0.317796609916376,1.96125424122771,NaN
95.433,0.319607323647749,0.317657792034367,1.94699611276726,NaN
95.434,0.319457286214433,0.317518882531114,1.93516661402161,NaN
95.435,0.319306826019009,0.317379883761809,1.92509499785995,NaN
95.436,0.319156012621466,0.317240798081655,1.91612354803327,NaN
95.437,0.319004934782712,0.317101627845851,1.90761640291528,NaN
95.438,0.318853693602443,0.316962375409591,1.89896968459434,NaN
95.439,0.318702395600821,0.316823043128077,1.88975648395924,NaN
95.44,0.318551145898745,0.316683633356508,1.87971920571765,NaN
95.441,0.318400041433424,0.316544148450079,1.86859771789121,NaN
95.442,0.318249164502205,0.316404590763991,1.85609829887684,NaN
95.443,0.318098577805529,0.316264962653443,1.84202059838463,NaN
95.444,0.317948322137676,0.316125266473631,1.82632098191327,NaN
95.445,0.317798416301331,0.315985504579755,1.80903762326524,NaN
95.446,0.31764885783026,0.315845679327015,1.79021445148926,NaN
95.447,0.317499623666068,0.315705793070605,1.76995379044235,NaN
95.448,0.317350670628055,0.315565848165726,1.74848767002379,NaN
95.449,0.317201935690189,0.31542584696758,1.72617432274944,NaN
95.45,0.317053336215058,0.315285791831359,1.70354736859464,NaN
95.451,0.316904770678724,0.315145685112264,1.68132536634448,NaN
95.452,0.316756120558633,0.315005529165496,1.6601914030686,NaN
95.453,0.316607253449261,0.31486532634625,1.64057216421035,NaN
95.454,0.316458026857073,0.314725079009725,1.62267304956449,NaN
95.455,0.316308292256691,0.314584789511122,1.60666638701005,NaN
95.456,0.316157899369573,0.314444460205636,1.59276349254909,NaN
95.457,0.316006700755046,0.314304093448467,1.58106632372417,NaN
95.458,0.315854556804547,0.314163691594815,1.57142914113561,NaN
95.459,0.31570134101915,0.314023256999876,1.56352933317781,NaN
95.46,0.315546944663909,0.313882792018849,1.55703784974647,NaN
95.461,0.315391279365779,0.313742299006934,1.55171947469216,NaN
95.462,0.315234277410977,0.313601780319327,1.54743397842515,NaN
95.463,0.3150758911504,0.313461238311227,1.54407964749452,NaN
95.464,0.314916092855443,0.313320675337836,1.54155151595818,NaN
95.465,0.314754875417409,0.313180093754347,1.53972547629232,NaN
95.466,0.314592253907329,0.313039495915961,1.53841414668213,NaN
95.467,0.314428267879162,0.312898884177878,1.53737775326684,NaN
95.468,0.314262983391454,0.312758260895293,1.53642022828937,NaN
95.469,0.314096492524135,0.312617628423407,1.53545911739401,NaN
95.47,0.313928909287428,0.312476989117419,1.53455237652352,NaN
95.471,0.313760363534785,0.312336345332524,1.53385947912087,NaN
95.472,0.313590994889261,0.312195699423924,1.5335278486948,NaN
95.473,0.31342094725771,0.312055053746817,1.53364369126445,NaN
95.474,0.313250363848756,0.311914410656398,1.53430746209373,NaN
95.475,0.313079382607771,0.311773772507869,1.53567328708052,NaN
95.476,0.312908132296973,0.311633141656429,1.53785763623355,NaN
95.477,0.312736730082163,0.311492520457272,1.54087268320308,NaN
95.478,0.312565281180153,0.3113519112656,1.54471102427518,NaN
95.479,0.312393879867843,0.311211316436613,1.54946259379959,NaN
95.48,0.312222610842054,0.311070738325505,1.55524171499171,NaN
95.481,0.31205155055411,0.310930179287476,1.56195644059773,NaN
95.482,0.311880768465753,0.310789641677727,1.56918897771403,NaN
95.483,0.311710328179076,0.310649127851453,1.57624546944149,NaN
95.484,0.311540288447319,0.310508640163854,1.58232894246616,NaN
95.485,0.311370704187657,0.31036818097013,1.58686990537878,NaN
95.486,0.311201627592319,0.310227752625475,1.58983146741441,NaN
95.487,0.311033109226321,0.310087357485091,1.5916666979526,NaN
95.488,0.31086519890798,0.309946997904178,1.59288758262625,NaN
95.489,0.310697946257997,0.30980667623793,1.5936603891637,NaN
95.49,0.310531400875385,0.309666394841549,1.59384249863368,NaN
95.491,0.310365612109704,0.30952615607023,1.59328585278124,NaN
95.492,0.310200628406992,0.309385962279173,1.59201129854127,NaN
95.493,0.310036496226303,0.309245815823579,1.59018170655961,NaN
95.494,0.309873258524354,0.309105719058643,1.58799424716102,NaN
95.495,0.30971095277233,0.308965674339564,1.58562374234498,NaN
95.496,0.309549608448261,0.308825684021544,1.58324524569715,NaN
95.497,0.309389243963607,0.308685750459776,1.58100651842034,NaN
95.498,0.309229863003096,0.308545876009461,1.57888910561818,NaN
95.499,0.309071450267642,0.308406063025799,1.57657953066996,NaN
95.5,0.308913967071978,0.308266313863986,1.57349882307296,NaN
95.501,0.30875734857664,0.30812663087922,1.56904926727535,NaN
95.502,0.308601504817298,0.307987016426704,1.5629649247411,NaN
95.503,0.308446325487861,0.30784747286163,1.55548800740031,NaN
95.504,0.308291686351154,0.307708002539201,1.54723414851502,NaN
95.505,0.308137455657109,0.307568607814615,1.53893339934652,NaN
95.506,0.307983500231676,0.307429291043068,1.53127049928044,NaN
95.507,0.307829691315465,0.30729005457976,1.52486651859318,NaN
95.508,0.307675910232066,0.307150900779892,1.52027534394251,NaN
95.509,0.307522053785424,0.307011831998657,1.5178216802439,NaN
95.51,0.30736803860636,0.306872850591256,1.51740552397077,NaN
95.511,0.307213803202341,0.306733958912891,1.51853900423422,NaN
95.512,0.307059307482185,0.306595159318754,1.52056502086813,NaN
95.513,0.30690453096204,0.306456454164047,1.52290917541982,NaN
95.514,0.306749470807787,0.30631784580397,1.52522006231018,NaN
95.515,0.306594140044381,0.306179336593717,1.52722458873773,NaN
95.516,0.306438565934425,0.30604092888849,1.52847446160553,NaN
95.517,0.306282788507446,0.305902625043488,1.52830703660843,NaN
95.518,0.306126859132324,0.305764427413905,1.52605367316146,NaN
95.519,0.305970838912237,0.305626338354943,1.52136625924443,NaN
95.52,0.305814796776871,0.305488360221802,1.51441389474234,NaN
95.521,0.305658807384372,0.305350495369675,1.5056935199243,NaN
95.522,0.305502948976847,0.305212746153765,1.495576061096,NaN
95.523,0.30534730120239,0.30507511492927,1.48400063604755,NaN
95.524,0.305191942856279,0.304937604051385,1.47057193241011,NaN
95.525,0.305036949493137,0.304800215875312,1.45490290262125,NaN
95.526,0.30488239117164,0.30466295275625,1.43684710056404,NaN
95.527,0.304728331219177,0.304525817049393,1.41654373646292,NaN
95.528,0.304574826608771,0.304388811109943,1.39440778741319,NaN
95.529,0.304421929301884,0.304251937293099,1.37107352604732,NaN
95.53,0.304269687583109,0.304115197954057,1.34723084944282,NaN
95.531,0.304118147028726,0.303978595448016,1.32343765076679,NaN
95.532,0.303967351073676,0.303842132130177,1.3000797502613,NaN
95.533,0.303817341148803,0.303705810355734,1.2774144762133,NaN
95.534,0.303668156475403,0.303569632479888,1.25552997414537,NaN
95.535,0.303519833859535,0.303433600857839,1.23425937977373,NaN
95.536,0.303372407769355,0.303297717844782,1.21313715009652,NaN
95.537,0.303225910498574,0.303161985795918,1.19144065452954,NaN
95.538,0.303080372000421,0.303026407066445,1.16833472648299,NaN
95.539,0.302935819178797,0.30289098401156,1.14305642486297,NaN
95.54,0.302792274591851,0.302755718986462,1.11508053547786,NaN
95.541,0.302649754551862,0.302620614346353,1.084245193424,NaN
95.542,0.302508266830835,0.302485672446425,1.05073161676891,NaN
95.543,0.30236780876857,0.30235089564188,1.01485150324968,NaN
95.544,0.302228366638652,0.302216286287919,0.97688268202007,NaN
95.545,0.302089916105025,0.302081846739735,0.937112071952869,NaN
95.546,0.301952422833274,0.301947579352529,0.895899256355132,NaN
95.547,0.301815842634401,0.301813486481502,0.853700456713555,NaN
95.548,0.301680121024052,0.301679570481847,0.811154122809098,NaN
95.549,0.301545192224432,0.301545833708766,0.769052729596339,NaN
95.55,0.30141097784186,0.301412278517459,0.728111123433061,NaN
95.551,0.301277386126306,0.301278907263121,0.688793226699219,NaN
95.552,0.301144313063653,0.30114572230095,0.65128639481534,NaN
95.553,0.301011645494342,0.30101272598615,0.615508085471927,NaN
95.554,0.300879265187691,0.300879920673912,0.581173002432742,NaN
95.555,0.300747052936882,0.300747308719439,0.547899926402459,NaN
95.556,0.30061489247793,0.30061489247793,0.515236905761402,NaN
95.557,0.30048267430458,0.30048267430458,0.482692320685081,NaN
95.558,0.30035029944935,0.30035029944935,0.449850841813963,NaN
95.559,0.300217683192178,NaN,0.416474159811746,NaN
95.56,0.300084758092561,NaN,0.382567846987731,NaN
95.561,0.29995147513709,NaN,0.348412873831449,NaN
95.562,0.299817802552599,NaN,0.314464205463484,NaN
95.563,0.2996837233291,NaN,0.281150965574941,NaN
95.564,0.299549232627361,NaN,0.248765666465081,NaN
95.565,0.299414335432339,NaN,0.217478212609664,NaN
95.566,0.299279044456182,NaN,0.187387422148613,NaN
95.567,0.299143378291198,NaN,0.158588187980647,NaN
95.568,0.299007359871358,NaN,0.13116270979462,NaN
95.569,0.298871015409013,NaN,0.104984292149425,NaN
95.57,0.298734373902023,NaN,0.0795362758645079,NaN
95.571,0.298597467072251,NaN,0.0540304963811718,NaN
95.572,0.298460329542862,NaN,0.0276933346588061,NaN
95.573,0.2983229991776,NaN,-5.00774691302433e-05,NaN
95.574,0.298185517560671,NaN,-0.0295244997828614,NaN
95.575,0.298047930593852,NaN,-0.0608150303617704,NaN
95.576,0.297910289035537,NaN,-0.0937998613782954,NaN
95.577,0.297772648468711,NaN,-0.128191448776538,NaN
95.578,0.297635068259776,NaN,-0.163498826256579,NaN
95.579,0.297497609701767,NaN,-0.198908300306762,NaN
95.58,0.297360333826643,NaN,-0.233321673595868,NaN
95.581,0.297223299107082,NaN,-0.265577808254971,NaN
95.582,0.297086559046917,NaN,-0.294604999045696,NaN
95.583,0.296950159625078,NaN,-0.319544148691183,NaN
95.584,0.296814136867197,NaN,-0.339954417962964,NaN
95.585,0.296678515581421,NaN,-0.355878829086515,NaN
95.586,0.296543310285072,NaN,-0.367713992902389,NaN
95.587,0.296408527984827,NaN,-0.376134904703296,NaN
95.588,0.296274171591321,NaN,-0.38213259363011,NaN
95.589,0.29614024322068,NaN,-0.38699424506316,NaN
95.59,0.296006747234868,NaN,-0.392156750977834,NaN
95.591,0.295873693018618,NaN,-0.399058551732207,NaN
95.592,0.295741097366939,NaN,-0.409001234773556,NaN
95.593,0.295608985994199,NaN,-0.42288194605055,NaN
95.594,0.29547739356367,NaN,-0.440955021098209,NaN
95.595,0.295346362236459,NaN,-0.462907358431594,NaN
95.596,0.295215939316624,NaN,-0.488165222390476,NaN
95.597,0.295086174435174,NaN,-0.516205362556198,NaN
95.598,0.294957116359905,NaN,-0.546709497961308,NaN
95.599,0.294828809401581,NaN,-0.579478355875981,NaN
95.6,0.294701289555752,NaN,-0.61425364426458,NaN
95.601,0.294574581175568,NaN,-0.650585272546308,NaN
95.602,0.294448695441881,NaN,-0.687741939573277,NaN
95.603,0.294323630913997,NaN,-0.724766497287544,NaN
95.604,0.294199375015616,NaN,-0.760717789650843,NaN
95.605,0.294075905337173,NaN,-0.794860147660946,NaN
95.606,0.293953190444833,NaN,-0.826585882658135,NaN
95.607,0.293831190209665,NaN,-0.85524263478889,NaN
95.608,0.293709855715205,NaN,-0.880194396609146,NaN
95.609,0.293589129147599,NaN,-0.901115505999152,NaN
95.61,0.293468944563894,NaN,-0.918169352841736,NaN
95.611,0.29334923002061,NaN,-0.931904282487006,NaN
95.612,0.293229910460432,NaN,-0.943108158534557,NaN
95.613,0.293110910573807,NaN,-0.952755378134118,NaN
95.614,0.292992157418176,NaN,-0.961935238071841,NaN
95.615,0.292873582840255,NaN,-0.971722125612044,NaN
95.616,0.292755125745403,NaN,-0.983009365581432,NaN
95.617,0.2926367342552,NaN,-0.996368263376279,NaN
95.618,0.292518367556437,NaN,-1.01198667726941,NaN
95.619,0.292399996763705,NaN,-1.02970316282721,NaN
95.62,0.292281604328777,NaN,-1.04917201899314,NaN
95.621,0.292163182465833,NaN,-1.07002037800361,NaN
95.622,0.292044731320931,NaN,-1.09185985927932,NaN
95.623,0.291926257149013,NaN,-1.11431475204404,NaN
95.624,0.291807770507016,NaN,-1.13709707983936,NaN
95.625,0.291689284459789,NaN,-1.15996948849062,NaN
95.626,0.291570812952927,NaN,-1.1826745261528,NaN
95.627,0.29145236986848,NaN,-1.20493312794833,NaN
95.628,0.291333969205556,NaN,-1.22640779988401,NaN
95.629,0.291215626144008,NaN,-1.24661230853243,NaN
95.63,0.291097358415384,NaN,-1.2649214836543,NaN
95.631,0.290979187681148,NaN,-1.28072718371913,NaN
95.632,0.290861140863456,NaN,-1.29364650935215,NaN
95.633,0.290743251414775,NaN,-1.30373032496803,NaN
95.634,0.290625560410375,NaN,-1.31161562533684,NaN
95.635,0.290508117086832,NaN,-1.31849517677069,NaN
95.636,0.290390978426753,NaN,-1.3259016211987,NaN
95.637,0.29027420784024,NaN,-1.33545541859343,NaN
95.638,0.290157873323251,NaN,-1.34858075603011,NaN
95.639,0.290042045329861,NaN,-1.36610472666913,NaN
95.64,0.289926794376109,NaN,-1.3879490487667,NaN
95.641,0.289812188332901,NaN,-1.41322469937905,NaN
95.642,0.289698289592479,NaN,-1.44063419247178,NaN
95.643,0.289585152999847,NaN,-1.46884370442849,NaN
95.644,0.289472825719403,NaN,-1.49668584204976,NaN
95.645,0.28936134905197,NaN,-1.52324861936552,NaN
95.646,0.289250760989183,NaN,-1.54788146902148,NaN
95.647,0.289141098498114,NaN,-1.5700914461761,NaN
95.648,0.289032399260768,NaN,-1.58948733044333,NaN
95.649,0.28892470284523,NaN,-1.60598388549709,NaN
95.65,0.288818051324003,NaN,-1.62003107025556,NaN
95.651,0.288712489516474,NaN,-1.63252152489117,NaN
95.652,0.28860806516056,NaN,-1.64451774155429,NaN
95.653,0.288504829076485,NaN,-1.65703584044891,NaN
95.654,0.288402835007631,NaN,-1.67090206372501,NaN
95.655,0.288302138815411,NaN,-1.68673948317782,NaN
95.656,0.288202796911109,NaN,-1.70501733623704,NaN
95.657,0.288104863890902,NaN,-1.72599894210604,NaN
95.658,0.288008389382428,NaN,-1.74971482686034,NaN
95.659,0.287913414719734,NaN,-1.7760057355461,NaN
95.66,0.287819971069212,NaN,-1.80447106115901,NaN
95.661,0.287728079942175,NaN,-1.83442847115756,NaN
95.662,0.287637754902906,NaN,-1.8650451527213,NaN
95.663,0.287549002848688,NaN,-1.89555595284194,NaN
95.664,0.287461824330581,NaN,-1.92540850944103,NaN
95.665,0.28737621291062,NaN,-1.954241385119,NaN
95.666,0.287292153555296,NaN,-1.98176119122174,NaN
95.667,0.287209620667439,NaN,-2.00763475859272,NaN
95.668,0.287128577587852,NaN,-2.03147037286881,NaN
95.669,0.28704897886324,NaN,-2.05295126307901,NaN
95.67,0.286970774163778,NaN,-2.07200751623637,NaN
95.671,0.286893912027053,NaN,-2.08887758850617,NaN
95.672,0.286818342775123,NaN,-2.10407336251427,NaN
95.673,0.286744020606943,NaN,-2.11822904782877,NaN
95.674,0.286670904895994,NaN,-2.13195088469866,NaN
95.675,0.28659896072085,NaN,-2.14589824117393,NaN
95.676,0.286528158804634,NaN,-2.1609711040727,NaN
95.677,0.286458475395482,NaN,-2.1783648778378,NaN
95.678,0.286389892579703,NaN,-2.19943663798717,NaN
95.679,0.286322398853927,NaN,-2.22536044936622,NaN
95.68,0.286255989399304,NaN,-2.25671816127351,NaN
95.681,0.286190665742254,NaN,-2.29332122964384,NaN
95.682,0.286126434747713,NaN,-2.3343287879347,NaN
95.683,0.286063306944264,NaN,-2.3784904532288,NaN
95.684,0.286001294383435,NaN,-2.42436571220965,NaN
95.685,0.285940408824517,NaN,-2.47047036582509,NaN
95.686,0.285880661187663,NaN,-2.51536685337692,NaN
95.687,0.285822062214665,NaN,-2.55773034931648,NaN
95.688,0.285764623354133,NaN,-2.59642869336425,NaN
95.689,0.285708357120585,NaN,-2.63064578367509,NaN
95.69,0.28565327674112,NaN,-2.66001210716796,NaN
95.691,0.285599395082089,NaN,-2.68469442436984,NaN
95.692,0.285546723002003,NaN,-2.70535206893631,NaN
95.693,0.285495267871329,NaN,-2.72287705724955,NaN
95.694,0.285445033418835,NaN,-2.7381717994214,NaN
95.695,0.285396021163854,NaN,-2.75223554177765,NaN
95.696,0.285348232397763,NaN,-2.7663078581785,NaN
95.697,0.28530166970126,NaN,-2.78179486976585,NaN
95.698,0.285256337710259,NaN,-2.80005543099863,NaN
95.699,0.285212243128552,NaN,-2.82208680876972,NaN
95.7,0.285169394037588,NaN,-2.84816891021505,NaN
95.701,0.285127798910478,NaN,-2.87773327199725,NaN
95.702,0.285087466186531,NaN,-2.90966012113358,NaN
95.703,0.285048404798035,NaN,-2.94282534472072,NaN
95.704,0.285010624981328,NaN,-2.97644066503579,NaN
95.705,0.284974138558659,NaN,-3.01003486985815,NaN
95.706,0.284938958432895,NaN,-3.04328536039229,NaN
95.707,0.284905097288,NaN,-3.07585858012413,NaN
95.708,0.28487256549638,NaN,-3.10736639589789,NaN
95.709,0.284841368673276,NaN,-3.13748268296333,NaN
95.71,0.284811506154047,NaN,-3.16612234793826,NaN
95.711,0.284782971216918,NaN,-3.19356933550319,NaN
95.712,0.284755752182794,NaN,-3.22046001786167,NaN
95.713,0.284729833123115,NaN,-3.24758124276779,NaN
95.714,0.284705193761275,NaN,-3.27559850786114,NaN
95.715,0.284681808577445,NaN,-3.30489247676716,NaN
95.716,0.284659645129487,NaN,-3.33557256265129,NaN
95.717,0.284638662040083,NaN,-3.36765985844672,NaN
95.718,0.284618808053143,NaN,-3.40131953220973,NaN
95.719,0.284600023295388,NaN,-3.43685933168745,NaN
95.72,0.284582242067912,NaN,-3.47447384055848,NaN
95.721,0.2845653957403,NaN,-3.51406515650846,NaN
95.722,0.28454941511044,NaN,-3.55528038107885,NaN
95.723,0.28453423219066,NaN,-3.59764262725664,NaN
95.724,0.284519781462102,NaN,-3.64060566271513,NaN
95.725,0.284506000638697,NaN,-3.68350854344938,NaN
95.726,0.284492831039997,NaN,-3.72564464711722,NaN
95.727,0.28448021781796,NaN,-3.76646763088266,NaN
95.728,0.284468110279577,NaN,-3.80570112923397,NaN
95.729,0.284456462278566,NaN,-3.84332560705816,NaN
95.73,0.284445232471054,NaN,-3.87954464924153,NaN
95.731,0.284434384316822,NaN,-3.91472323447943,NaN
95.732,0.284423885822386,NaN,-3.94924286422111,NaN
95.733,0.284413709048417,NaN,-3.98331281588765,NaN
95.734,0.284403829470142,NaN,-4.01692907840474,NaN
95.735,0.284394225469422,NaN,-4.05004307981863,NaN
95.736,0.284384878275718,NaN,-4.08272961063668,NaN
95.737,0.284375772341076,NaN,-4.11517865161303,NaN
95.738,0.28436689584442,NaN,-4.1475839632072,NaN
95.739,0.284358241101377,NaN,-4.18006955855031,NaN
95.74,0.284349804832001,NaN,-4.21263178216625,NaN
95.741,0.284341588291033,NaN,-4.24502170977603,NaN
95.742,0.284333597271697,NaN,-4.27667430013795,NaN
95.743,0.284325842036887,NaN,-4.30687817134347,NaN
95.744,0.284318337274766,NaN,-4.33506687538745,NaN
95.745,0.284311102109429,NaN,-4.36092185028608,NaN
95.746,0.284304160075479,NaN,-4.38430592550841,NaN
95.747,0.284297538953273,NaN,-4.40514981668082,NaN
95.748,0.284291270422929,NaN,-4.42330310514019,NaN
95.749,0.284285389520158,NaN,-4.43857264306993,NaN
95.75,0.28427993388524,NaN,-4.4510424402083,NaN
95.751,0.284274942939806,NaN,-4.46128462069561,NaN
95.752,0.284270457362205,NaN,-4.47018699762968,NaN
95.753,0.284266519064479,NaN,-4.47862248194635,NaN
95.754,0.284263171365916,NaN,-4.48727625269112,NaN
95.755,0.284260458954375,NaN,-4.49665623505194,NaN
95.756,0.284258427484674,NaN,-4.50713504783887,NaN
95.757,0.284257122786727,NaN,-4.51893472079519,NaN
95.758,0.284256589655659,NaN,-4.53210389473678,NaN
95.759,0.284256870425486,NaN,-4.54659461316253,NaN
95.76,0.284258004022511,NaN,-4.56237717046911,NaN
95.761,0.284260026036723,NaN,-4.57941544952283,NaN
95.762,0.284262969398763,NaN,-4.59754931953701,NaN
95.763,0.284266864882101,NaN,-4.61649812631041,NaN
95.764,0.284271741075435,NaN,-4.63598505206267,NaN
95.765,0.284277623771328,NaN,-4.65577180486168,NaN
95.766,0.28428453475373,NaN,-4.67557900709513,NaN
95.767,0.284292490252899,NaN,-4.6950584110227,NaN
95.768,0.284301500020629,NaN,-4.713855008872,NaN
95.769,0.284311567925565,NaN,-4.73171715228758,NaN
95.77,0.284322693722108,NaN,-4.74854925082011,NaN
95.771,0.28433487491039,NaN,-4.7642935787188,NaN
95.772,0.284348108061413,NaN,-4.77884284535467,NaN
95.773,0.284362389494655,NaN,-4.79215364133171,NaN
95.774,0.284377715310039,NaN,-4.80430525461161,NaN
95.775,0.284394080973658,NaN,-4.81536877464983,NaN
95.776,0.28441148118713,NaN,-4.82536900892258,NaN
95.777,0.284429910845477,NaN,-4.83446453214897,NaN
95.778,0.28444936696404,NaN,-4.84304541493647,NaN
95.779,0.284469850713707,NaN,-4.85156387923453,NaN
95.78,0.284491368960729,NaN,-4.8603146792505,NaN
95.781,0.284513935174009,NaN,-4.86939875893517,NaN
95.782,0.284537569695369,NaN,-4.87882717318312,NaN
95.783,0.284562299364448,NaN,-4.88856672935953,NaN
95.784,0.284588156599996,NaN,-4.898485981299,NaN
95.785,0.284615178435354,NaN,-4.90833329296994,NaN
95.786,0.284643406231622,NaN,-4.91775135745942,NaN
95.787,0.284672886160787,NaN,-4.92625023024877,NaN
95.788,0.284703669747693,NaN,-4.93322021278814,NaN
95.789,0.284735813813384,NaN,-4.93811961253725,NaN
95.79,0.284769379616617,NaN,-4.94076416068494,NaN
95.791,0.284804431158921,NaN,-4.94145462443166,NaN
95.792,0.284841032729862,NaN,-4.94081525346604,NaN
95.793,0.284879246369297,NaN,-4.93950253881473,NaN
95.794,0.284919130557812,NaN,-4.9380462131809,NaN
95.795,0.284960740618473,NaN,-4.93695405387811,NaN
95.796,0.2850041297044,NaN,-4.93692754142213,NaN
95.797,0.285049349101775,NaN,-4.93890165496976,NaN
95.798,0.285096447441427,NaN,-4.94385356851974,NaN
95.799,0.285145468787743,NaN,-4.9525151837141,NaN
95.8,0.285196449616998,NaN,-4.96513718422506,NaN
