K,delta_M
0.001,0.914911976163068
0.002,0.914916754298111
0.003,0.914921532457668
0.004,0.914926310641736
0.005,0.914931088850316
0.006,0.914935867083406
0.007,0.914940645341008
0.008,0.91494542362312
0.009,0.914950201929742
0.01,0.914954980260873
0.011,0.914959758616514
0.012,0.914964536996663
0.013,0.914969315401321
0.014,0.914974093830486
0.015,0.91497887228416
0.016,0.914983650762341
0.017,0.914988429265028
0.018,0.914993207792222
0.019,0.914997986343922
0.02,0.915002764920128
0.021,0.909735226649251
0.022,0.901882234277622
0.023,0.895518717791699
0.024,0.890676602833854
0.025,0.887380794961597
0.026,0.885648557390775
0.027,0.881317372014798
0.028,0.874528900408362
0.029,0.868579357073253
0.03,0.863486083193067
0.031,0.859264305468561
0.032,0.855926919711373
0.033,0.853484300717231
0.034,0.851944144709587
0.035,0.851311349794575
0.036,0.851587938690521
0.037,0.852773026547631
0.038,0.85363827782411
0.039,0.849793336468567
0.04,0.8464463269396
0.041,0.84360317591625
0.042,0.841268991931664
0.043,0.839448020724775
0.044,0.838143607357978
0.045,0.83735816587327
0.046,0.837093157120251
0.047,0.837349075227132
0.048,0.838125443005518
0.049,0.839420816388266
0.05,0.841232797804502
0.051,0.843558058204253
0.052,0.846392367264704
0.053,0.845902091377425
0.054,0.844212934011458
0.055,0.842817512244905
0.056,0.841717286967614
0.057,0.840913416858417
0.058,0.840406752331169
0.059,0.84019783105772
0.06,0.84028687512263
0.061,0.840673789844502
0.062,0.841358164278839
0.063,0.842339273395686
0.064,0.843616081905635
0.065,0.8451872496872
0.066,0.847051138749475
0.067,0.849205821646714
0.068,0.851649091245653
0.069,0.854378471732142
0.07,0.857391230733152
0.071,0.85828392180923
0.072,0.85772971556673
0.073,0.857346990352127
0.074,0.857135975872718
0.075,0.857096798952397
0.076,0.857229483151019
0.077,0.85753394869361
0.078,0.858010012709939
0.079,0.858657389782835
0.08,0.859475692801504
0.081,0.860464434113522
0.082,0.86162302696814
0.083,0.862950787240472
0.084,0.864446935425128
0.085,0.866110598885954
0.086,0.867940814346823
0.087,0.869936530607413
0.088,0.87209661146641
0.089,0.874419838834234
0.09,0.876904916015613
0.091,0.879550471142827
0.092,0.882355060739456
0.093,0.883402053228701
0.094,0.883518944387142
0.095,0.883736803138505
0.096,0.884055554838124
0.097,0.884475090405055
0.098,0.884995266508295
0.099,0.885615905810941
0.1,0.886336797271109
0.101,0.887157696498473
0.102,0.888078326165154
0.103,0.889098376469297
0.104,0.890217505649367
0.105,0.891435340547485
0.106,0.892751477219517
0.107,0.894165481589625
0.108,0.89567689014703
0.109,0.89728521068201
0.11,0.898989923059238
0.111,0.900790480024991
0.112,0.902686308045827
0.113,0.904676808175925
0.114,0.906761356949863
0.115,0.908939307298305
0.116,0.911209989483472
0.117,0.913572712051545
0.118,0.915372575561673
0.119,0.915475965203841
0.12,0.91548074622868
0.121,0.915485527277987
0.122,0.91549030835176
0.123,0.91549508945
0.124,0.915499870572705
0.125,0.915504651719875
0.126,0.915509432891511
0.127,0.915514214087611
0.128,0.915518995308176
0.129,0.915523776553204
0.13,0.915528557822696
0.131,0.915533339116652
0.132,0.91553812043507
0.133,0.91554290177795
0.134,0.915547683145292
0.135,0.915552464537096
0.136,0.915557245953362
0.137,0.915562027394087
0.138,0.915566808859274
0.139,0.91557159034892
0.14,0.915576371863026
0.141,0.915581153401592
0.142,0.915585934964616
0.143,0.915590716552099
0.144,0.91559549816404
0.145,0.915600279800439
0.146,0.915605061461295
0.147,0.915609843146608
0.148,0.915614624856378
0.149,0.915619406590604
0.15,0.915624188349286
0.151,0.915628970132424
0.152,0.915633751940016
0.153,0.915638533772063
0.154,0.915643315628565
0.155,0.91564809750952
0.156,0.91565287941493
0.157,0.915657661344791
0.158,0.915662443299107
0.159,0.915667225277874
0.16,0.915672007281094
0.161,0.915676789308765
0.162,0.915681571360887
0.163,0.91568635343746
0.164,0.915691135538484
0.165,0.915695917663958
0.166,0.915700699813881
0.167,0.915705481988254
0.168,0.915710264187076
0.169,0.915715046410347
0.17,0.915719828658065
0.171,0.915724610930231
0.172,0.915729393226845
0.173,0.915734175547906
0.174,0.915738957893414
0.175,0.915743740263367
0.176,0.915748522657768
0.177,0.915753305076613
0.178,0.915758087519903
0.179,0.915762869987638
0.18,0.915767652479818
0.181,0.915772434996441
0.182,0.915777217537508
0.183,0.915782000103018
0.184,0.915786782692972
0.185,0.915791565307367
0.186,0.915796347946205
0.187,0.915801130609484
0.188,0.915805913297205
0.189,0.915810696009366
0.19,0.915815478745968
0.191,0.91582026150701
0.192,0.915825044292492
0.193,0.915829827102414
0.194,0.915834609936774
0.195,0.915839392795573
0.196,0.91584417567881
0.197,0.915848958586485
0.198,0.915853741518598
0.199,0.915858524475147
0.2,0.915863307456134
0.201,0.915868090461556
0.202,0.915872873491415
0.203,0.915877656545709
0.204,0.915882439624438
0.205,0.915887222727602
0.206,0.915892005855201
0.207,0.915896789007234
0.208,0.9159015721837
0.209,0.915906355384599
0.21,0.915911138609932
0.211,0.915915921859697
0.212,0.915920705133894
0.213,0.915925488432522
0.214,0.915930271755582
0.215,0.915935055103073
0.216,0.915939838474995
0.217,0.915944621871347
0.218,0.915949405292128
0.219,0.915954188737339
0.22,0.915958972206979
0.221,0.915963755701048
0.222,0.915968539219545
0.223,0.91597332276247
0.224,0.915978106329822
0.225,0.915982889921602
0.226,0.915987673537808
0.227,0.915992457178441
0.228,0.9159972408435
0.229,0.916002024532984
0.23,0.916006808246893
0.231,0.916011591985228
0.232,0.916016375747986
0.233,0.916021159535169
0.234,0.916025943346776
0.235,0.916030727182806
0.236,0.916035511043258
0.237,0.916040294928134
0.238,0.916045078837431
0.239,0.916049862771151
0.24,0.916054646729291
0.241,0.916059430711853
0.242,0.916064214718835
0.243,0.916068998750238
0.244,0.91607378280606
0.245,0.916078566886302
0.246,0.916083350990963
0.247,0.916088135120043
0.248,0.916092919273541
0.249,0.916097703451457
0.25,0.91610248765379
0.251,0.916107271880541
0.252,0.916112056131709
0.253,0.916116840407293
0.254,0.916121624707293
0.255,0.916126409031709
0.256,0.91613119338054
0.257,0.916135977753785
0.258,0.916140762151446
0.259,0.91614554657352
0.26,0.916150331020009
0.261,0.91615511549091
0.262,0.916159899986225
0.263,0.916164684505952
0.264,0.916169469050092
0.265,0.916174253618642
0.266,0.916179038211606
0.267,0.916183822828979
0.268,0.916188607470763
0.269,0.916193392136958
0.27,0.916198176827563
0.271,0.916202961542577
0.272,0.916207746282001
0.273,0.916212531045833
0.274,0.916217315834073
0.275,0.916222100646722
0.276,0.916226885483778
0.277,0.916231670345241
0.278,0.916236455231111
0.279,0.916241240141388
0.28,0.916246025076071
0.281,0.91625081003516
0.282,0.916255595018654
0.283,0.916260380026553
0.284,0.916265165058856
0.285,0.916269950115564
0.286,0.916274735196675
0.287,0.91627952030219
0.288,0.916284305432107
0.289,0.916289090586428
0.29,0.916293875765151
0.291,0.916298660968275
0.292,0.916303446195802
0.293,0.916308231447729
0.294,0.916313016724057
0.295,0.916317802024785
0.296,0.916322587349913
0.297,0.916327372699442
0.298,0.916332158073369
0.299,0.916336943471695
0.3,0.916341728894419
0.301,0.916346514341542
0.302,0.916351299813062
0.303,0.916356085308979
0.304,0.916360870829294
0.305,0.916365656374005
0.306,0.916370441943112
0.307,0.916375227536615
0.308,0.916380013154513
0.309,0.916384798796807
0.31,0.916389584463495
0.311,0.916394370154577
0.312,0.916399155870053
0.313,0.916403941609922
0.314,0.916408727374185
0.315,0.91641351316284
0.316,0.916418298975888
0.317,0.916423084813328
0.318,0.916427870675159
0.319,0.916432656561382
0.32,0.916437442471995
0.321,0.916442228406998
0.322,0.916447014366392
0.323,0.916451800350175
0.324,0.916456586358348
0.325,0.91646137239091
0.326,0.91646615844786
0.327,0.916470944529197
0.328,0.916475730634923
0.329,0.916480516765037
0.33,0.916485302919537
0.331,0.916490089098424
0.332,0.916494875301697
0.333,0.916499661529356
0.334,0.9165044477814
0.335,0.91650923405783
0.336,0.916514020358644
0.337,0.916518806683842
0.338,0.916523593033425
0.339,0.916528379407391
0.34,0.91653316580574
0.341,0.916537952228472
0.342,0.916542738675586
0.343,0.916547525147082
0.344,0.91655231164296
0.345,0.916557098163219
0.346,0.916561884707859
0.347,0.91656667127688
0.348,0.916571457870281
0.349,0.916576244488061
0.35,0.91658103113022
0.351,0.916585817796759
0.352,0.916590604487677
0.353,0.916595391202972
0.354,0.916600177942645
0.355,0.916604964706696
0.356,0.916609751495124
0.357,0.916614538307929
0.358,0.916619325145109
0.359,0.916624112006665
0.36,0.916628898892598
0.361,0.916633685802905
0.362,0.916638472737587
0.363,0.916643259696644
0.364,0.916648046680074
0.365,0.916652833687879
0.366,0.916657620720056
0.367,0.916662407776606
0.368,0.916667194857529
0.369,0.916671981962823
0.37,0.916676769092489
0.371,0.916681556246527
0.372,0.916686343424936
0.373,0.916691130627715
0.374,0.916695917854865
0.375,0.916700705106384
0.376,0.916705492382273
0.377,0.91671027968253
0.378,0.916715067007157
0.379,0.916719854356151
0.38,0.916724641729514
0.381,0.916729429127244
0.382,0.916734216549341
0.383,0.916739003995805
0.384,0.916743791466635
0.385,0.916748578961831
0.386,0.916753366481393
0.387,0.91675815402532
0.388,0.916762941593612
0.389,0.916767729186268
0.39,0.916772516803289
0.391,0.916777304444673
0.392,0.91678209211042
0.393,0.916786879800531
0.394,0.916791667515004
0.395,0.916796455253839
0.396,0.916801243017035
0.397,0.916806030804594
0.398,0.916810818616513
0.399,0.916815606452793
0.4,0.916820394313433
0.401,0.916825182198433
0.402,0.916829970107793
0.403,0.916834758041511
0.404,0.916839545999589
0.405,0.916844333982024
0.406,0.916849121988818
0.407,0.916853910019969
0.408,0.916858698075477
0.409,0.916863486155343
0.41,0.916868274259565
0.411,0.916873062388142
0.412,0.916877850541075
0.413,0.916882638718364
0.414,0.916887426920008
0.415,0.916892215146006
0.416,0.916897003396359
0.417,0.916901791671065
0.418,0.916906579970124
0.419,0.916911368293536
0.42,0.916916156641301
0.421,0.916920945013419
0.422,0.916925733409888
0.423,0.916930521830709
0.424,0.91693531027588
0.425,0.916940098745403
0.426,0.916944887239276
0.427,0.916949675757499
0.428,0.916954464300071
0.429,0.916959252866993
0.43,0.916964041458263
0.431,0.916968830073882
0.432,0.916973618713849
0.433,0.916978407378163
0.434,0.916983196066825
0.435,0.916987984779833
0.436,0.916992773517189
0.437,0.91699756227889
0.438,0.917002351064937
0.439,0.91700713987533
0.44,0.917011928710067
0.441,0.917016717569149
0.442,0.917021506452576
0.443,0.917026295360346
0.444,0.917031084292459
0.445,0.917035873248916
0.446,0.917040662229715
0.447,0.917045451234857
0.448,0.917050240264341
0.449,0.917055029318166
0.45,0.917059818396332
0.451,0.917064607498839
0.452,0.917069396625687
0.453,0.917074185776875
0.454,0.917078974952402
0.455,0.917083764152269
0.456,0.917088553376474
0.457,0.917093342625018
0.458,0.917098131897901
0.459,0.91710292119512
0.46,0.917107710516678
0.461,0.917112499862572
0.462,0.917117289232803
0.463,0.91712207862737
0.464,0.917126868046273
0.465,0.917131657489511
0.466,0.917136446957085
0.467,0.917141236448993
0.468,0.917146025965235
0.469,0.917150815505812
0.47,0.917155605070722
0.471,0.917160394659965
0.472,0.917165184273541
0.473,0.917169973911449
0.474,0.917174763573689
0.475,0.917179553260261
0.476,0.917184342971165
0.477,0.917189132706399
0.478,0.917193922465964
0.479,0.917198712249858
0.48,0.917203502058083
0.481,0.917208291890637
0.482,0.91721308174752
0.483,0.917217871628731
0.484,0.917222661534271
0.485,0.917227451464138
0.486,0.917232241418333
0.487,0.917237031396855
0.488,0.917241821399704
0.489,0.916866653128281
0.49,0.916404450167931
0.491,0.915942375266251
0.492,0.915480431423435
0.493,0.915018621605081
0.494,0.914556948742675
0.495,0.914095415734089
0.496,0.91363402544404
0.497,0.913172780704565
0.498,0.912711684315496
0.499,0.912250739044885
0.5,0.911789947629485
0.501,0.911329312775138
0.502,0.910868837157261
0.503,0.910408523421214
0.504,0.90994837418276
0.505,0.909488392028443
0.506,0.909028579516009
0.507,0.908568939174788
0.508,0.908109473506083
0.509,0.907650184983563
0.51,0.907191076053621
0.511,0.906732149135763
0.512,0.906273406622952
0.513,0.905814850881972
0.514,0.90535648425379
0.515,0.904898309053876
0.516,0.904440327572579
0.517,0.903982542075417
0.518,0.903524954803446
0.519,0.903067567973561
0.52,0.902610383778819
0.521,0.902153404388753
0.522,0.90169663194968
0.523,0.901240068585002
0.524,0.90078371639551
0.525,0.900327577459666
0.526,0.899871653833904
0.527,0.89941594755291
0.528,0.898960460629902
0.529,0.898505195056896
0.53,0.898050152804997
0.531,0.897595335824639
0.532,0.89714074604588
0.533,0.896686385378626
0.534,0.896232255712915
0.535,0.895778358919146
0.536,0.895324696848344
0.537,0.894871271332378
0.538,0.894418084184225
0.539,0.893965137198199
0.54,0.893512432150172
0.541,0.893059970797811
0.542,0.892607754880791
0.543,0.892155786121049
0.544,0.891704066222963
0.545,0.891252596873583
0.546,0.890801379742845
0.547,0.890350416483778
0.548,0.889899708732707
0.549,0.88944925810945
0.55,0.888999066217528
0.551,0.888549134644362
0.552,0.888099464961439
0.553,0.887650058724545
0.554,0.887200917473913
0.555,0.88675204273444
0.556,0.886303436015847
0.557,0.885855098812855
0.558,0.88540703260539
0.559,0.88495923885873
0.56,0.884511719023684
0.561,0.884064474536763
0.562,0.883617506820352
0.563,0.883170817282863
0.564,0.882724407318894
0.565,0.882278278309416
0.566,0.881832431621897
0.567,0.881386868610477
0.568,0.880941590616106
0.569,0.88049659896671
0.57,0.880051894977336
0.571,0.879607479950279
0.572,0.879163355175266
0.573,0.87871952192955
0.574,0.878275981478092
0.575,0.877832735073671
0.576,0.877389783957038
0.577,0.876947129357045
0.578,0.876504772490762
0.579,0.876062714563638
0.58,0.875620956769599
0.581,0.875179500291204
0.582,0.874738346299753
0.583,0.874297495955402
0.584,0.873856950407302
0.585,0.873416710793723
0.586,0.872976778242152
0.587,0.872537153869424
0.588,0.872097838781838
0.589,0.871658834075267
0.59,0.871220140835266
0.591,0.870781760137189
0.592,0.8703436930463
0.593,0.869905940617879
0.594,0.869468503897316
0.595,0.869031383920241
0.596,0.8685945817126
0.597,0.868158098290783
0.598,0.867721934661702
0.599,0.867286091822907
0.6,0.86685057076268
0.601,0.866415372460113
0.602,0.865980497885243
0.603,0.865545947999107
0.604,0.86511172375386
0.605,0.86467782609286
0.606,0.864244255950746
0.607,0.86381101425355
0.608,0.863378101918764
0.609,0.862945519855445
0.61,0.862513268964292
0.611,0.862081350137732
0.612,0.86164893121322
0.613,0.861213686590259
0.614,0.860782059535243
0.615,0.860353928513246
0.616,0.859926767640068
0.617,0.859496859489168
0.618,0.859067289425118
0.619,0.858638058277099
0.62,0.85820916686674
0.621,0.857780616008179
0.622,0.857352406508148
0.623,0.856924539166061
0.624,0.856497014774045
0.625,0.856069834117056
0.626,0.855642997972919
0.627,0.855216507112414
0.628,0.854790362299331
0.629,0.854364564290553
0.63,0.853939113836107
0.631,0.853514011679237
0.632,0.853089258556476
0.633,0.852664855197696
0.634,0.852240802326181
0.635,0.851817100658692
0.636,0.851393750905514
0.637,0.850970753770539
0.638,0.850548109951311
0.639,0.850125820139089
0.64,0.849703885018901
0.641,0.849282305269625
0.642,0.848861081564006
0.643,0.848440214568764
0.644,0.848019704944595
0.645,0.847599553346275
0.646,0.847179760422678
0.647,0.846760326816867
0.648,0.846341253166105
0.649,0.845922540101936
0.65,0.845504188250244
0.651,0.845086198231279
0.652,0.844668570659716
0.653,0.844251306144724
0.654,0.843834405289997
0.655,0.843417868693806
0.656,0.843001696949045
0.657,0.842585890643299
0.658,0.842170450358862
0.659,0.841755376672809
0.66,0.841340670157026
0.661,0.840926331378267
0.662,0.840512360898183
0.663,0.840098759273397
0.664,0.839685527055517
0.665,0.839272664791195
0.666,0.838860173022166
0.667,0.8384480522853
0.668,0.838036303112633
0.669,0.837624926031407
0.67,0.83721392156413
0.671,0.836803290228593
0.672,0.836393032537927
0.673,0.835983149000641
0.674,0.835573640120652
0.675,0.835164506397331
0.676,0.83475574832555
0.677,0.8343473663957
0.678,0.833939361093748
0.679,0.833531732901259
0.68,0.833124482295452
0.681,0.832717609749212
0.682,0.832311115731152
0.683,0.831905000705628
0.684,0.83149926513278
0.685,0.831093909468579
0.686,0.830688934164845
0.687,0.830284339669293
0.688,0.829880126425551
0.689,0.829476294873219
0.69,0.829072845447879
0.691,0.828669778581135
0.692,0.828267094700651
0.693,0.827864794230178
0.694,0.827462877589584
0.695,0.827061345194887
0.696,0.826660197458294
0.697,0.826259434788211
0.698,0.825859057589298
0.699,0.825459066262484
0.7,0.825059461205001
0.701,0.824660242810401
0.702,0.824261411468621
0.703,0.823862967565962
0.704,0.823464911485158
0.705,0.823067243605385
0.706,0.822669964302286
0.707,0.822273073948021
0.708,0.82187657291126
0.709,0.821480461557243
0.71,0.821084740247782
0.711,0.820689409341299
0.712,0.820294469192859
0.713,0.819899920154178
0.714,0.819505762573662
0.715,0.819111996796426
0.716,0.818718623164319
0.717,0.818325642015963
0.718,0.817933053686748
0.719,0.817540858508889
0.72,0.817149056811423
0.721,0.816757648920254
0.722,0.816366635158162
0.723,0.815976015844833
0.724,0.815585791296877
0.725,0.815195961827858
0.726,0.814806527748309
0.727,0.814417489365765
0.728,0.814028846984771
0.729,0.813640600906916
0.73,0.813252751430842
0.731,0.812865298852287
0.732,0.812478243464075
0.733,0.812091585556172
0.734,0.811705325415671
0.735,0.81131946332685
0.736,0.810933999571158
0.737,0.810548934427254
0.738,0.810164268171032
0.739,0.809780001075617
0.74,0.809396133411413
0.741,0.809012665446103
0.742,0.808629597444676
0.743,0.80824692966944
0.744,0.80786466238005
0.745,0.807482795833522
0.746,0.807101330284249
0.747,0.806720265984017
0.748,0.80633960318204
0.749,0.80595934212495
0.75,0.80557948305684
0.751,0.805200026219267
0.752,0.804820971851284
0.753,0.804442320189432
0.754,0.804064071467786
0.755,0.803686225917943
0.756,0.803308783769069
0.757,0.802931745247894
0.758,0.802555110578735
0.759,0.802178879983509
0.76,0.801803053681759
0.761,0.801427631890661
0.762,0.801052614825035
0.763,0.800678002697377
0.764,0.800303795717859
0.765,0.799929994094353
0.766,0.799556598032441
0.767,0.799183607735437
0.768,0.798811023404392
0.769,0.798438845238116
0.77,0.798067073433195
0.771,0.797695708183994
0.772,0.797324749682685
0.773,0.79695419811925
0.774,0.796584053681503
0.775,0.796214316555101
0.776,0.795844986923551
0.777,0.795476064968237
0.778,0.795107550868431
0.779,0.794739444801288
0.78,0.794371746941888
0.781,0.794004457463228
0.782,0.793627865041
0.783,0.793193690756212
0.784,0.792759777482673
0.785,0.792326125673904
0.786,0.791892735781083
0.787,0.791459608253063
0.788,0.791026743536399
0.789,0.790594142075354
0.79,0.790161804311921
0.791,0.78972973068584
0.792,0.789297921634604
0.793,0.788866377593482
0.794,0.788435098995539
0.795,0.788004086271626
0.796,0.787573339850439
0.797,0.787142860158496
0.798,0.786712647620147
0.799,0.786282702657641
0.8,0.785853025691075
0.801,0.785423617138456
0.802,0.784994477415682
0.803,0.784565606936588
0.804,0.784137006112928
0.805,0.783708675354419
0.806,0.783280615068725
0.807,0.782852825661498
0.808,0.782425307536367
0.809,0.781998061094973
0.81,0.781571086736972
0.811,0.78114438486004
0.812,0.780717955859897
0.813,0.780291800130324
0.814,0.779865918063163
0.815,0.779440310048333
0.816,0.779014976473854
0.817,0.778589917725841
0.818,0.77816513418853
0.819,0.777740626244289
0.82,0.777316394273623
0.821,0.776892438655187
0.822,0.77646875976581
0.823,0.776045357980487
0.824,0.775622233672413
0.825,0.77519938721297
0.826,0.774776818971764
0.827,0.774354529316617
0.828,0.773932518613584
0.829,0.773510787226969
0.83,0.77308933551933
0.831,0.772668163851495
0.832,0.772247272582565
0.833,0.771826662069937
0.834,0.771406332669305
0.835,0.770986284734675
0.836,0.770566518618364
0.837,0.770147034671035
0.838,0.769727833241687
0.839,0.769308914677669
0.84,0.76889027932469
0.841,0.768471927526843
0.842,0.76805385962659
0.843,0.767636075964796
0.844,0.76721857688072
0.845,0.766801362712032
0.846,0.766384433794835
0.847,0.765967790463657
0.848,0.765551433051461
0.849,0.765135361889671
0.85,0.764719577308159
0.851,0.764304079635278
0.852,0.76388886919785
0.853,0.763473946321191
0.854,0.763059311329106
0.855,0.762644964543911
0.856,0.762230906286435
0.857,0.761817136876031
0.858,0.76140365663058
0.859,0.760990465866508
0.86,0.760577564898789
0.861,0.760164954040951
0.862,0.759752633605096
0.863,0.759340603901894
0.864,0.758928865240603
0.865,0.758517417929064
0.866,0.758106262273724
0.867,0.757695398579645
0.868,0.757284827150486
0.869,0.756874548288547
0.87,0.756464562294748
0.871,0.756054869468653
0.872,0.755645470108483
0.873,0.755236364511093
0.874,0.75482755297202
0.875,0.754419035785461
0.876,0.754010813244296
0.877,0.753602885640088
0.878,0.753195253263097
0.879,0.752787916402271
0.88,0.752380875345282
0.881,0.751974130378512
0.882,0.751567681787055
0.883,0.751161529854749
0.884,0.750755674864157
0.885,0.750350117096591
0.886,0.749944856832112
0.887,0.749539894349544
0.888,0.74913522992646
0.889,0.748730863839221
0.89,0.74832679636296
0.891,0.747923027771588
0.892,0.747519558337814
0.893,0.747116388333144
0.894,0.746713518027888
0.895,0.746310947691166
0.896,0.745908677590914
0.897,0.745506707993892
0.898,0.74510503916569
0.899,0.744703671370741
0.9,0.744302604872309
0.901,0.743901839932514
0.902,0.743501376812328
0.903,0.743101215771586
0.904,0.742701357068992
0.905,0.742301800962113
0.906,0.741902547707404
0.907,0.741503597560207
0.908,0.741104950774745
0.909,0.740706607604145
0.91,0.740308568300433
0.911,0.739910833114545
0.912,0.739513402296324
0.913,0.739116276094547
0.914,0.7387194547569
0.915,0.738322938530003
0.916,0.73792672765942
0.917,0.737530822389657
0.918,0.737135222964148
0.919,0.736739929625295
0.92,0.73634494261446
0.921,0.735950262171961
0.922,0.735555888537079
0.923,0.735161821948081
0.924,0.734768062642203
0.925,0.734374610855659
0.926,0.733981466823675
0.927,0.733588630780443
0.928,0.733196102959174
0.929,0.732803883592068
0.93,0.732411972910341
0.931,0.732020371144218
0.932,0.731629078522958
0.933,0.731238095274817
0.934,0.730847421627098
0.935,0.730457057806132
0.936,0.730067004037281
0.937,0.729677260544957
0.938,0.729287827552616
0.939,0.728898705282764
0.94,0.728509893956963
0.941,0.728121393795835
0.942,0.72773320501907
0.943,0.727345327845422
0.944,0.726957762492722
0.945,0.726570509177873
0.946,0.726183568116873
0.947,0.7257969395248
0.948,0.725410623615809
0.949,0.725024620603177
0.95,0.724638930699263
0.951,0.724253554115525
0.952,0.723868491062544
0.953,0.723483741750006
0.954,0.723099306386709
0.955,0.722715185180577
0.956,0.722331378338653
0.957,0.721947886067114
0.958,0.721564708571259
0.959,0.721181846055535
0.96,0.720799298723524
0.961,0.720417066777947
0.962,0.720035150420676
0.963,0.719653549852737
0.964,0.719272265274306
0.965,0.718891296884725
0.966,0.718510644882492
0.967,0.718130309465272
0.968,0.717750290829904
0.969,0.717370589172397
0.97,0.716991204687938
0.971,0.71661213757089
0.972,0.716233388014817
0.973,0.71585495621245
0.974,0.715476842355725
0.975,0.715099046635768
0.976,0.714721569242901
0.977,0.714344410366653
0.978,0.713967570195759
0.979,0.713591048918151
0.98,0.713214846720989
0.981,0.712838963790637
0.982,0.712463400312682
0.983,0.71208815647193
0.984,0.711713232452413
0.985,0.711338628437395
0.986,0.710964344609365
0.987,0.710590381150046
0.988,0.710216738240413
0.989,0.709843416060662
0.99,0.709470414790243
0.991,0.709097734607852
0.992,0.708725375691439
0.993,0.7083533382182
0.994,0.707981622364592
0.995,0.707610228306325
0.996,0.707239156218375
0.997,0.706868406274985
0.998,0.706497978649668
0.999,0.706127873515195
1,0.705758091043623
1.001,0.705388631406283
1.002,0.705019494773779
1.003,0.704650681316007
1.004,0.704282191202139
1.005,0.703914024600638
1.006,0.703546181679258
1.007,0.703178662605044
1.008,0.70281146754434
1.009,0.702444596662782
1.01,0.702078050125318
1.011,0.701711828096186
1.012,0.70134593073894
1.013,0.700980358216439
1.014,0.700615110690857
1.015,0.700250188323677
1.016,0.6998855912757
1.017,0.699521319707048
1.018,0.699157373777163
1.019,0.69879375364481
1.02,0.698430459468079
1.021,0.698067491404396
1.022,0.697704849610514
1.023,0.697342534242509
1.024,0.696980545455816
1.025,0.696618883405188
1.026,0.696257548244731
1.027,0.695896540127885
1.028,0.695535859207436
1.029,0.695175505635529
1.03,0.694815479563645
1.031,0.694455781142622
1.032,0.694096410522663
1.033,0.693737367853303
1.034,0.693378653283461
1.035,0.693020266961404
1.036,0.692662209034758
1.037,0.692304479650528
1.038,0.691947078955078
1.039,0.691590007094137
1.04,0.691233264212818
1.041,0.690876850455594
1.042,0.690520765966325
1.043,0.690165010888238
1.044,0.689809585363946
1.045,0.689454489535449
1.046,0.689099723544121
1.047,0.688745287530727
1.048,0.688391181635411
1.049,0.688037405997723
1.05,0.687683960756591
1.051,0.687330846050343
1.052,0.686978062016694
1.053,0.686625608792769
1.054,0.686273486515079
1.055,0.685921695319547
1.056,0.685570235341494
1.057,0.685219106715643
1.058,0.684868309576129
1.059,0.684517844056483
1.06,0.68416771028967
1.061,0.683817908408037
1.062,0.683468438543371
1.063,0.683119300826854
1.064,0.6827704953891
1.065,0.68242202236013
1.066,0.682073881869394
1.067,0.681726074045756
1.068,0.681378599017515
1.069,0.681031456912383
1.07,0.680684647857505
1.071,0.680338171979457
1.072,0.679992029404241
1.073,0.679646220257289
1.074,0.679300744663475
1.075,0.678955602747096
1.076,0.678610794631897
1.077,0.678266320441054
1.078,0.677922180297183
1.079,0.677578374322348
1.08,0.677234902638045
1.081,0.676891765365222
1.082,0.676548962624267
1.083,0.676206494535023
1.084,0.675864361216774
1.085,0.675522562788254
1.086,0.675181099367654
1.087,0.674839971072613
1.088,0.674499178020232
1.089,0.674158720327053
1.09,0.673818598109086
1.091,0.6734788114818
1.092,0.673139360560119
1.093,0.672800245458428
1.094,0.672461466290581
1.095,0.672123023169884
1.096,0.671784916209118
1.097,0.671447145520533
1.098,0.671109711215832
1.099,0.6707726134062
1.1,0.670435852202287
1.101,0.670099427714214
1.102,0.669763340051584
1.103,0.669427589323453
1.104,0.669092175638378
1.105,0.66875709910437
1.106,0.668422359828932
1.107,0.668087957919038
1.108,0.66775389348115
1.109,0.667420166621201
1.11,0.66708677744461
1.111,0.666753726056286
1.112,0.666421012560613
1.113,0.666088637061469
1.114,0.665756599662208
1.115,0.665424900465681
1.116,0.665093539574229
1.117,0.664762517089678
1.118,0.664431833113344
1.119,0.664101487746042
1.12,0.663771481088071
1.121,0.663441813239237
1.122,0.663112484298828
1.123,0.662783494365633
1.124,0.662454843537948
1.125,0.662126531913553
1.126,0.661798559589736
1.127,0.66147092666328
1.128,0.661143633230475
1.129,0.660816679387115
1.13,0.660490065228485
1.131,0.660163790849388
1.132,0.659837856344129
1.133,0.659512261806513
1.134,0.659187007329858
1.135,0.658862093006987
1.136,0.658537518930235
1.137,0.658213285191442
1.138,0.657889391881965
1.139,0.657565839092672
1.14,0.657242626913931
1.141,0.656919755435647
1.142,0.656597224747214
1.143,0.656275034937556
1.144,0.655953186095114
1.145,0.655631678307836
1.146,0.655310511663197
1.147,0.654989686248184
1.148,0.654669202149305
1.149,0.654349059452592
1.15,0.654029258243588
1.151,0.653709798607367
1.152,0.653390680628527
1.153,0.653071904391177
1.154,0.652753469978961
1.155,0.652435377475045
1.156,0.652117626962114
1.157,0.651800218522391
1.158,0.651483152237614
1.159,0.651166428189056
1.16,0.650850046457515
1.161,0.650534007123324
1.162,0.650218310266335
1.163,0.649902955965935
1.164,0.649587944301046
1.165,0.64927327535012
1.166,0.64895894919114
1.167,0.648644965901618
1.168,0.648331325558611
1.169,0.6480180282387
1.17,0.647705074018
1.171,0.647392462972174
1.172,0.647080195176408
1.173,0.646768270705432
1.174,0.646456689633512
1.175,0.646145452034449
1.176,0.645834557981592
1.177,0.645524007547818
1.178,0.645213800805549
1.179,0.644903937826746
1.18,0.644594418682918
1.181,0.644285243445104
1.182,0.64397641218389
1.183,0.643667924969413
1.184,0.643359781871341
1.185,0.64305198295889
1.186,0.642744528300824
1.187,0.642437417965445
1.188,0.642130652020609
1.189,0.641824230533713
1.19,0.641518153571694
1.191,0.641212421201051
1.192,0.640907033487818
1.193,0.640601990497577
1.194,0.64029729229547
1.195,0.639992938946178
1.196,0.639688930513926
1.197,0.639385267062506
1.198,0.639081948655247
1.199,0.63877897535503
1.2,0.638476347224288
1.201,0.638174064325013
1.202,0.637872126718739
1.203,0.637570534466555
1.204,0.637269287629108
1.205,0.636968386266589
1.206,0.636667830438754
1.207,0.636367620204906
1.208,0.636067755623901
1.209,0.635768236754151
1.21,0.635469063653635
1.211,0.635170236379871
1.212,0.634871754989938
1.213,0.634573619540474
1.214,0.63427583008768
1.215,0.6339783866873
1.216,0.633681289394646
1.217,0.633384538264583
1.218,0.633088133351541
1.219,0.632792074709496
1.22,0.632496362391997
1.221,0.632200996452144
1.222,0.631905976942598
1.223,0.63161130391558
1.224,0.631316977422873
1.225,0.631022997515818
1.226,0.630729364245322
1.227,0.630436077661843
1.228,0.630143137815411
1.229,0.629850544755615
1.23,0.629558298531603
1.231,0.629266399192084
1.232,0.628974846785341
1.233,0.6286836413592
1.234,0.62839278296107
1.235,0.628102271637917
1.236,0.627812107436262
1.237,0.627522290402204
1.238,0.627232820581389
1.239,0.626943698019047
1.24,0.626654922759963
1.241,0.626366494848479
1.242,0.626078414328523
1.243,0.625790681243568
1.244,0.62550329563666
1.245,0.625216257550415
1.246,0.624929567027011
1.247,0.624643224108193
1.248,0.624357228835271
1.249,0.624071581249122
1.25,0.623786281390199
1.251,0.623501329298505
1.252,0.623216725013626
1.253,0.622932468574705
1.254,0.622648560020457
1.255,0.622364999389168
1.256,0.622081786718692
1.257,0.62179892204644
1.258,0.621516405409402
1.259,0.62123423684414
1.26,0.620952416386771
1.261,0.620670944072993
1.262,0.620389819938067
1.263,0.620109044016831
1.264,0.619828616343682
1.265,0.619548536952589
1.266,0.619268805877096
1.267,0.618989423150313
1.268,0.618710388804919
1.269,0.618361529099563
1.27,0.617975693616405
1.271,0.617590069484446
1.272,0.617204656872644
1.273,0.61681945594981
1.274,0.616434466884606
1.275,0.616049689845543
1.276,0.615665125000992
1.277,0.615280772519164
1.278,0.614896632568138
1.279,0.614512705315851
1.28,0.614128990930086
1.281,0.613745489578491
1.282,0.613362201428578
1.283,0.612979126647706
1.284,0.612596265403109
1.285,0.61221361786188
1.286,0.611831184190972
1.287,0.611448964557204
1.288,0.611066959127263
1.289,0.6106851680677
1.29,0.610303591544934
1.291,0.609922229725255
1.292,0.609541082774819
1.293,0.60916015085966
1.294,0.60877943414567
1.295,0.608398932798623
1.296,0.608018646984171
1.297,0.607638576867827
1.298,0.607258722614996
1.299,0.606879084390942
1.3,0.606499662360824
1.301,0.606120456689664
1.302,0.60574146754237
1.303,0.605362695083731
1.304,0.604984139478416
1.305,0.604605800890976
1.306,0.60422767948585
1.307,0.603849775427352
1.308,0.603472088879683
1.309,0.603094620006938
1.31,0.602717368973088
1.311,0.602340335941994
1.312,0.601963521077419
1.313,0.601586924542994
1.314,0.601210546502256
1.315,0.600834387118624
1.316,0.600458446555416
1.317,0.600082724975837
1.318,0.599707222542995
1.319,0.599331939419878
1.32,0.598956875769385
1.321,0.598582031754299
1.322,0.598207407537309
1.323,0.597833003281004
1.324,0.597458819147857
1.325,0.597084855300261
1.326,0.59671111190049
1.327,0.596337589110738
1.328,0.595964287093088
1.329,0.595591206009528
1.33,0.595218346021956
1.331,0.594845707292174
1.332,0.594473289981882
1.333,0.594101094252695
1.334,0.593729120266132
1.335,0.593357368183619
1.336,0.592985838166495
1.337,0.592614530375998
1.338,0.592243444973292
1.339,0.591872582119443
1.34,0.591501941975427
1.341,0.591131524702141
1.342,0.590761330460387
1.343,0.590391359410882
1.344,0.59002161171427
1.345,0.589652087531095
1.346,0.589282787021828
1.347,0.588913710346854
1.348,0.588544857666472
1.349,0.588176229140912
1.35,0.587807824930309
1.351,0.587439645194728
1.352,0.587071690094155
1.353,0.586703959788492
1.354,0.586336454437568
1.355,0.58596917420113
1.356,0.58560211923886
1.357,0.585235289710348
1.358,0.584868685775127
1.359,0.584502307592652
1.36,0.58413615532229
1.361,0.583770229123354
1.362,0.583404529155076
1.363,0.583039055576622
1.364,0.582673808547079
1.365,0.582308788225471
1.366,0.581943994770753
1.367,0.581579428341812
1.368,0.581215089097462
1.369,0.580850977196455
1.37,0.580487092797476
1.371,0.580123436059146
1.372,0.579760007140016
1.373,0.579396806198574
1.374,0.579033833393248
1.375,0.578671088882398
1.376,0.578308572824323
1.377,0.577946285377265
1.378,0.577584226699398
1.379,0.577222396948843
1.38,0.576860796283651
1.381,0.576499424861818
1.382,0.57613828284129
1.383,0.57577737037994
1.384,0.575416687635596
1.385,0.575056234766023
1.386,0.57469601192893
1.387,0.57433601928197
1.388,0.573976256982744
1.389,0.573616725188798
1.39,0.573257424057621
1.391,0.57289835374665
1.392,0.572539514413272
1.393,0.572180906214819
1.394,0.57182252930857
1.395,0.571464383851759
1.396,0.571106470001567
1.397,0.57074878791512
1.398,0.570391337749498
1.399,0.570034119661737
1.4,0.56967713380882
1.401,0.569320380347681
1.402,0.568963859435211
1.403,0.568607571228253
1.404,0.568251515883602
1.405,0.567895693558014
1.406,0.567540104408186
1.407,0.567184748590786
1.408,0.566829626262436
1.409,0.566474737579702
1.41,0.566120082699119
1.411,0.565765661777181
1.412,0.565411474970329
1.413,0.565057522434973
1.414,0.564703804327474
1.415,0.564350320804165
1.416,0.563997072021325
1.417,0.563644058135205
1.418,0.563291279302004
1.419,0.5629387356779
1.42,0.562586427419013
1.421,0.562234354681446
1.422,0.561882517621256
1.423,0.56153091639446
1.424,0.56117955115704
1.425,0.560828422064945
1.426,0.560477529274092
1.427,0.560126872940358
1.428,0.55977645321959
1.429,0.559426270267594
1.43,0.559076324240152
1.431,0.558726615293006
1.432,0.55837714358187
1.433,0.558027909262431
1.434,0.557678912490324
1.435,0.557330153421177
1.436,0.556981632210576
1.437,0.556633349014078
1.438,0.55628530398721
1.439,0.555937497285468
1.44,0.555589929064327
1.441,0.555242599479219
1.442,0.554895508685557
1.443,0.554548656838733
1.444,0.554202044094099
1.445,0.553855670606982
1.446,0.553509536532691
1.447,0.5531636420265
1.448,0.552817987243659
1.449,0.552472572339399
1.45,0.552127397468914
1.451,0.551782462787386
1.452,0.551437768449963
1.453,0.551093314611772
1.454,0.550749101427917
1.455,0.550405129053484
1.456,0.550061397643528
1.457,0.549717907353078
1.458,0.549374658337158
1.459,0.549031650750753
1.46,0.548688884748833
1.461,0.548346360486346
1.462,0.548004078118222
1.463,0.54766203779937
1.464,0.547320239684674
1.465,0.546978683928997
1.466,0.546637370687198
1.467,0.546296300114094
1.468,0.545955472364499
1.469,0.545614887593205
1.47,0.545274545954981
1.471,0.544934447604592
1.472,0.544594592696761
1.473,0.544254981386214
1.474,0.54391561382766
1.475,0.543576490175769
1.476,0.543237610585222
1.477,0.542898975210671
1.478,0.542560584206751
1.479,0.542222437728082
1.48,0.54188453592927
1.481,0.541546878964907
1.482,0.541209466989571
1.483,0.540872300157821
1.484,0.5405353786242
1.485,0.540198702543245
1.486,0.539862272069476
1.487,0.539526087357395
1.488,0.539190148561498
1.489,0.53885445583626
1.49,0.538519009336148
1.491,0.53818380921561
1.492,0.537848855629101
1.493,0.537514148731039
1.494,0.537179688675843
1.495,0.536845475617917
1.496,0.536511509711655
1.497,0.536177791111439
1.498,0.535844319971641
1.499,0.535511096446626
1.5,0.535178120690732
1.501,0.534845392858311
1.502,0.534512913103676
1.503,0.534180681581162
1.504,0.533848698445067
1.505,0.533516963849698
1.506,0.533185477949339
1.507,0.53285424089827
1.508,0.532523252850767
1.509,0.532192513961085
1.51,0.531862024383481
1.511,0.531531784272196
1.512,0.531201793781476
1.513,0.530872053065539
1.514,0.530542562278603
1.515,0.530213321574888
1.516,0.529884331108593
1.517,0.529555591033914
1.518,0.529227101505034
1.519,0.528898862676143
1.52,0.528570874701404
1.521,0.528243137734993
1.522,0.527915651931065
1.523,0.527588417443773
1.524,0.527261434427255
1.525,0.526934703035663
1.526,0.526608223423119
1.527,0.526281995743749
1.528,0.525956020151674
1.529,0.525630296801008
1.53,0.525304825845855
1.531,0.524979607440317
1.532,0.524654641738489
1.533,0.524329928894458
1.534,0.524005469062309
1.535,0.523681262396115
1.536,0.52335730904995
1.537,0.52303360917788
1.538,0.522710162933965
1.539,0.522386970472259
1.54,0.522064031946815
1.541,0.521741347511672
1.542,0.521418917320868
1.543,0.521096741528441
1.544,0.520774820288419
1.545,0.520453153754825
1.546,0.520131742081672
1.547,0.519810585422985
1.548,0.51948968393276
1.549,0.519169037765009
1.55,0.518848647073723
1.551,0.518528512012901
1.552,0.518208632736533
1.553,0.517889009398594
1.554,0.517569642153071
1.555,0.517250531153934
1.556,0.516931676555153
1.557,0.516613078510693
1.558,0.516294737174516
1.559,0.515976652700571
1.56,0.515658825242812
1.561,0.515341254955184
1.562,0.515023941991626
1.563,0.514706886506075
1.564,0.514390088652453
1.565,0.5140735485847
1.566,0.513757266456724
1.567,0.513441242422449
1.568,0.513125476635782
1.569,0.512809969250624
1.57,0.51249472042088
1.571,0.512179730300452
1.572,0.511864999043217
1.573,0.511550526803066
1.574,0.511236313733882
1.575,0.510922359989531
1.576,0.510608665723886
1.577,0.510295231090814
1.578,0.509982056244166
1.579,0.509669141337802
1.58,0.509356486525556
1.581,0.509044091961281
1.582,0.508731957798804
1.583,0.508420084191957
1.584,0.508108471294561
1.585,0.507797119260433
1.586,0.507486028243383
1.587,0.507175198397216
1.588,0.506864629875726
1.589,0.506554322832708
1.59,0.506244277421941
1.591,0.505934493797208
1.592,0.505624972112273
1.593,0.505315712520904
1.594,0.505006715176857
1.595,0.504697980233874
1.596,0.504389507845703
1.597,0.504081298166076
1.598,0.50377335134872
1.599,0.503465667547354
1.6,0.503158246915679
1.601,0.502851089607401
1.602,0.502544195776221
1.603,0.502237565575813
1.604,0.501931199159862
1.605,0.501625096682026
1.606,0.501319258295969
1.607,0.50101368415534
1.608,0.500708374413773
1.609,0.500403329224908
1.61,0.500098548742353
1.611,0.499794033119729
1.612,0.499489782510632
1.613,0.499185797068649
1.614,0.498882076947359
1.615,0.498578622300333
1.616,0.498275433281124
1.617,0.497972510043287
1.618,0.497669852740341
1.619,0.497367461525828
1.62,0.497065336553247
1.621,0.496763477976099
1.622,0.49646188594788
1.623,0.496160560622044
1.624,0.495859502152064
1.625,0.495558710691393
1.626,0.495258186393461
1.627,0.494957929411685
1.628,0.494657939899476
1.629,0.494358218010231
1.63,0.494058763897328
1.631,0.493759577714123
1.632,0.493460659613976
1.633,0.493162009750219
1.634,0.492863628276166
1.635,0.492565515345122
1.636,0.492267671110376
1.637,0.491970095725198
1.638,0.491672789342844
1.639,0.491375752116551
1.64,0.491078984199538
1.641,0.490782485745007
1.642,0.49048625690614
1.643,0.49019029783611
1.644,0.489894608688062
1.645,0.489599189615124
1.646,0.489304040770411
1.647,0.489009162307009
1.648,0.488714554377986
1.649,0.488420217136409
1.65,0.488126150735291
1.651,0.487832355327646
1.652,0.487538831066472
1.653,0.487245578104725
1.654,0.486952596595357
1.655,0.486659886691285
1.656,0.486367448545416
1.657,0.486075282310625
1.658,0.485783388139765
1.659,0.485491766185664
1.66,0.485200416601133
1.661,0.484909339538962
1.662,0.484618535151888
1.663,0.48432800359266
1.664,0.484037745013974
1.665,0.483747759568514
1.666,0.483458047408943
1.667,0.483168608687871
1.668,0.482879443557908
1.669,0.482590552171626
1.67,0.482301934681562
1.671,0.482013591240241
1.672,0.481725522000144
1.673,0.481437727113729
1.674,0.481150206733424
1.675,0.480862961011624
1.676,0.480575990100696
1.677,0.480289294152979
1.678,0.480002873320768
1.679,0.479716727756342
1.68,0.479430857611939
1.681,0.479145263039764
1.682,0.478859944191991
1.683,0.478559229050794
1.684,0.47824140480882
1.685,0.477923967921756
1.686,0.477606919161963
1.687,0.477290259302895
1.688,0.476973989119117
1.689,0.476658109386301
1.69,0.476342620881217
1.691,0.476027524381711
1.692,0.475712820666754
1.693,0.47539851051638
1.694,0.475084594711729
1.695,0.474771074035014
1.696,0.474457949269536
1.697,0.474145221199669
1.698,0.47383289061087
1.699,0.473520958289663
1.7,0.473209425023646
1.701,0.472898291601478
1.702,0.472587558812885
1.703,0.472277227448652
1.704,0.471967298300622
1.705,0.471657772161691
1.706,0.471348649825805
1.707,0.47103993208796
1.708,0.470731619744189
1.709,0.470423713591574
1.71,0.470116214428221
1.711,0.469809123053285
1.712,0.469502440266937
1.713,0.469196166870389
1.714,0.468890303665852
1.715,0.468584851456578
1.716,0.468279811046831
1.717,0.46797518324187
1.718,0.467670968847982
1.719,0.467367168672444
1.72,0.467063783523536
1.721,0.466760814210535
1.722,0.466458261543717
1.723,0.466156126334331
1.724,0.465854409394616
1.725,0.465553111537799
1.726,0.46525223357807
1.727,0.4649517763306
1.728,0.464651740611521
1.729,0.464352127237929
1.73,0.464052937027883
1.731,0.463754170800389
1.732,0.463455829375406
1.733,0.463157913573845
1.734,0.462860424217546
1.735,0.462563362129289
1.736,0.462266728132793
1.737,0.461970523052698
1.738,0.461674747714568
1.739,0.461379402944877
1.74,0.461084489571025
1.741,0.460790008421311
1.742,0.460495960324947
1.743,0.460202346112025
1.744,0.459909166613549
1.745,0.459616422661404
1.746,0.459324115088353
1.747,0.459032244728051
1.748,0.458740812415014
1.749,0.45844981898463
1.75,0.458159265273146
1.751,0.457869152117676
1.752,0.457579480356177
1.753,0.457290250827453
1.754,0.457001464371157
1.755,0.456713121827764
1.756,0.456425224038604
1.757,0.456137771845802
1.758,0.455850766092317
1.759,0.455564207621928
1.76,0.4552780972792
1.761,0.454992435909533
1.762,0.45470722435909
1.763,0.45442246347484
1.764,0.454138154104537
1.765,0.453854297096712
1.766,0.453570893300665
1.767,0.453287943566465
1.768,0.453005448744937
1.769,0.452723409687673
1.77,0.452441827246997
1.771,0.45216070227598
1.772,0.451880035628428
1.773,0.45159982815889
1.774,0.45132008072261
1.775,0.451040794175565
1.776,0.450761969374438
1.777,0.450483607176625
1.778,0.450205708440201
1.779,0.449928274023939
1.78,0.449651304787294
1.781,0.449374801590401
1.782,0.449098765294058
1.783,0.448823196759724
1.784,0.448548096849525
1.785,0.44827346642622
1.786,0.447999306353224
1.787,0.447725617494576
1.788,0.447452400714943
1.789,0.447179656879619
1.79,0.4469073868545
1.791,0.446635591506098
1.792,0.446364271701515
1.793,0.446093428308446
1.794,0.445823062195178
1.795,0.445553174230558
1.796,0.445283765284009
1.797,0.445014836225511
1.798,0.44474638792561
1.799,0.444478421255378
1.8,0.444210937086431
1.801,0.443943936290922
1.802,0.443677419741514
1.803,0.443411388311394
1.804,0.443145842874246
1.805,0.442880784304257
1.806,0.442616213476105
1.807,0.442352131264935
1.808,0.442088538546379
1.809,0.441825436196531
1.81,0.441562825091944
1.811,0.441300706109608
1.812,0.441039080126964
1.813,0.440777948021881
1.814,0.440517310672638
1.815,0.440257168957954
1.816,0.439997523756923
1.817,0.439738375949067
1.818,0.439479726414263
1.819,0.43922157603279
1.82,0.438963925685285
1.821,0.438706776252757
1.822,0.43845012861656
1.823,0.438193983658382
1.824,0.437938342260265
1.825,0.437683205304561
1.826,0.43742857367394
1.827,0.437174448251383
1.828,0.436920829920164
1.829,0.43666771956384
1.83,0.436415118066254
1.831,0.436163026311518
1.832,0.435911445183994
1.833,0.435660375568302
1.834,0.435409818349297
1.835,0.43515977441207
1.836,0.434910244641923
1.837,0.434661229924371
1.838,0.434412731145138
1.839,0.434164749190127
1.84,0.433917284945433
1.841,0.433670339297306
1.842,0.433423913132172
1.843,0.433178007336607
1.844,0.432932622797307
1.845,0.43268776040112
1.846,0.432443421035007
1.847,0.432199605586028
1.848,0.431956314941361
1.849,0.431713549988248
1.85,0.431471311614031
1.851,0.43122960070611
1.852,0.430988418151931
1.853,0.430747764839004
1.854,0.430507641654858
1.855,0.430268049487062
1.856,0.430028989223175
1.857,0.429790461750791
1.858,0.429552467957461
1.859,0.429315008730739
1.86,0.42907808495813
1.861,0.428841697527117
1.862,0.428605847325123
1.863,0.428370535239487
1.864,0.428135762157503
1.865,0.427901528966357
1.866,0.42766783655314
1.867,0.427434685804842
1.868,0.427202077608311
1.869,0.426970012850287
1.87,0.426738492417344
1.871,0.426507517195913
1.872,0.426277088072243
1.873,0.426047205932421
1.874,0.425817871662323
1.875,0.425589086147634
1.876,0.425360850273821
1.877,0.425133164926113
1.878,0.424906030989509
1.879,0.424679449348756
1.88,0.42445342088833
1.881,0.424227946492435
1.882,0.424003027044979
1.883,0.423778663429586
1.884,0.423554856529545
1.885,0.423331607227832
1.886,0.423108916407084
1.887,0.422886784949575
1.888,0.422665213737235
1.889,0.422444203651601
1.89,0.422223755573829
1.891,0.422003870384666
1.892,0.421784548964451
1.893,0.421565792193098
1.894,0.421347600950073
1.895,0.421129976114389
1.896,0.4209129185646
1.897,0.420696429178777
1.898,0.420480508834492
1.899,0.420265158408826
1.9,0.420050378778327
1.901,0.419836170819017
1.902,0.419622535406372
1.903,0.419409473415309
1.904,0.41919698572018
1.905,0.418985073194736
1.906,0.418773736712142
1.907,0.418562977144951
1.908,0.418352795365075
1.909,0.418143192243808
1.91,0.417934168651775
1.911,0.417725725458941
1.912,0.417517863534584
1.913,0.417310583747301
1.914,0.417103886964955
1.915,0.416897774054715
1.916,0.416692245883
1.917,0.416487303315475
1.918,0.416282947217055
1.919,0.41607917845186
1.92,0.415875997883231
1.921,0.415673406373694
1.922,0.415471404784958
1.923,0.415269993977893
1.924,0.415069174812524
1.925,0.414868948148016
1.926,0.414669314842645
1.927,0.41447027575381
1.928,0.41427183173799
1.929,0.414073983650741
1.93,0.413876732346696
1.931,0.413680078679534
1.932,0.413484023501962
1.933,0.413288567665708
1.934,0.41309371202151
1.935,0.412899457419105
1.936,0.412705804707191
1.937,0.412512754733437
1.938,0.412320308344453
1.939,0.412128466385785
1.94,0.411937229701898
1.941,0.411746599136151
1.942,0.411556575530796
1.943,0.411367159726965
1.944,0.411178352564628
1.945,0.410990154882604
1.946,0.410802567518555
1.947,0.410615591308929
1.948,0.410429227088992
1.949,0.410243475692778
1.95,0.410058337953094
1.951,0.409873814701495
1.952,0.409689906768272
1.953,0.409506614982437
1.954,0.409323940171711
1.955,0.409141883162493
1.956,0.408960444779868
1.957,0.408779625847572
1.958,0.408599427187992
1.959,0.408419849622134
1.96,0.408240893969627
1.961,0.408062561048681
1.962,0.407884851676107
1.963,0.407707766667262
1.964,0.40753130683607
1.965,0.407355472994974
1.966,0.407180265954951
1.967,0.407005686525467
1.968,0.406831735514489
1.969,0.406658413728438
1.97,0.406485721972214
1.971,0.406313661049133
1.972,0.406142231760953
1.973,0.405971434907833
1.974,0.405801271288326
1.975,0.405631741699357
1.976,0.405462846936222
1.977,0.40529458779256
1.978,0.405126965060328
1.979,0.404959979529806
1.98,0.404793631989572
1.981,0.404627923226485
1.982,0.404462854025659
1.983,0.404298425170479
1.984,0.404134637442539
1.985,0.403971491621672
1.986,0.403808988485894
1.987,0.403647128811415
1.988,0.403485913372622
1.989,0.403325342942041
1.99,0.403165418290353
1.991,0.40300614018634
1.992,0.4028475093969
1.993,0.402689526687025
1.994,0.402532192819773
1.995,0.402375508556254
1.996,0.402219474655635
1.997,0.402064091875093
1.998,0.401909360969823
1.999,0.401755282693009
2,0.401601857795808
2.001,0.401449087027346
2.002,0.401296971134686
2.003,0.401145510862824
2.004,0.400994706954663
2.005,0.400844560151009
2.006,0.400695071190548
2.007,0.400546240809814
2.008,0.400398069743215
2.009,0.400250558722968
2.01,0.400103708479116
2.011,0.399957519739504
2.012,0.399811993229751
2.013,0.399667129673255
2.014,0.399522929791154
2.015,0.399379394302332
2.016,0.399236523923381
2.017,0.399094319368607
2.018,0.398952781349995
2.019,0.398811910577205
2.02,0.398671707757553
2.021,0.398532173595992
2.022,0.398393308795099
2.023,0.398255114055061
2.024,0.398117590073646
2.025,0.39798073754621
2.026,0.397844557165659
2.027,0.397709049622453
2.028,0.397574215604568
2.029,0.397440055797501
2.03,0.397306570884239
2.031,0.397158594557366
2.032,0.396978407519262
2.033,0.396798541597826
2.034,0.396618996875897
2.035,0.396439773435863
2.036,0.396260871359686
2.037,0.396082290728914
2.038,0.395904031624644
2.039,0.395726094127542
2.04,0.395548478317845
2.041,0.395371184275339
2.042,0.395194212079385
2.043,0.395017561808885
2.044,0.394841233542321
2.045,0.394665227357707
2.046,0.394489543332634
2.047,0.394314181544225
2.048,0.394139142069175
2.049,0.393964424983704
2.05,0.393790030363602
2.051,0.393615958284197
2.052,0.393442208820364
2.053,0.393268782046507
2.054,0.393095678036601
2.055,0.392922896864138
2.056,0.392750438602152
2.057,0.392578303323221
2.058,0.392406491099463
2.059,0.392235002002515
2.06,0.392063836103562
2.061,0.391892993473303
2.062,0.391722474181985
2.063,0.391552278299379
2.064,0.391382405894766
2.065,0.391212857036973
2.066,0.391043631794339
2.067,0.390874730234732
2.068,0.39070615242554
2.069,0.390537898433658
2.07,0.390369968325513
2.071,0.390202362167038
2.072,0.390035080023695
2.073,0.389868121960438
2.074,0.38970148804174
2.075,0.3895351783316
2.076,0.389369192893502
2.077,0.389203531790456
2.078,0.389038195084955
2.079,0.388873182839018
2.08,0.388708495114161
2.081,0.388544131971392
2.082,0.388380093471216
2.083,0.388216379673658
2.084,0.388052990638219
2.085,0.387889926423894
2.086,0.38772718708919
2.087,0.387564772692077
2.088,0.387402683290048
2.089,0.387240918940061
2.09,0.387079479698567
2.091,0.386918365621511
2.092,0.386757576764309
2.093,0.386597113181871
2.094,0.386436974928587
2.095,0.386277162058322
2.096,0.386117674624413
2.097,0.385958512679692
2.098,0.38579967627646
2.099,0.38564116546648
2.1,0.385482980301
2.101,0.385325120830738
2.102,0.38516758710587
2.103,0.385010379176059
2.104,0.384853497090426
2.105,0.384696940897549
2.106,0.384540710645487
2.107,0.384384806381735
2.108,0.384229228153277
2.109,0.384073976006541
2.11,0.38391904998742
2.111,0.383764450141257
2.112,0.383610176512854
2.113,0.383456229146458
2.114,0.383212219544192
2.115,0.382853073689306
2.116,0.382494056425272
2.117,0.382135168114531
2.118,0.381776409120745
2.119,0.381417779808823
2.12,0.381059280544908
2.121,0.380700911696392
2.122,0.38034267363192
2.123,0.379984566721377
2.124,0.379626591335936
2.125,0.379268747848013
2.126,0.378911036631306
2.127,0.378553458060774
2.128,0.378196012512662
2.129,0.377838700364502
2.13,0.377481521995108
2.131,0.37712447778459
2.132,0.376767568114362
2.133,0.376410793367119
2.134,0.376054153926895
2.135,0.375697650179004
2.136,0.375341282510114
2.137,0.374985051308164
2.138,0.37462895696248
2.139,0.374272999863672
2.14,0.373917180403703
2.141,0.373561498975888
2.142,0.373205955974868
2.143,0.372850551796651
2.144,0.372495286838602
2.145,0.372140161499436
2.146,0.371785176179239
2.147,0.371430331279479
2.148,0.371075627202979
2.149,0.37072106435397
2.15,0.370366643138042
2.151,0.370012363962197
2.152,0.369658227234827
2.153,0.369304233365727
2.154,0.368950382766096
2.155,0.36859667584855
2.156,0.368243113027115
2.157,0.36788969471725
2.158,0.367536421335827
2.159,0.367183293301175
2.16,0.366830311033038
2.161,0.366477474952615
2.162,0.366124785482554
2.163,0.365772243046948
2.164,0.365419848071358
2.165,0.365067600982807
2.166,0.364715502209793
2.167,0.364363552182279
2.168,0.36401175133172
2.169,0.363660100091049
2.17,0.363308598894699
2.171,0.362957248178596
2.172,0.362606048380154
2.173,0.362254999938325
2.174,0.361904103293556
2.175,0.361553358887813
2.176,0.361202767164587
2.177,0.360852328568902
2.178,0.360502043547327
2.179,0.360151912547941
2.18,0.359801936020403
2.181,0.359452114415925
2.182,0.359102448187241
2.183,0.358752937788684
2.184,0.358403583676151
2.185,0.358054386307095
2.186,0.357705346140562
2.187,0.357356463637199
2.188,0.357007739259216
2.189,0.35665917347044
2.19,0.356310766736303
2.191,0.355962519523829
2.192,0.355614432301669
2.193,0.355266505540112
2.194,0.35491873971104
2.195,0.35457113528799
2.196,0.354223692746127
2.197,0.353876412562268
2.198,0.353529295214879
2.199,0.353182341184082
2.2,0.352835550951651
2.201,0.352488925001049
2.202,0.35214246381739
2.203,0.351796167887492
2.204,0.35145003769983
2.205,0.351104073744595
2.206,0.350758276513665
2.207,0.350412646500627
2.208,0.350067184200774
2.209,0.349721890111124
2.21,0.349376764730396
2.211,0.349031808559068
2.212,0.348687022099332
2.213,0.348342405855122
2.214,0.34799796033213
2.215,0.34765368603778
2.216,0.347309583481273
2.217,0.346965653173586
2.218,0.346621895627431
2.219,0.346278311357335
2.22,0.345934900879592
2.221,0.345591664712284
2.222,0.345248603375293
2.223,0.344905717390302
2.224,0.344563007280821
2.225,0.344220473572156
2.226,0.343878116791425
2.227,0.34353593746761
2.228,0.343193936131496
2.229,0.342852113315725
2.23,0.34251046955478
2.231,0.342169005385012
2.232,0.341827721344617
2.233,0.341486617973652
2.234,0.341145695814061
2.235,0.340804955409674
2.236,0.340464397306187
2.237,0.340124022051213
2.238,0.339783830194246
2.239,0.339443822286695
2.24,0.339103998881884
2.241,0.33876436053503
2.242,0.338424907803319
2.243,0.338085641245842
2.244,0.337746561423637
2.245,0.337407668899674
2.246,0.337068964238912
2.247,0.336730448008222
2.248,0.336392120776472
2.249,0.336053983114492
2.25,0.335716035595106
2.251,0.335378278793097
2.252,0.335040713285253
2.253,0.334703339650376
2.254,0.33436615846926
2.255,0.334029170324711
2.256,0.333692375801558
2.257,0.333355775486659
2.258,0.333019369968898
2.259,0.332683159839213
2.26,0.332347145690587
2.261,0.332011328118033
2.262,0.331675707718656
2.263,0.331340285091614
2.264,0.331005060838147
2.265,0.330670035561564
2.266,0.330335209867274
2.267,0.330000584362783
2.268,0.329666159657682
2.269,0.329331936363703
2.27,0.328997915094661
2.271,0.328664096466521
2.272,0.328330481097363
2.273,0.3279970696074
2.274,0.327663862619011
2.275,0.327330860756708
2.276,0.326998064647173
2.277,0.326665474919241
2.278,0.326333092203935
2.279,0.326000917134446
2.28,0.325668950346155
2.281,0.325337192476638
2.282,0.325005644165684
2.283,0.324674306055258
2.284,0.324343178789586
2.285,0.324012263015066
2.286,0.323681559380373
2.287,0.323351068536393
2.288,0.323020791136254
2.289,0.322690727835345
2.29,0.322360879291308
2.291,0.322031246164067
2.292,0.321701829115788
2.293,0.32137262881095
2.294,0.321043645916286
2.295,0.32071488110085
2.296,0.320386335035993
2.297,0.320058008395368
2.298,0.319729901854943
2.299,0.319402016093016
2.3,0.319074351790214
2.301,0.318746909629498
2.302,0.318419690296179
2.303,0.318092694477925
2.304,0.317765922864749
2.305,0.317439376149047
2.306,0.317113055025578
2.307,0.316786960191496
2.308,0.316461092346319
2.309,0.316135452191991
2.31,0.315810040432837
2.311,0.315484857775616
2.312,0.315159904929475
2.313,0.314835182606021
2.314,0.314510691519262
2.315,0.314186432385665
2.316,0.31386240592414
2.317,0.313538612856053
2.318,0.313215053905225
2.319,0.312891729797955
2.32,0.312568641263022
2.321,0.312245789031684
2.322,0.311923173837686
2.323,0.311600796417274
2.324,0.311278657509207
2.325,0.310956757854753
2.326,0.310635098197703
2.327,0.310313679284361
2.328,0.309992501863598
2.329,0.309671566686793
2.33,0.309350874507907
2.331,0.309030426083437
2.332,0.308710222172449
2.333,0.308390263536588
2.334,0.308070550940068
2.335,0.307751085149703
2.336,0.307431866934889
2.337,0.307112897067627
2.338,0.306794176322537
2.339,0.306475705476835
2.34,0.306157485310379
2.341,0.305839516605644
2.342,0.305521800147757
2.343,0.305204336724469
2.344,0.304887127126211
2.345,0.304570172146047
2.346,0.304253472579723
2.347,0.303937029225666
2.348,0.303620842884949
2.349,0.303304914361386
2.35,0.302989244461439
2.351,0.302673833994305
2.352,0.302358683771868
2.353,0.302043794608755
2.354,0.301729167322289
2.355,0.301414802732544
2.356,0.301100701662326
2.357,0.300786864937181
2.358,0.300473293385425
2.359,0.300159987838123
2.36,0.299846949129095
2.361,0.29953417809496
2.362,0.299221675575092
2.363,0.298909442411677
2.364,0.298597479449683
2.365,0.298285787536879
2.366,0.297974367523849
2.367,0.297663220263997
2.368,0.297352346613535
2.369,0.297041747431517
2.37,0.296731423579829
2.371,0.2964213759232
2.372,0.296111605329216
2.373,0.295802112668314
2.374,0.295492898813792
2.375,0.295183964641828
2.376,0.294875311031467
2.377,0.294566938864665
2.378,0.294258849026228
2.379,0.293951042403882
2.38,0.293643519888263
2.381,0.293336282372905
2.382,0.293029330754271
2.383,0.292722665931739
2.384,0.292416288807621
2.385,0.292110200287169
2.386,0.29180440127858
2.387,0.291498892692987
2.388,0.291193675444498
2.389,0.290888750450168
2.39,0.290584118630042
2.391,0.290279780907117
2.392,0.289975738207395
2.393,0.289671991459837
2.394,0.289368541596429
2.395,0.28906538955214
2.396,0.288762536264944
2.397,0.288459982675845
2.398,0.288157729728849
2.399,0.287855778370992
2.4,0.287554129552335
2.401,0.287252784225993
2.402,0.28695174334811
2.403,0.286651007877874
2.404,0.286350578777544
2.405,0.286050457012425
2.406,0.285750643550893
2.407,0.285451139364398
2.408,0.285151945427456
2.409,0.284853062717679
2.41,0.284554492215773
2.411,0.28425623490551
2.412,0.283958291773785
2.413,0.283660663810598
2.414,0.283363352009045
2.415,0.283066357365334
2.416,0.282769680878819
2.417,0.28247332355196
2.418,0.282177286390347
2.419,0.281881570402709
2.42,0.28158617660092
2.421,0.281291106000003
2.422,0.280996359618114
2.423,0.280701938476581
2.424,0.280407843599882
2.425,0.280114076015677
2.426,0.279820636754761
2.427,0.279527526851146
2.428,0.279234747341987
2.429,0.278942299267646
2.43,0.278650183671655
2.431,0.278358401600747
2.432,0.278066954104847
2.433,0.277775842237081
2.434,0.277485067053792
2.435,0.277194629614504
2.436,0.276904530981971
2.437,0.276614772222162
2.438,0.276325354404266
2.439,0.276036278600692
2.44,0.275747545887064
2.441,0.27545915734227
2.442,0.275171114048396
2.443,0.27488341709079
2.444,0.274596067558021
2.445,0.274309066541924
2.446,0.274022415137563
2.447,0.273736114443262
2.448,0.273450165560589
2.449,0.273164569594384
2.45,0.272879327652727
2.451,0.272594440846977
2.452,0.27230991029174
2.453,0.2720257371049
2.454,0.271741922407609
2.455,0.271458467324292
2.456,0.271175372982634
2.457,0.27089264051362
2.458,0.270610271051487
2.459,0.270328265733769
2.46,0.270046625701281
2.461,0.269765352098101
2.462,0.269484446071624
2.463,0.269203908772508
2.464,0.268923741354708
2.465,0.268643944975467
2.466,0.268364520795309
2.467,0.268085469978072
2.468,0.267806793690858
2.469,0.267528493104082
2.47,0.267250569391456
2.471,0.266973023729964
2.472,0.266695857299911
2.473,0.266419071284882
2.474,0.266142666871764
2.475,0.265866645250731
2.476,0.265591007615267
2.477,0.265315755162138
2.478,0.265040889091411
2.479,0.264766410606461
2.48,0.264492320913937
2.481,0.264218621223798
2.482,0.263945312749273
2.483,0.26367239670693
2.484,0.263399874316578
2.485,0.263127746801335
2.486,0.262856015387623
2.487,0.262584681305135
2.488,0.262313745786851
2.489,0.262043210069039
2.49,0.261773075391259
2.491,0.261503342996329
2.492,0.261234014130369
2.493,0.260965090042759
2.494,0.260696571986161
2.495,0.260428461216501
2.496,0.260160758992971
2.497,0.259893466578048
2.498,0.25962658523746
2.499,0.259360116240184
2.5,0.259094060858465
2.501,0.258828420367789
2.502,0.258563196046906
2.503,0.2582983891778
2.504,0.258034001045699
2.505,0.257770032939067
2.506,0.257506486149599
2.507,0.257243361972214
2.508,0.256980661705066
2.509,0.25671838664951
2.51,0.256456538110128
2.511,0.256195117394704
2.512,0.255934125814219
2.513,0.255673564682857
2.514,0.255413435318002
2.515,0.255153739040202
2.516,0.254894477173201
2.517,0.254635651043904
2.518,0.254377261982379
2.519,0.254119311321878
2.52,0.253861800398775
2.521,0.2536047305526
2.522,0.25334810312603
2.523,0.253091919464865
2.524,0.252836180918016
2.525,0.252580888837531
2.526,0.252326044578548
2.527,0.252071649499317
2.528,0.251817704961159
2.529,0.251564212328496
2.53,0.251311172968801
2.531,0.251058588252628
2.532,0.250806459553578
2.533,0.250554788248292
2.534,0.250303575716454
2.535,0.250052823340773
2.536,0.249802532506957
2.537,0.249552704603726
2.538,0.249303341022804
2.539,0.249054443158877
2.54,0.248806012409616
2.541,0.248558050175647
2.542,0.248310557860545
2.543,0.248063536870816
2.544,0.247816988615901
2.545,0.247570914508145
2.546,0.247325315962787
2.547,0.247080194397969
2.548,0.246835551234687
2.549,0.246591387896808
2.55,0.246347705811052
2.551,0.246104506406957
2.552,0.245861791116886
2.553,0.245619561376012
2.554,0.245377818622296
2.555,0.245136564296476
2.556,0.24489579984204
2.557,0.244655526705224
2.558,0.244415746335015
2.559,0.244176460183088
2.56,0.243937669703829
2.561,0.2436993763543
2.562,0.243461581594228
2.563,0.243224286885998
2.564,0.242987493694619
2.565,0.242751203487706
2.566,0.242515417735493
2.567,0.242280137910765
2.568,0.242045365488881
2.569,0.241811101947747
2.57,0.241577348767784
2.571,0.241344107431916
2.572,0.241111379425562
2.573,0.24087916623659
2.574,0.240647469355323
2.575,0.240416290274508
2.576,0.2401856304893
2.577,0.239955491497232
2.578,0.239725874798198
2.579,0.239496781894457
2.58,0.239268214290538
2.581,0.239040173493323
2.582,0.238812661011937
2.583,0.238585678357768
2.584,0.238359227044435
2.585,0.238133308587761
2.586,0.237907924505758
2.587,0.237683076318595
2.588,0.237458765548575
2.589,0.237234993720119
2.59,0.237011762359733
2.591,0.236789072995988
2.592,0.236566927159487
2.593,0.236345326382844
2.594,0.236124272200667
2.595,0.235903766149514
2.596,0.235683809767885
2.597,0.235464404596185
2.598,0.235245552176688
2.599,0.235027254053535
2.6,0.23480951177268
2.601,0.234592326881878
2.602,0.234375700930649
2.603,0.234159635470253
2.604,0.233944132053658
2.605,0.233729192235515
2.606,0.233514817572132
2.607,0.233301009621422
2.608,0.233087769942891
2.609,0.232875100097623
2.61,0.232663001648209
2.611,0.232451476158747
2.612,0.2322405251948
2.613,0.232030150323362
2.614,0.231820353112832
2.615,0.231611135132971
2.616,0.231402497954881
2.617,0.231194443150962
2.618,0.230986972294884
2.619,0.23078008696155
2.62,0.230573788727073
2.621,0.230368079168711
2.622,0.230162959864857
2.623,0.22995843239502
2.624,0.229754498339749
2.625,0.229551159280614
2.626,0.229348416800173
2.627,0.229146272481938
2.628,0.228944727910335
2.629,0.228743784670665
2.63,0.228543444349056
2.631,0.228343708532446
2.632,0.228144578808531
2.633,0.227946056765723
2.634,0.227748143993126
2.635,0.227550842080477
2.636,0.227354152618117
2.637,0.227158077196962
2.638,0.226962617408443
2.639,0.226767774844465
2.64,0.226573551097382
2.641,0.226379947759949
2.642,0.226186966425266
2.643,0.225994608686764
2.644,0.225802876138127
2.645,0.225611770373286
2.646,0.225421292986342
2.647,0.225231445571553
2.648,0.225042229723263
2.649,0.224853647035874
2.65,0.224665699103798
2.651,0.224478387521415
2.652,0.224291713883014
2.653,0.224105679782761
2.654,0.223920286814661
2.655,0.223735536572476
2.656,0.223551430649724
2.657,0.223367970639598
2.658,0.223185158134933
2.659,0.223002994728165
2.66,0.222821482011254
2.661,0.222640621575678
2.662,0.222460415012351
2.663,0.222280863911582
2.664,0.222101969863038
2.665,0.221923734455676
2.666,0.221746159277711
2.667,0.221569245916544
2.668,0.221392995958741
2.669,0.221217410989952
2.67,0.221042492594881
2.671,0.220868242357221
2.672,0.220694661859612
2.673,0.220521752683575
2.674,0.220349516409489
2.675,0.220177954616501
2.676,0.220007068882489
2.677,0.219836860784017
2.678,0.219667331896282
2.679,0.219498483793027
2.68,0.219330318046538
2.681,0.219162836227548
2.682,0.218996039905203
2.683,0.218829930646993
2.684,0.218664510018712
2.685,0.218499779584399
2.686,0.21833574090626
2.687,0.218172395544653
2.688,0.218009745057983
2.689,0.217847791002689
2.69,0.217686534933162
2.691,0.217525978401687
2.692,0.217366122958396
2.693,0.217206970151214
2.694,0.217048521525773
2.695,0.216890778625388
2.696,0.21673374299098
2.697,0.216577416161019
2.698,0.216421799671468
2.699,0.216266895055711
2.7,0.216112703844524
2.701,0.215959227565974
2.702,0.215806467745395
2.703,0.215654425905302
2.704,0.215503103565349
2.705,0.215352502242249
2.706,0.215202623449734
2.707,0.215053468698482
2.708,0.214905039496052
2.709,0.214757337346828
2.71,0.214610363751958
2.711,0.214464120209292
2.712,0.214318608213322
2.713,0.214173829255102
2.714,0.214029784822211
2.715,0.213886476398672
2.716,0.213743905464901
2.717,0.21360207349763
2.718,0.213460981969851
2.719,0.213320632350763
2.72,0.213181026105693
2.721,0.213042164696038
2.722,0.212904049579192
2.723,0.212766682208507
2.724,0.212630064033196
2.725,0.212494196498295
2.726,0.212359081044585
2.727,0.212224719108532
2.728,0.21209111212222
2.729,0.211958261513287
2.73,0.21182616870486
2.731,0.211694835115482
2.732,0.211564262159079
2.733,0.211434451244845
2.734,0.211305403777214
2.735,0.211177121155784
2.736,0.211049604775244
2.737,0.210922856025323
2.738,0.21079687629071
2.739,0.210671666950999
2.74,0.210547229380614
2.741,0.210423564948758
2.742,0.210300675019325
2.743,0.210178560950862
2.744,0.210057224096469
2.745,0.209936665803772
2.746,0.209816887414823
2.747,0.209697890266055
2.748,0.209579675688204
2.749,0.20946224500626
2.75,0.209345599539376
2.751,0.209229740600824
2.752,0.209114669497926
2.753,0.209000387531971
2.754,0.208886895998171
2.755,0.208774196185587
2.756,0.208662289377058
2.757,0.208551176849142
2.758,0.208440859872048
2.759,0.20833133970957
2.76,0.20822261761903
2.761,0.208114694851194
2.762,0.208007572650229
2.763,0.207901252253626
2.764,0.207795734892131
2.765,0.207691021789691
2.766,0.207587114163377
2.767,0.207484013223338
2.768,0.207381720172722
2.769,0.207280236207605
2.77,0.207179562516946
2.771,0.207079700282514
2.772,0.206980650678822
2.773,0.206882414873064
2.774,0.206784994025055
2.775,0.206688389287169
2.776,0.206592601804265
2.777,0.20649763271364
2.778,0.206403483144949
2.779,0.206310154220163
2.78,0.206217647053492
2.781,0.206125962751319
2.782,0.206035102412158
2.783,0.205945067126571
2.784,0.205855857977122
2.785,0.205767476038311
2.786,0.205679922376502
2.787,0.205593198049894
2.788,0.205507304108421
2.789,0.205422241593719
2.79,0.205338011539063
2.791,0.205254614969296
2.792,0.205172052900781
2.793,0.20509032634134
2.794,0.205009436290194
2.795,0.204929383737912
2.796,0.204850169666336
2.797,0.204771795048543
2.798,0.204694260848776
2.799,0.204617568022403
2.8,0.204541717515835
2.801,0.204466710266493
2.802,0.204392547202745
2.803,0.204319229243847
2.804,0.204246757299899
2.805,0.204175132271777
2.806,0.204104355051089
2.807,0.204034426520118
2.808,0.203965347551776
2.809,0.203897119009536
2.81,0.2038297417474
2.811,0.203763216609825
2.812,0.203697544431703
2.813,0.203632726038268
2.814,0.203568762245087
2.815,0.203505653857988
2.816,0.203443401673016
2.817,0.20338200647638
2.818,0.203321469044411
2.819,0.203261790143519
2.82,0.203202970530124
2.821,0.20314501095064
2.822,0.203087912141404
2.823,0.203031674828642
2.824,0.202976299728421
2.825,0.202921787546605
2.826,0.202868138978815
2.827,0.202815354710375
2.828,0.202763435416282
2.829,0.202712381761152
2.83,0.202662194399191
2.831,0.202612873974145
2.832,0.202564421119253
2.833,0.20251683645723
2.834,0.202470120600199
2.835,0.202424274149682
2.836,0.202379297696529
2.837,0.202335191820911
2.838,0.202291957092266
2.839,0.202249594069268
2.84,0.202208103299787
2.841,0.202167485320863
2.842,0.20212774065866
2.843,0.202088869828443
2.844,0.202050873334538
2.845,0.202013751670306
2.846,0.201977505318105
2.847,0.201942134749257
2.848,0.201907640424028
2.849,0.201874022791593
2.85,0.201841282290001
2.851,0.201809419346156
2.852,0.201778434375785
2.853,0.201748327783415
2.854,0.201719099962335
2.855,0.201690751294585
2.856,0.201663282150924
2.857,0.201636692890809
2.858,0.201610983862367
2.859,0.201586155402376
2.86,0.201562207836237
2.861,0.201539141477969
2.862,0.201516956630167
2.863,0.201495653583997
2.864,0.201475232619171
2.865,0.201455694003936
2.866,0.201437037995036
2.867,0.201419264837726
2.868,0.201402374765735
2.869,0.201386368001244
2.87,0.201371244754902
2.871,0.201357005225778
2.872,0.20134364960137
2.873,0.201331178057585
2.874,0.201319590758719
2.875,0.201308887857473
2.876,0.201299069494911
2.877,0.201290135800466
2.878,0.201282086891942
2.879,0.201274922875473
2.88,0.17281805493255
2.881,0.172634815126519
2.882,0.172451950483159
2.883,0.172269461776943
2.884,0.172087349783369
2.885,0.171905615278962
2.886,0.171724259041243
2.887,0.17154328184872
2.888,0.171362684480901
2.889,0.171182467718246
2.89,0.171002632342184
2.891,0.170823179135088
2.892,0.170644108880249
2.893,0.170465422361895
2.894,0.170287120365154
2.895,0.17010920367604
2.896,0.169931673081465
2.897,0.16975452936919
2.898,0.169577773327846
2.899,0.169401405746896
2.9,0.169225427416629
2.901,0.16904983912815
2.902,0.168874641673366
2.903,0.168699835844963
2.904,0.168525422436399
2.905,0.168351402241899
2.906,0.168177776056405
2.907,0.168004544675613
2.908,0.16783170889592
2.909,0.167659269514411
2.91,0.16748722732886
2.911,0.167315583137721
2.912,0.167144337740069
2.913,0.166973491935644
2.914,0.166803046524781
2.915,0.166633002308439
2.916,0.166463360088142
2.917,0.166294120666003
2.918,0.166125284844691
2.919,0.165956853427389
2.92,0.16578882721782
2.921,0.165621207020212
2.922,0.165453993639273
2.923,0.165287187880175
2.924,0.165120790548556
2.925,0.16495480245047
2.926,0.164789224392402
2.927,0.164624057181238
2.928,0.164459301624232
2.929,0.164294958529003
2.93,0.164131028703514
2.931,0.163967512956056
2.932,0.163804412095233
2.933,0.163641726929921
2.934,0.163479458269278
2.935,0.16331760692269
2.936,0.163156173699803
2.937,0.162995159410444
2.938,0.162834564864652
2.939,0.162674390872627
2.94,0.162514638244711
2.941,0.162355307791391
2.942,0.162196400323253
2.943,0.162037916650981
2.944,0.161879857585316
2.945,0.161722223937045
2.946,0.161565016517004
2.947,0.161408236136006
2.948,0.16125188360486
2.949,0.161095959734338
2.95,0.160940465335152
2.951,0.160785401217925
2.952,0.160630768193187
2.953,0.16047656707133
2.954,0.160322798662605
2.955,0.160169463777094
2.956,0.160016563224678
2.957,0.159864097815023
2.958,0.159712068357554
2.959,0.159560475661451
2.96,0.159409320535584
2.961,0.159258603788513
2.962,0.159108326228474
2.963,0.158958488663352
2.964,0.158809091900639
2.965,0.158660136747426
2.966,0.158511624010369
2.967,0.158363554495669
2.968,0.158215929009059
2.969,0.158068748355758
2.97,0.157922013340444
2.971,0.15777572476728
2.972,0.157629883439794
2.973,0.157484490160945
2.974,0.157339545733067
2.975,0.157195050957813
2.976,0.157051006636167
2.977,0.156907413568395
2.978,0.156764272554042
2.979,0.156621584391874
2.98,0.156479349879884
2.981,0.15633756981525
2.982,0.156196244994293
2.983,0.156055376212476
2.984,0.155914964264365
2.985,0.15577500994361
2.986,0.155635514042897
2.987,0.155496477353939
2.988,0.155357900667439
2.989,0.155219784773076
2.99,0.155082130459463
2.991,0.154944938514121
2.992,0.154808209723443
2.993,0.154671944872685
2.994,0.154536144745942
2.995,0.154400810126067
2.996,0.154265941794715
2.997,0.154131540532262
2.998,0.153997607117789
2.999,0.153864142329063
3,0.153731146942503
3.001,0.153598621733143
3.002,0.153466567474604
3.003,0.153334984939084
3.004,0.153203874897278
3.005,0.15307323811842
3.006,0.152943075370195
3.007,0.152813387418722
3.008,0.152684175028539
3.009,0.152555438962564
3.01,0.152427179982067
3.011,0.152299398846603
3.012,0.152172096314058
3.013,0.152045273140546
3.014,0.151918930080424
3.015,0.151793067886222
3.016,0.151667687308633
3.017,0.151542789096491
3.018,0.151418373996724
3.019,0.151294442754337
3.02,0.151170996112352
3.021,0.151048034811792
3.022,0.150925559591678
3.023,0.150803571188944
3.024,0.150682070338439
3.025,0.150561057772893
3.026,0.150440534222869
3.027,0.150320500416737
3.028,0.150200957080664
3.029,0.150081904938534
3.03,0.149963344711961
3.031,0.149845277120235
3.032,0.149727702880288
3.033,0.149610622706677
3.034,0.14949403731153
3.035,0.14937794740451
3.036,0.14926235369282
3.037,0.149147256881126
3.038,0.149032657671547
3.039,0.14891855676361
3.04,0.148804954854243
3.041,0.148691852637699
3.042,0.148579250805557
3.043,0.148467150046669
3.044,0.148355551047139
3.045,0.148244454490299
3.046,0.148133861056621
3.047,0.148023771423758
3.048,0.147914186266471
3.049,0.147805106256589
3.05,0.14769653206298
3.051,0.147588464351541
3.052,0.147480903785131
3.053,0.147373851023565
3.054,0.147267306723568
3.055,0.147161271538707
3.056,0.14705574611944
3.057,0.146950731112991
3.058,0.146846227163378
3.059,0.146742234911362
3.06,0.146638754994399
3.061,0.14653578804661
3.062,0.146433334698765
3.063,0.146331395578236
3.064,0.146229971308962
3.065,0.146129062511429
3.066,0.146028669802595
3.067,0.145928793795913
3.068,0.145829435101269
3.069,0.145730594324921
3.07,0.145632272069534
3.071,0.14553446893406
3.072,0.145437185513788
3.073,0.145340422400254
3.074,0.145244180181221
3.075,0.145148459440672
3.076,0.145053260758719
3.077,0.144958584711633
3.078,0.14486443187176
3.079,0.144770802807531
3.08,0.144677698083387
3.081,0.144585118259777
3.082,0.144493063893103
3.083,0.144401535535712
3.084,0.144310533735835
3.085,0.144220059037564
3.086,0.144130111980843
3.087,0.144040693101386
3.088,0.143951802930682
3.089,0.143863441995974
3.09,0.143775610820169
3.091,0.143688309921857
3.092,0.143601539815266
3.093,0.143515301010236
3.094,0.143429594012151
3.095,0.143344419321952
3.096,0.143259777436079
3.097,0.14317566884644
3.098,0.143092094040421
3.099,0.143009053500764
3.1,0.142926547705632
3.101,0.142844577128521
3.102,0.142763142238237
3.103,0.142682243498889
3.104,0.14260188136983
3.105,0.142522056305644
3.106,0.14244276875608
3.107,0.142364019166101
3.108,0.142285807975767
3.109,0.142208135620241
3.11,0.142131002529773
3.111,0.142054409129652
3.112,0.141978355840157
3.113,0.141902843076584
3.114,0.141827871249164
3.115,0.141753440763077
3.116,0.141679552018363
3.117,0.141606205409946
3.118,0.141533401327581
3.119,0.141461140155874
3.12,0.141389422274147
3.121,0.141318248056528
3.122,0.141247617871859
3.123,0.141177532083656
3.124,0.141107991050146
3.125,0.141038995124174
3.126,0.140970544653208
3.127,0.140902639979327
3.128,0.140835281439131
3.129,0.140768469363811
3.13,0.140702204079024
3.131,0.140636485904943
3.132,0.140571315156199
3.133,0.140506692141838
3.134,0.140442617165363
3.135,0.140379090524597
3.136,0.140316112511786
3.137,0.140253683413463
3.138,0.140191803510537
3.139,0.140130473078141
3.14,0.14006969238572
3.141,0.140009461696932
3.142,0.139949781269676
3.143,0.13989065135605
3.144,0.139832072202309
3.145,0.13977404404888
3.146,0.139716567130305
3.147,0.139659641675247
3.148,0.13960326790646
3.149,0.139547446040758
3.15,0.139492176289006
3.151,0.139437458856109
3.152,0.13938329394095
3.153,0.139329681736424
3.154,0.139276622429366
3.155,0.139224116200627
3.156,0.139172163224897
3.157,0.139120763670846
3.158,0.139069917700985
3.159,0.13901962547176
3.16,0.138969887133432
3.161,0.138920702830117
3.162,0.138872072699761
3.163,0.1388239968741
3.164,0.138776475478681
3.165,0.138729508632814
3.166,0.138683096449578
3.167,0.138637239035798
3.168,0.138591936492014
3.169,0.138547188912506
3.17,0.138502996385224
3.171,0.138459358991854
3.172,0.138416276807712
3.173,0.138373749901781
3.174,0.138331778336736
3.175,0.138290362168819
3.176,0.138249501447965
3.177,0.138209196217677
3.178,0.138169446515082
3.179,0.138130252370896
3.18,0.138091613809413
3.181,0.138053530848467
3.182,0.138016003499509
3.183,0.13797903176751
3.184,0.137942615650981
3.185,0.137906755141979
3.186,0.137871450226079
3.187,0.137836700882363
3.188,0.137802507083437
3.189,0.13776886879542
3.19,0.137735785977911
3.191,0.137703258583996
3.192,0.137671286560257
3.193,0.137639869846742
3.194,0.137609008376985
3.195,0.137578702077967
3.196,0.137548950870164
3.197,0.137519754667489
3.198,0.137491113377308
3.199,0.137463026900476
3.2,0.137435495131242
3.201,0.137408517957328
3.202,0.137382095259919
3.203,0.137356226913634
3.204,0.13733091278652
3.205,0.137306152740072
3.206,0.137281946629231
3.207,0.137258294302385
3.208,0.137235195601348
3.209,0.137212650361385
3.21,0.137190658411188
3.211,0.137169219572916
3.212,0.137148333662183
3.213,0.137128000488
3.214,0.137108219852885
3.215,0.137088991552787
3.216,0.137070315377103
3.217,0.137052191108702
3.218,0.137034618523932
3.219,0.137017597392588
3.22,0.137001127477957
3.221,0.136985208536786
3.222,0.136969840319345
3.223,0.136955022569344
3.224,0.136940755024052
3.225,0.136927037414186
3.226,0.136913869464057
3.227,0.136901250891383
3.228,0.136889181407526
3.229,0.136877660717303
3.23,0.136866688519123
3.231,0.13685626450495
3.232,0.136846388360281
3.233,0.136837059764222
3.234,0.136828278389472
3.235,0.136820043902288
3.236,0.136812355962566
3.237,0.136805214223821
3.238,0.136798618333181
3.239,0.136792567931458
3.24,0.136787062653074
3.241,0.136782102126155
3.242,0.136777685972497
3.243,0.136773813807585
3.244,0.136770485240638
3.245,0.136767699874614
3.246,0.136765457306166
3.247,0.136763757125731
3.248,0.136762598917522
3.249,0.136761982259536
3.25,0.136761906723568
3.251,0.136762371875237
3.252,0.136763377274035
3.253,0.136764922473255
3.254,0.136767007020104
3.255,0.136769630455664
3.256,0.136772792314934
3.257,0.136776492126825
3.258,0.136780729414234
3.259,0.136785503693996
3.26,0.136790814476945
3.261,0.13679666126794
3.262,0.136803043565829
3.263,0.136809960863528
3.264,0.136817412648044
3.265,0.136825398400456
3.266,0.136833917595966
3.267,0.136842969703911
3.268,0.136852554187764
3.269,0.136862670505231
3.27,0.136873318108175
3.271,0.136884496442698
3.272,0.136896204949164
3.273,0.136908443062233
3.274,0.136921210210816
3.275,0.13693450581817
3.276,0.136948329301913
3.277,0.136962680074036
3.278,0.136977557540896
3.279,0.136992961103347
3.28,0.137008890156597
3.281,0.13702534409044
3.282,0.137042322289088
3.283,0.137059824131312
3.284,0.137077848990465
3.285,0.13709639623445
3.286,0.137115465225803
3.287,0.137135055321706
3.288,0.137155165873993
3.289,0.137175796229198
3.29,0.137196945728606
3.291,0.137218613708223
3.292,0.137240799498844
3.293,0.137263502426113
3.294,0.137286721810479
3.295,0.137310456967276
3.296,0.137334707206727
3.297,0.137359471834029
3.298,0.13738475014931
3.299,0.137410541447663
3.3,0.137436845019282
3.301,0.137463660149337
3.302,0.137490986118163
3.303,0.137518822201144
3.304,0.137547167668857
3.305,0.137576021787039
3.306,0.137605383816664
3.307,0.137635253013921
3.308,0.137665628630296
3.309,0.137696509912609
3.31,0.13757203897939
3.311,0.13724610252709
3.312,0.136920166576362
3.313,0.136594231130789
3.314,0.136268296193992
3.315,0.135942361769652
3.316,0.135616427861438
3.317,0.135290494473088
3.318,0.134964561608377
3.319,0.134638629271095
3.32,0.134312697465097
3.321,0.133986766194255
3.322,0.133660835462475
3.323,0.133334905273711
3.324,0.133008975631967
3.325,0.132683046541265
3.326,0.13235711800568
3.327,0.132031190029329
3.328,0.131705262616344
3.329,0.131379335770931
3.33,0.131053409497327
3.331,0.130727483799811
3.332,0.130401558682683
3.333,0.130075634150329
3.334,0.129749710207143
3.335,0.129423786857583
3.336,0.129097864106141
3.337,0.128771941957351
3.338,0.128446020415813
3.339,0.128120099486162
3.34,0.127794179173064
3.341,0.127468259481273
3.342,0.127142340415547
3.343,0.126816421980719
3.344,0.126490504181658
3.345,0.126164587023304
3.346,0.125838670510625
3.347,0.125512754648665
3.348,0.125186839442492
3.349,0.124860924897248
3.35,0.124535011018124
3.351,0.124209097810347
3.352,0.123883185279239
3.353,0.12355727343014
3.354,0.123231362268462
3.355,0.122905451799687
3.356,0.122579542029325
3.357,0.122253632962969
3.358,0.121927724606261
3.359,0.121601816964909
3.36,0.121275910044691
3.361,0.120950003851414
3.362,0.12062409839098
3.363,0.120298193669359
3.364,0.119972289692553
3.365,0.119646386466661
3.366,0.119320483997827
3.367,0.118994582292269
3.368,0.118668681356293
3.369,0.118342781196241
3.37,0.118016881818539
3.371,0.117690983229702
3.372,0.117365085436284
3.373,0.117039188444937
3.374,0.116713292262389
3.375,0.116387396895425
3.376,0.116061502350915
3.377,0.115735608635807
3.378,0.115409715757126
3.379,0.115083823721989
3.38,0.114757932537558
3.381,0.114432042211124
3.382,0.114106152750035
3.383,0.113780264161718
3.384,0.113454376453701
3.385,0.113128489633592
3.386,0.112802603709085
3.387,0.112476718687946
3.388,0.112150834578082
3.389,0.111824951387445
3.39,0.111499069124092
3.391,0.111173187796179
3.392,0.110847307411964
3.393,0.110521427979791
3.394,0.11019554950809
3.395,0.10986967200543
3.396,0.109543795480458
3.397,0.109217919941902
3.398,0.108892045398648
3.399,0.108566171859636
3.4,0.10824029933395
3.401,0.10791442783077
3.402,0.10758855735937
3.403,0.107262687929171
3.404,0.106936819549692
3.405,0.106610952230549
3.406,0.106285085981524
3.407,0.105959220812461
3.408,0.105633356733378
3.409,0.10530749375438
3.41,0.104981631885712
3.411,0.104655771137755
3.412,0.104329911520997
3.413,0.104004053046074
3.414,0.103678195723771
3.415,0.103352339564961
3.416,0.103026484580696
3.417,0.102700630782154
3.418,0.102374778180674
3.419,0.1020489267877
3.42,0.10172307661486
3.421,0.101397227673907
3.422,0.101071379976769
3.423,0.100745533535499
3.424,0.100419688362331
3.425,0.100093844469656
3.426,0.0997680018700007
3.427,0.0994421605760988
3.428,0.0991163206008098
3.429,0.0987904819571981
3.43,0.0984646446584625
3.431,0.098138808718018
3.432,0.0978129741494222
3.433,0.0974871409664566
3.434,0.0971613091830382
3.435,0.0968354788132904
3.436,0.0965096498715525
3.437,0.0961838223723232
3.438,0.0958579963303233
3.439,0.0955321717604522
3.44,0.0952063486778238
3.441,0.0948805270977584
3.442,0.0945547070357892
3.443,0.0942288885076886
3.444,0.0939030715293939
3.445,0.0935772561170938
3.446,0.093251442287223
3.447,0.0929256300564035
3.448,0.0925998194415353
3.449,0.0922740104597149
3.45,0.0919482031283216
3.451,0.0916223974649529
3.452,0.0912965934874521
3.453,0.0909707912139644
3.454,0.0906449906628371
3.455,0.0903191918527197
3.456,0.0899933948025319
3.457,0.089667599531434
3.458,0.0893418060588987
3.459,0.0890160144046784
3.46,0.0886902245888008
3.461,0.0883644366316128
3.462,0.0880386505537445
3.463,0.0877128663761244
3.464,0.0873870841200227
3.465,0.0870613038069992
3.466,0.0867355254589532
3.467,0.0864097490981063
3.468,0.0860839747470262
3.469,0.0857582024286078
3.47,0.0854324321661111
3.471,0.0851066639831406
3.472,0.0847808979036717
3.473,0.0844551339520393
3.474,0.0841293721529677
3.475,0.0838036125315595
3.476,0.0834778551133037
3.477,0.0831520999241013
3.478,0.0828263469902449
3.479,0.0825005963384428
3.48,0.0821748479958596
3.481,0.0818491019900424
3.482,0.081523358349015
3.483,0.0811976171012283
3.484,0.0808718782756147
3.485,0.0805461419015503
3.486,0.0802204080089058
3.487,0.0798946766280197
3.488,0.0795689477897519
3.489,0.0792432215254544
3.49,0.0789174978669986
3.491,0.0785917768467785
3.492,0.0782660584977316
3.493,0.0779403428533592
3.494,0.0776146299477028
3.495,0.077288919815392
3.496,0.0769632124916309
3.497,0.0766375080122373
3.498,0.0763118064136178
3.499,0.0759861077328349
3.5,0.0756604120075568
3.501,0.0753347192761196
3.502,0.0750090295775099
3.503,0.0746833429514325
3.504,0.0743576594382421
3.505,0.074031979079011
3.506,0.0737063019155685
3.507,0.0733806279904679
3.508,0.0730549573470016
3.509,0.0727292900292521
3.51,0.0724036260821164
3.511,0.0720779655512631
3.512,0.0717523084832112
3.513,0.0714266549253347
3.514,0.071101004925853
3.515,0.0707753585338872
3.516,0.070449715799481
3.517,0.0701240767735662
3.518,0.0697984415080563
3.519,0.0694728100558255
3.52,0.0691471824707529
3.521,0.0688215588077353
3.522,0.0684959391226997
3.523,0.0681703234726408
3.524,0.0678447119156714
3.525,0.0675191045109932
3.526,0.0671935013189893
3.527,0.0668679024011858
3.528,0.066542307820332
3.529,0.0662167176403831
3.53,0.0658911319266052
3.531,0.0655655507455198
3.532,0.0652399741649984
3.533,0.0649144022542424
3.534,0.0645888350838881
3.535,0.0642632727259697
3.536,0.0639377152540139
3.537,0.0636121627430154
3.538,0.0632866152695556
3.539,0.0629610729117657
3.54,0.0626355357494163
3.541,0.0623100038639191
3.542,0.0619844773384429
3.543,0.0616589562578505
3.544,0.0613334407088632
3.545,0.0610079307800132
3.546,0.0606824265617366
3.547,0.0603569281464365
3.548,0.0600314356284957
3.549,0.0597059491043794
3.55,0.0593804686726292
3.551,0.0590549944339987
3.552,0.0587295264914444
3.553,0.0584040649502237
3.554,0.0580786099179542
3.555,0.0577531615046673
3.556,0.0574277198229195
3.557,0.0571022849877656
3.558,0.0567768571169765
3.559,0.0564514363309616
3.56,0.0561260227529781
3.561,0.0558006165091251
3.562,0.0554752177284495
3.563,0.0551498265430776
3.564,0.0548244430882352
3.565,0.0544990675023989
3.566,0.0541736999273349
3.567,0.053848340508268
3.568,0.0535229893939313
3.569,0.0531976467366971
3.57,0.0528723126926948
3.571,0.0525469874218952
3.572,0.0522216710882515
3.573,0.0518963638598497
3.574,0.0515710659089953
3.575,0.0512457774123592
3.576,0.0509204985511233
3.577,0.0505952295111351
3.578,0.0502699704830313
3.579,0.0499447216624273
3.58,0.0496194832500306
3.581,0.0492942554518678
3.582,0.0489690384794294
3.583,0.0486438325498302
3.584,0.0483186378860599
3.585,0.0479934547171108
3.586,0.0476682832782288
3.587,0.047343123811122
3.588,0.0470179765641598
3.589,0.0466928417926349
3.59,0.0463677197589736
3.591,0.0460426107330182
3.592,0.0457175149922939
3.593,0.0453924328222109
3.594,0.0450673645164551
3.595,0.0447423103772013
3.596,0.0444172707154756
3.597,0.0440922458514625
3.598,0.0437672361148184
3.599,0.0434422418450715
3.6,0.0431172633919765
3.601,0.0427923011158629
3.602,0.0424673553881177
3.603,0.0421424265915137
3.604,0.0418175151207321
3.605,0.0414926213827932
3.606,0.0411677457975311
3.607,0.0408428887981261
3.608,0.0405180508316078
3.609,0.040193232359448
3.61,0.0398684338581193
3.611,0.0395436558197373
3.612,0.0392188987526612
3.613,0.0388941631822026
3.614,0.0385694496513483
3.615,0.0382447587214626
3.616,0.0379200909731086
3.617,0.0375954470068723
3.618,0.0372708274441976
3.619,0.0369462329283327
3.62,0.0366216641252991
3.621,0.0362971217248444
3.622,0.0359726064415943
3.623,0.0356481190161098
3.624,0.0353236602161008
3.625,0.0349992308376863
3.626,0.0346748317066977
3.627,0.0343504636800898
3.628,0.0340261276474205
3.629,0.0337018245323554
3.63,0.0333775552944357
3.631,0.0330533209306909
3.632,0.032729122477581
3.633,0.032404961012926
3.634,0.0320808376579765
3.635,0.0317567535796162
3.636,0.0314327099927217
3.637,0.0311087081626364
3.638,0.0307847494077938
3.639,0.0304608351025448
3.64,0.0301369666801377
3.641,0.0298131456358774
3.642,0.0294893735305449
3.643,0.0291656519939464
3.644,0.0288419827288689
3.645,0.0285183675150431
3.646,0.0281948082136662
3.647,0.0278713067719987
3.648,0.0275478652284282
3.649,0.0272244857178201
3.65,0.0269011704772636
3.651,0.0265779218522615
3.652,0.0262547423033343
3.653,0.0259316344131109
3.654,0.0256086008939813
3.655,0.0252856445962946
3.656,0.024962768517226
3.657,0.0246399758102527
3.658,0.0243172697954897
3.659,0.0239946539707224
3.66,0.0236721320234104
3.661,0.0233497078436594
3.662,0.0230273855382149
3.663,0.0227051694457055
3.664,0.022383064153107
3.665,0.0220610745136625
3.666,0.0217392056663471
3.667,0.0214174630570787
3.668,0.0210958524617971
3.669,0.0207743800116822
3.67,0.0204530522206534
3.671,0.0201318760154997
3.672,0.019810858768788
3.673,0.0194900083350813
3.674,0.0191693330905787
3.675,0.0188488419767511
3.676,0.0185285445484212
3.677,0.0182084510267181
3.678,0.0178885723576061
3.679,0.0175689202765833
3.68,0.0172495073804456
3.681,0.0169303472068004
3.682,0.0166114543224851
3.683,0.0162928444221614
3.684,0.0159745344380633
3.685,0.0156565426627899
3.686,0.0153388888868198
3.687,0.0150215945526376
3.688,0.0147046829281181
3.689,0.014388179301787
3.69,0.0140721112032141
3.691,0.0137565086523419
3.692,0.0134414044422265
3.693,0.0131268344603069
3.694,0.0128128380543936
3.695,0.0124994584506442
3.696,0.0121867432319575
3.697,0.0118747448871661
3.698,0.0115635214428818
3.699,0.0112531371926198
3.7,0.0109436635402926
3.701,0.0106351799788022
3.702,0.0103277752285291
3.703,0.0100215485655537
3.704,0.00971661137556638
3.705,0.0094130889768917
3.706,0.00911112276512515
3.707,0.00881087274262297
3.708,0.00851252050943473
3.709,0.00821627280775544
3.71,0.00792236573068051
3.711,0.0076310697271778
3.712,0.00734269555971412
3.713,0.00705760139675583
3.714,0.00677620124844364
3.715,0.0064989749756761
3.716,0.00622648011326682
3.717,0
3.718,0
3.719,0
3.72,0
3.721,0
3.722,0
3.723,0
3.724,0
3.725,0
3.726,0
3.727,0
3.728,0
3.729,0
3.73,0
3.731,0
3.732,0
3.733,0
3.734,0
3.735,0
3.736,0
3.737,0
3.738,0
3.739,0
3.74,0
3.741,0
3.742,0
3.743,0
3.744,0
3.745,0
3.746,0
3.747,0
3.748,0
3.749,0
3.75,0
3.751,0
3.752,0
3.753,0
3.754,0
3.755,0
3.756,0
3.757,0
3.758,0
3.759,0
3.76,0
3.761,0
3.762,0
3.763,0
3.764,0
3.765,0
3.766,0
3.767,0
3.768,0
3.769,0
3.77,0
3.771,0
3.772,0
3.773,0
3.774,0
3.775,0
3.776,0
3.777,0
3.778,0
3.779,0
3.78,0
3.781,0
3.782,0
3.783,0
3.784,0
3.785,0
3.786,0
3.787,0
3.788,0
3.789,0
3.79,0
3.791,0
3.792,0
3.793,0
3.794,0
3.795,0
3.796,0
3.797,0
3.798,0
3.799,0
3.8,0
3.801,0
3.802,0
3.803,0
3.804,0
3.805,0
3.806,0
3.807,0
3.808,0
3.809,0
3.81,0
3.811,0
3.812,0
3.813,0
3.814,0
3.815,0
3.816,0
3.817,0
3.818,0
3.819,0
3.82,0
3.821,0
3.822,0
3.823,0
3.824,0
3.825,0
3.826,0
3.827,0
3.828,0
3.829,0
3.83,0
3.831,0
3.832,0
3.833,0
3.834,0
3.835,0
3.836,0
3.837,0
3.838,0
3.839,0
3.84,0
3.841,0
3.842,0
3.843,0
3.844,0
3.845,0
3.846,0
3.847,0
3.848,0
3.849,0
3.85,0
3.851,0
3.852,0
3.853,0
3.854,0
3.855,0
3.856,0
3.857,0
3.858,0
3.859,0
3.86,0
3.861,0
3.862,0
3.863,0
3.864,0
3.865,0
3.866,0
3.867,0
3.868,0
3.869,0
3.87,0
3.871,0
3.872,0
3.873,0
3.874,0
3.875,0
3.876,0
3.877,0
3.878,0
3.879,0
3.88,0
3.881,0
3.882,0
3.883,0
3.884,0
3.885,0
3.886,0
3.887,0
3.888,0
3.889,0
3.89,0
3.891,0
3.892,0
3.893,0
3.894,0
3.895,0
3.896,0
3.897,0
3.898,0
3.899,0
3.9,0
3.901,0
3.902,0
3.903,0
3.904,0
3.905,0
3.906,0
3.907,0
3.908,0
3.909,0
3.91,0
3.911,0
3.912,0
3.913,0
3.914,0
3.915,0
3.916,0
3.917,0
3.918,0
3.919,0
3.92,0
3.921,0
3.922,0
3.923,0
3.924,0
3.925,0
3.926,0
3.927,0
3.928,0
3.929,0
3.93,0
3.931,0
3.932,0
3.933,0
3.934,0
3.935,0
3.936,0
3.937,0
3.938,0
3.939,0
3.94,0
3.941,0
3.942,0
3.943,0
3.944,0
3.945,0
3.946,0
3.947,0
3.948,0
3.949,0
3.95,0
3.951,0
3.952,0
3.953,0
3.954,0
3.955,0
3.956,0
3.957,0
3.958,0
3.959,0
3.96,0
3.961,0
3.962,0
3.963,0
3.964,0
3.965,0
3.966,0
3.967,0
3.968,0
3.969,0
3.97,0
3.971,0
3.972,0
3.973,0
3.974,0
3.975,0
3.976,0
3.977,0
3.978,0
3.979,0
3.98,0
3.981,0
3.982,0
3.983,0
3.984,0
3.985,0
3.986,0
3.987,0
3.988,0
3.989,0
3.99,0
3.991,0
3.992,0
3.993,0
3.994,0
3.995,0
3.996,0
3.997,0
3.998,0
3.999,0
4,0
4.001,0
4.002,0
4.003,0
4.004,0
4.005,0
4.006,0
4.007,0
4.008,0
4.009,0
4.01,0
4.011,0
4.012,0
4.013,0
4.014,0
4.015,0
4.016,0
4.017,0
4.018,0
4.019,0
4.02,0
4.021,0
4.022,0
4.023,0
4.024,0
4.025,0
4.026,0
4.027,0
4.028,0
4.029,0
4.03,0
4.031,0
4.032,0
4.033,0
4.034,0
4.035,0
4.036,0
4.037,0
4.038,0
4.039,0
4.04,0
4.041,0
4.042,0
4.043,0
4.044,0
4.045,0
4.046,0
4.047,0
4.048,0
4.049,0
4.05,0
4.051,0
4.052,0
4.053,0
4.054,0
4.055,0
4.056,0
4.057,0
4.058,0
4.059,0
4.06,0
4.061,0
4.062,0
4.063,0
4.064,0
4.065,0
4.066,0
4.067,0
4.068,0
4.069,0
4.07,0
4.071,0
4.072,0
4.073,0
4.074,0
4.075,0
4.076,0
4.077,0
4.078,0
4.079,0
4.08,0
4.081,0
4.082,0
4.083,0
4.084,0
4.085,0
4.086,0
4.087,0
4.088,0
4.089,0
4.09,0
4.091,0
4.092,0
4.093,0
4.094,0
4.095,0
4.096,0
4.097,0
4.098,0
4.099,0
4.1,0
4.101,0
4.102,0
4.103,0
4.104,0
4.105,0
4.106,0
4.107,0
4.108,0
4.109,0
4.11,0
4.111,0
4.112,0
4.113,0
4.114,0
4.115,0
4.116,0
4.117,0
4.118,0
4.119,0
4.12,0
4.121,0
4.122,0
4.123,0
4.124,0
4.125,0
4.126,0
4.127,0
4.128,0
4.129,0
4.13,0
4.131,0
4.132,0
4.133,0
4.134,0
4.135,0
4.136,0
4.137,0
4.138,0
4.139,0
4.14,0
4.141,0
4.142,0
4.143,0
4.144,0
4.145,0
4.146,0
4.147,0
4.148,0
4.149,0
4.15,0
4.151,0
4.152,0
4.153,0
4.154,0
4.155,0
4.156,0
4.157,0
4.158,0
4.159,0
4.16,0
4.161,0
4.162,0
4.163,0
4.164,0
4.165,0
4.166,0
4.167,0
4.168,0
4.169,0
4.17,0
4.171,0
4.172,0
4.173,0
4.174,0
4.175,0
4.176,0
4.177,0
4.178,0
4.179,0
4.18,0
4.181,0
4.182,0
4.183,0
4.184,0
4.185,0
4.186,0
4.187,0
4.188,0
4.189,0
4.19,0
4.191,0
4.192,0
4.193,0
4.194,0
4.195,0
4.196,0
4.197,0
4.198,0
4.199,0
4.2,0
4.201,0
4.202,0
4.203,0
4.204,0
4.205,0
4.206,0
4.207,0
4.208,0
4.209,0
4.21,0
4.211,0
4.212,0
4.213,0
4.214,0
4.215,0
4.216,0
4.217,0
4.218,0
4.219,0
4.22,0
4.221,0
4.222,0
4.223,0
4.224,0
4.225,0
4.226,0
4.227,0
4.228,0
4.229,0
4.23,0
4.231,0
4.232,0
4.233,0
4.234,0
4.235,0
4.236,0
4.237,0
4.238,0
4.239,0
4.24,0
4.241,0
4.242,0
4.243,0
4.244,0
4.245,0
4.246,0
4.247,0
4.248,0
4.249,0
4.25,0
4.251,0
4.252,0
4.253,0
4.254,0
4.255,0
4.256,0
4.257,0
4.258,0
4.259,0
4.26,0
4.261,0
4.262,0
4.263,0
4.264,0
4.265,0
4.266,0
4.267,0
4.268,0
4.269,0
4.27,0
4.271,0
4.272,0
4.273,0
4.274,0
4.275,0
4.276,0
4.277,0
4.278,0
4.279,0
4.28,0
4.281,0
4.282,0
4.283,0
4.284,0
4.285,0
4.286,0
4.287,0
4.288,0
4.289,0
4.29,0
4.291,0
4.292,0
4.293,0
4.294,0
4.295,0
4.296,0
4.297,0
4.298,0
4.299,0
4.3,0
4.301,0
4.302,0
4.303,0
4.304,0
4.305,0
4.306,0
4.307,0
4.308,0
4.309,0
4.31,0
4.311,0
4.312,0
4.313,0
4.314,0
4.315,0
4.316,0
4.317,0
4.318,0
4.319,0
4.32,0
4.321,0
4.322,0
4.323,0
4.324,0
4.325,0
4.326,0
4.327,0
4.328,0
4.329,0
4.33,0
4.331,0
4.332,0
4.333,0
4.334,0
4.335,0
4.336,0
4.337,0
4.338,0
4.339,0
4.34,0
4.341,0
4.342,0
4.343,0
4.344,0
4.345,0
4.346,0
4.347,0
4.348,0
4.349,0
4.35,0
4.351,0
4.352,0
4.353,0
4.354,0
4.355,0
4.356,0
4.357,0
4.358,0
4.359,0
4.36,0
4.361,0
4.362,0
4.363,0
4.364,0
4.365,0
4.366,0
4.367,0
4.368,0
4.369,0
4.37,0
4.371,0
4.372,0
4.373,0
4.374,0
4.375,0
4.376,0
4.377,0
4.378,0
4.379,0
4.38,0
4.381,0
4.382,0
4.383,0
4.384,0
4.385,0
4.386,0
4.387,0
4.388,0
4.389,0
4.39,0
4.391,0
4.392,0
4.393,0
4.394,0
4.395,0
4.396,0
4.397,0
4.398,0
4.399,0
4.4,0
4.401,0
4.402,0
4.403,0
4.404,0
4.405,0
4.406,0
4.407,0
4.408,0
4.409,0
4.41,0
4.411,0
4.412,0
4.413,0
4.414,0
4.415,0
4.416,0
4.417,0
4.418,0
4.419,0
4.42,0
4.421,0
4.422,0
4.423,0
4.424,0
4.425,0
4.426,0
4.427,0
4.428,0
4.429,0
4.43,0
4.431,0
4.432,0
4.433,0
4.434,0
4.435,0
4.436,0
4.437,0
4.438,0
4.439,0
4.44,0
4.441,0
4.442,0
4.443,0
4.444,0
4.445,0
4.446,0
4.447,0
4.448,0
4.449,0
4.45,0
4.451,0
4.452,0
4.453,0
4.454,0
4.455,0
4.456,0
4.457,0
4.458,0
4.459,0
4.46,0
4.461,0
4.462,0
4.463,0
4.464,0
4.465,0
4.466,0
4.467,0
4.468,0
4.469,0
4.47,0
4.471,0
4.472,0
4.473,0
4.474,0
4.475,0
4.476,0
4.477,0
4.478,0
4.479,0
4.48,0
4.481,0
4.482,0
4.483,0
4.484,0
4.485,0
4.486,0
4.487,0
4.488,0
4.489,0
4.49,0
4.491,0
4.492,0
4.493,0
4.494,0
4.495,0
4.496,0
4.497,0
4.498,0
4.499,0
4.5,0
4.501,0
4.502,0
4.503,0
4.504,0
4.505,0
4.506,0
4.507,0
4.508,0
4.509,0
4.51,0
4.511,0
4.512,0
4.513,0
4.514,0
4.515,0
4.516,0
4.517,0
4.518,0
4.519,0
4.52,0
4.521,0
4.522,0
4.523,0
4.524,0
4.525,0
4.526,0
4.527,0
4.528,0
4.529,0
4.53,0
4.531,0
4.532,0
4.533,0
4.534,0
4.535,0
4.536,0
4.537,0
4.538,0
4.539,0
4.54,0
4.541,0
4.542,0
4.543,0
4.544,0
4.545,0
4.546,0
4.547,0
4.548,0
4.549,0
4.55,0
4.551,0
4.552,0
4.553,0
4.554,0
4.555,0
4.556,0
4.557,0
4.558,0
4.559,0
4.56,0
4.561,0
4.562,0
4.563,0
4.564,0
4.565,0
4.566,0
4.567,0
4.568,0
4.569,0
4.57,0
4.571,0
4.572,0
4.573,0
4.574,0
4.575,0
4.576,0
4.577,0
4.578,0
4.579,0
4.58,0
4.581,0
4.582,0
4.583,0
4.584,0
4.585,0
4.586,0
4.587,0
4.588,0
4.589,0
4.59,0
4.591,0
4.592,0
4.593,0
4.594,0
4.595,0
4.596,0
4.597,0
4.598,0
4.599,0
4.6,0
4.601,0
4.602,0
4.603,0
4.604,0
4.605,0
4.606,0
4.607,0
4.608,0
4.609,0
4.61,0
4.611,0
4.612,0
4.613,0
4.614,0
4.615,0
4.616,0
4.617,0
4.618,0
4.619,0
4.62,0
4.621,0
4.622,0
4.623,0
4.624,0
4.625,0
4.626,0
4.627,0
4.628,0
4.629,0
4.63,0
4.631,0
4.632,0
4.633,0
4.634,0
4.635,0
4.636,0
4.637,0
4.638,0
4.639,0
4.64,0
4.641,0
4.642,0
4.643,0
4.644,0
4.645,0
4.646,0
4.647,0
4.648,0
4.649,0
4.65,0
4.651,0
4.652,0
4.653,0
4.654,0
4.655,0
4.656,0
4.657,0
4.658,0
4.659,0
4.66,0
4.661,0
4.662,0
4.663,0
4.664,0
4.665,0
4.666,0
4.667,0
4.668,0
4.669,0
4.67,0
4.671,0
4.672,0
4.673,0
4.674,0
4.675,0
4.676,0
4.677,0
4.678,0
4.679,0
4.68,0
4.681,0
4.682,0
4.683,0
4.684,0
4.685,0
4.686,0
4.687,0
4.688,0
4.689,0
4.69,0
4.691,0
4.692,0
4.693,0
4.694,0
4.695,0
4.696,0
4.697,0
4.698,0
4.699,0
4.7,0
4.701,0
4.702,0
4.703,0
4.704,0
4.705,0
4.706,0
4.707,0
4.708,0
4.709,0
4.71,0
4.711,0
4.712,0
4.713,0
4.714,0
4.715,0
4.716,0
4.717,0
4.718,0
4.719,0
4.72,0
4.721,0
4.722,0
4.723,0
4.724,0
4.725,0
4.726,0
4.727,0
4.728,0
4.729,0
4.73,0
4.731,0
4.732,0
4.733,0
4.734,0
4.735,0
4.736,0
4.737,0
4.738,0
4.739,0
4.74,0
4.741,0
4.742,0
4.743,0
4.744,0
4.745,0
4.746,0
4.747,0
4.748,0
4.749,0
4.75,0
4.751,0
4.752,0
4.753,0
4.754,0
4.755,0
4.756,0
4.757,0
4.758,0
4.759,0
4.76,0
4.761,0
4.762,0
4.763,0
4.764,0
4.765,0
4.766,0
4.767,0
4.768,0
4.769,0
4.77,0
4.771,0
4.772,0
4.773,0
4.774,0
4.775,0
4.776,0
4.777,0
4.778,0
4.779,0
4.78,0
4.781,0
4.782,0
4.783,0
4.784,0
4.785,0
4.786,0
4.787,0
4.788,0
4.789,0
4.79,0
4.791,0
4.792,0
4.793,0
4.794,0
4.795,0
4.796,0
4.797,0
4.798,0
4.799,0
4.8,0
4.801,0
4.802,0
4.803,0
4.804,0
4.805,0
4.806,0
4.807,0
4.808,0
4.809,0
4.81,0
4.811,0
4.812,0
4.813,0
4.814,0
4.815,0
4.816,0
4.817,0
4.818,0
4.819,0
4.82,0
4.821,0
4.822,0
4.823,0
4.824,0
4.825,0
4.826,0
4.827,0
4.828,0
4.829,0
4.83,0
4.831,0
4.832,0
4.833,0
4.834,0
4.835,0
4.836,0
4.837,0
4.838,0
4.839,0
4.84,0
4.841,0
4.842,0
4.843,0
4.844,0
4.845,0
4.846,0
4.847,0
4.848,0
4.849,0
4.85,0
4.851,0
4.852,0
4.853,0
4.854,0
4.855,0
4.856,0
4.857,0
4.858,0
4.859,0
4.86,0
4.861,0
4.862,0
4.863,0
4.864,0
4.865,0
4.866,0
4.867,0
4.868,0
4.869,0
4.87,0
4.871,0
4.872,0
4.873,0
4.874,0
4.875,0
4.876,0
4.877,0
4.878,0
4.879,0
4.88,0
4.881,0
4.882,0
4.883,0
4.884,0
4.885,0
4.886,0
4.887,0
4.888,0
4.889,0
4.89,0
4.891,0
4.892,0
4.893,0
4.894,0
4.895,0
4.896,0
4.897,0
4.898,0
4.899,0
4.9,0
4.901,0
4.902,0
4.903,0
4.904,0
4.905,0
4.906,0
4.907,0
4.908,0
4.909,0
4.91,0
4.911,0
4.912,0
4.913,0
4.914,0
4.915,0
4.916,0
4.917,0
4.918,0
4.919,0
4.92,0
4.921,0
4.922,0
4.923,0
4.924,0
4.925,0
4.926,0
4.927,0
4.928,0
4.929,0
4.93,0
4.931,0
4.932,0
4.933,0
4.934,0
4.935,0
4.936,0
4.937,0
4.938,0
4.939,0
4.94,0
4.941,0
4.942,0
4.943,0
4.944,0
4.945,0
4.946,0
4.947,0
4.948,0
4.949,0
4.95,0
4.951,0
4.952,0
4.953,0
4.954,0
4.955,0
4.956,0
4.957,0
4.958,0
4.959,0
4.96,0
4.961,0
4.962,0
4.963,0
4.964,0
4.965,0
4.966,0
4.967,0
4.968,0
4.969,0
4.97,0
4.971,0
4.972,0
4.973,0
4.974,0
4.975,0
4.976,0
4.977,0
4.978,0
4.979,0
4.98,0
4.981,0
4.982,0
4.983,0
4.984,0
4.985,0
4.986,0
4.987,0
4.988,0
4.989,0
4.99,0
4.991,0
4.992,0
4.993,0
4.994,0
4.995,0
4.996,0
4.997,0
4.998,0
4.999,0
5,0
5.001,0
